"DEBUG"	3004	"2026-07-16 00:32:17.998"	"Application::InitInstance - Configuration loaded."
"DEBUG"	3004	"2026-07-16 00:32:18.014"	"Creating work queue Asynchronous task queue"
"DEBUG"	3004	"2026-07-16 00:32:18.014"	"Starting work queue Asynchronous task queue"
"DEBUG"	3004	"2026-07-16 00:32:18.014"	"Started work queue Asynchronous task queue"
"APPLICATION"	3004	"2026-07-16 00:32:18.014"	"Starting servers..."
"DEBUG"	3580	"2026-07-16 00:32:18.045"	"Running worker in work queue Asynchronous task queue"
"DEBUG"	3584	"2026-07-16 00:32:18.061"	"Running worker in work queue Asynchronous task queue"
"DEBUG"	3588	"2026-07-16 00:32:18.061"	"Running worker in work queue Asynchronous task queue"
"DEBUG"	3592	"2026-07-16 00:32:18.061"	"Running worker in work queue Asynchronous task queue"
"DEBUG"	3004	"2026-07-16 00:32:18.061"	"Creating work queue Server queue"
"DEBUG"	3004	"2026-07-16 00:32:18.061"	"Starting work queue Server queue"
"DEBUG"	3004	"2026-07-16 00:32:18.061"	"Started work queue Server queue"
"DEBUG"	3004	"2026-07-16 00:32:18.061"	"Adding task Scheduler to work queue Server queue"
"DEBUG"	3600	"2026-07-16 00:32:18.061"	"Running worker in work queue Asynchronous task queue"
"DEBUG"	3604	"2026-07-16 00:32:18.061"	"Running worker in work queue Asynchronous task queue"
"DEBUG"	3608	"2026-07-16 00:32:18.061"	"Running worker in work queue Asynchronous task queue"
"DEBUG"	3596	"2026-07-16 00:32:18.061"	"Running worker in work queue Asynchronous task queue"
"DEBUG"	3628	"2026-07-16 00:32:18.061"	"Running worker in work queue Asynchronous task queue"
"DEBUG"	3620	"2026-07-16 00:32:18.061"	"Running worker in work queue Asynchronous task queue"
"DEBUG"	3616	"2026-07-16 00:32:18.061"	"Running worker in work queue Asynchronous task queue"
"DEBUG"	3624	"2026-07-16 00:32:18.061"	"Running worker in work queue Asynchronous task queue"
"DEBUG"	3632	"2026-07-16 00:32:18.061"	"Running worker in work queue Asynchronous task queue"
"DEBUG"	3612	"2026-07-16 00:32:18.061"	"Running worker in work queue Asynchronous task queue"
"DEBUG"	3636	"2026-07-16 00:32:18.061"	"Running worker in work queue Asynchronous task queue"
"DEBUG"	3004	"2026-07-16 00:32:18.061"	"Adding task IOService to work queue Server queue"
"DEBUG"	3004	"2026-07-16 00:32:18.061"	"Creating work queue SMTP delivery queue"
"DEBUG"	3004	"2026-07-16 00:32:18.061"	"Starting work queue SMTP delivery queue"
"DEBUG"	3004	"2026-07-16 00:32:18.061"	"Started work queue SMTP delivery queue"
"DEBUG"	3004	"2026-07-16 00:32:18.061"	"Adding task SMTPDeliveryManager to work queue Server queue"
"DEBUG"	3004	"2026-07-16 00:32:18.061"	"Creating work queue External fetch queue"
"DEBUG"	3004	"2026-07-16 00:32:18.061"	"Starting work queue External fetch queue"
"DEBUG"	3004	"2026-07-16 00:32:18.061"	"Started work queue External fetch queue"
"DEBUG"	3004	"2026-07-16 00:32:18.061"	"Adding task ExternalFetchManager to work queue Server queue"
"DEBUG"	3660	"2026-07-16 00:32:18.092"	"Running worker in work queue Server queue"
"DEBUG"	3660	"2026-07-16 00:32:18.092"	"Executing task Scheduler in work queue Server queue"
"DEBUG"	3668	"2026-07-16 00:32:18.092"	"Running worker in work queue Server queue"
"DEBUG"	3668	"2026-07-16 00:32:18.092"	"Executing task IOService in work queue Server queue"
"DEBUG"	3668	"2026-07-16 00:32:18.092"	"IOService::Start()"
"DEBUG"	3664	"2026-07-16 00:32:18.092"	"Running worker in work queue Server queue"
"DEBUG"	3664	"2026-07-16 00:32:18.092"	"Executing task SMTPDeliveryManager in work queue Server queue"
"DEBUG"	3664	"2026-07-16 00:32:18.092"	"SMTPDeliveryManager::Start()"
"DEBUG"	3672	"2026-07-16 00:32:18.092"	"Running worker in work queue Server queue"
"DEBUG"	3672	"2026-07-16 00:32:18.092"	"Executing task ExternalFetchManager in work queue Server queue"
"DEBUG"	3672	"2026-07-16 00:32:18.092"	"ExternalFetchManager::Start()"
"APPLICATION"	3004	"2026-07-16 00:32:18.092"	"Servers started."
"DEBUG"	3680	"2026-07-16 00:32:18.092"	"Running worker in work queue SMTP delivery queue"
"DEBUG"	3712	"2026-07-16 00:32:18.092"	"Running worker in work queue SMTP delivery queue"
"DEBUG"	3692	"2026-07-16 00:32:18.092"	"Running worker in work queue SMTP delivery queue"
"DEBUG"	3684	"2026-07-16 00:32:18.092"	"Running worker in work queue SMTP delivery queue"
"DEBUG"	3696	"2026-07-16 00:32:18.092"	"Running worker in work queue SMTP delivery queue"
"DEBUG"	3700	"2026-07-16 00:32:18.092"	"Running worker in work queue SMTP delivery queue"
"DEBUG"	3704	"2026-07-16 00:32:18.092"	"Running worker in work queue SMTP delivery queue"
"DEBUG"	3708	"2026-07-16 00:32:18.092"	"Running worker in work queue SMTP delivery queue"
"DEBUG"	3688	"2026-07-16 00:32:18.092"	"Running worker in work queue SMTP delivery queue"
"DEBUG"	3716	"2026-07-16 00:32:18.092"	"Running worker in work queue SMTP delivery queue"
"DEBUG"	3720	"2026-07-16 00:32:18.092"	"Running worker in work queue External fetch queue"
"DEBUG"	3724	"2026-07-16 00:32:18.092"	"Running worker in work queue External fetch queue"
"DEBUG"	3728	"2026-07-16 00:32:18.092"	"Running worker in work queue External fetch queue"
"DEBUG"	3732	"2026-07-16 00:32:18.092"	"Running worker in work queue External fetch queue"
"DEBUG"	3736	"2026-07-16 00:32:18.092"	"Running worker in work queue External fetch queue"
"DEBUG"	3740	"2026-07-16 00:32:18.092"	"Running worker in work queue External fetch queue"
"DEBUG"	3744	"2026-07-16 00:32:18.092"	"Running worker in work queue External fetch queue"
"DEBUG"	3748	"2026-07-16 00:32:18.092"	"Running worker in work queue External fetch queue"
"DEBUG"	3752	"2026-07-16 00:32:18.092"	"Running worker in work queue External fetch queue"
"DEBUG"	3756	"2026-07-16 00:32:18.092"	"Running worker in work queue External fetch queue"
"DEBUG"	3760	"2026-07-16 00:32:18.092"	"Running worker in work queue External fetch queue"
"DEBUG"	3764	"2026-07-16 00:32:18.092"	"Running worker in work queue External fetch queue"
"DEBUG"	3768	"2026-07-16 00:32:18.092"	"Running worker in work queue External fetch queue"
"DEBUG"	3772	"2026-07-16 00:32:18.092"	"Running worker in work queue External fetch queue"
"DEBUG"	3776	"2026-07-16 00:32:18.092"	"Running worker in work queue External fetch queue"
"DEBUG"	3668	"2026-07-16 00:32:18.107"	"Creating session 1"
"DEBUG"	3668	"2026-07-16 00:32:18.107"	"Creating session 2"
"DEBUG"	3668	"2026-07-16 00:32:18.107"	"Creating session 3"
"DEBUG"	3668	"2026-07-16 00:32:18.107"	"Creating session 4"
"DEBUG"	3668	"2026-07-16 00:32:18.107"	"Creating work queue IOCPQueue"
"DEBUG"	3668	"2026-07-16 00:32:18.107"	"Starting work queue IOCPQueue"
"DEBUG"	3668	"2026-07-16 00:32:18.107"	"Started work queue IOCPQueue"
"DEBUG"	3668	"2026-07-16 00:32:18.107"	"Adding task IOCPQueueWorkerTask to work queue IOCPQueue"
"DEBUG"	3668	"2026-07-16 00:32:18.123"	"Adding task IOCPQueueWorkerTask to work queue IOCPQueue"
"DEBUG"	3668	"2026-07-16 00:32:18.123"	"Adding task IOCPQueueWorkerTask to work queue IOCPQueue"
"DEBUG"	3668	"2026-07-16 00:32:18.123"	"Adding task IOCPQueueWorkerTask to work queue IOCPQueue"
"DEBUG"	3668	"2026-07-16 00:32:18.123"	"Adding task IOCPQueueWorkerTask to work queue IOCPQueue"
"DEBUG"	3668	"2026-07-16 00:32:18.123"	"Adding task IOCPQueueWorkerTask to work queue IOCPQueue"
"DEBUG"	3668	"2026-07-16 00:32:18.123"	"Adding task IOCPQueueWorkerTask to work queue IOCPQueue"
"DEBUG"	3668	"2026-07-16 00:32:18.123"	"Adding task IOCPQueueWorkerTask to work queue IOCPQueue"
"DEBUG"	3668	"2026-07-16 00:32:18.123"	"Adding task IOCPQueueWorkerTask to work queue IOCPQueue"
"DEBUG"	3668	"2026-07-16 00:32:18.123"	"Adding task IOCPQueueWorkerTask to work queue IOCPQueue"
"DEBUG"	3668	"2026-07-16 00:32:18.123"	"Adding task IOCPQueueWorkerTask to work queue IOCPQueue"
"DEBUG"	3668	"2026-07-16 00:32:18.123"	"Adding task IOCPQueueWorkerTask to work queue IOCPQueue"
"DEBUG"	3668	"2026-07-16 00:32:18.123"	"Adding task IOCPQueueWorkerTask to work queue IOCPQueue"
"DEBUG"	3668	"2026-07-16 00:32:18.123"	"Adding task IOCPQueueWorkerTask to work queue IOCPQueue"
"DEBUG"	3668	"2026-07-16 00:32:18.123"	"Adding task IOCPQueueWorkerTask to work queue IOCPQueue"
"DEBUG"	3804	"2026-07-16 00:32:18.123"	"Running worker in work queue IOCPQueue"
"DEBUG"	3808	"2026-07-16 00:32:18.123"	"Running worker in work queue IOCPQueue"
"DEBUG"	3840	"2026-07-16 00:32:18.123"	"Running worker in work queue IOCPQueue"
"DEBUG"	3856	"2026-07-16 00:32:18.123"	"Running worker in work queue IOCPQueue"
"DEBUG"	3820	"2026-07-16 00:32:18.123"	"Running worker in work queue IOCPQueue"
"DEBUG"	3824	"2026-07-16 00:32:18.123"	"Running worker in work queue IOCPQueue"
"DEBUG"	3824	"2026-07-16 00:32:18.123"	"Executing task IOCPQueueWorkerTask in work queue IOCPQueue"
"DEBUG"	3828	"2026-07-16 00:32:18.123"	"Running worker in work queue IOCPQueue"
"DEBUG"	3832	"2026-07-16 00:32:18.123"	"Running worker in work queue IOCPQueue"
"DEBUG"	3836	"2026-07-16 00:32:18.123"	"Running worker in work queue IOCPQueue"
"DEBUG"	3836	"2026-07-16 00:32:18.139"	"Executing task IOCPQueueWorkerTask in work queue IOCPQueue"
"DEBUG"	3808	"2026-07-16 00:32:18.123"	"Executing task IOCPQueueWorkerTask in work queue IOCPQueue"
"DEBUG"	3844	"2026-07-16 00:32:18.123"	"Running worker in work queue IOCPQueue"
"DEBUG"	3844	"2026-07-16 00:32:18.139"	"Executing task IOCPQueueWorkerTask in work queue IOCPQueue"
"DEBUG"	3848	"2026-07-16 00:32:18.123"	"Running worker in work queue IOCPQueue"
"DEBUG"	3848	"2026-07-16 00:32:18.139"	"Executing task IOCPQueueWorkerTask in work queue IOCPQueue"
"DEBUG"	3816	"2026-07-16 00:32:18.123"	"Running worker in work queue IOCPQueue"
"DEBUG"	3816	"2026-07-16 00:32:18.139"	"Executing task IOCPQueueWorkerTask in work queue IOCPQueue"
"DEBUG"	3840	"2026-07-16 00:32:18.123"	"Executing task IOCPQueueWorkerTask in work queue IOCPQueue"
"DEBUG"	3860	"2026-07-16 00:32:18.123"	"Running worker in work queue IOCPQueue"
"DEBUG"	3860	"2026-07-16 00:32:18.139"	"Executing task IOCPQueueWorkerTask in work queue IOCPQueue"
"DEBUG"	3856	"2026-07-16 00:32:18.123"	"Executing task IOCPQueueWorkerTask in work queue IOCPQueue"
"DEBUG"	3820	"2026-07-16 00:32:18.123"	"Executing task IOCPQueueWorkerTask in work queue IOCPQueue"
"DEBUG"	3804	"2026-07-16 00:32:18.123"	"Executing task IOCPQueueWorkerTask in work queue IOCPQueue"
"DEBUG"	3828	"2026-07-16 00:32:18.139"	"Executing task IOCPQueueWorkerTask in work queue IOCPQueue"
"DEBUG"	3832	"2026-07-16 00:32:18.139"	"Executing task IOCPQueueWorkerTask in work queue IOCPQueue"
"DEBUG"	3812	"2026-07-16 00:32:18.123"	"Running worker in work queue IOCPQueue"
"DEBUG"	3812	"2026-07-16 00:32:18.139"	"Executing task IOCPQueueWorkerTask in work queue IOCPQueue"
"DEBUG"	3852	"2026-07-16 00:32:18.123"	"Running worker in work queue IOCPQueue"
"DEBUG"	2848	"2026-07-16 00:44:01.206"	"Application::InitInstance - Configuration loaded."
"DEBUG"	2848	"2026-07-16 00:44:01.206"	"Creating work queue Asynchronous task queue"
"DEBUG"	2848	"2026-07-16 00:44:01.206"	"Starting work queue Asynchronous task queue"
"DEBUG"	2848	"2026-07-16 00:44:01.206"	"Started work queue Asynchronous task queue"
"APPLICATION"	2848	"2026-07-16 00:44:01.206"	"Starting servers..."
"DEBUG"	2848	"2026-07-16 00:44:01.222"	"Creating work queue Server queue"
"DEBUG"	2848	"2026-07-16 00:44:01.222"	"Starting work queue Server queue"
"DEBUG"	2848	"2026-07-16 00:44:01.222"	"Started work queue Server queue"
"DEBUG"	2848	"2026-07-16 00:44:01.222"	"Adding task Scheduler to work queue Server queue"
"DEBUG"	2848	"2026-07-16 00:44:01.222"	"Adding task IOService to work queue Server queue"
"DEBUG"	2848	"2026-07-16 00:44:01.222"	"Creating work queue SMTP delivery queue"
"DEBUG"	2848	"2026-07-16 00:44:01.222"	"Starting work queue SMTP delivery queue"
"DEBUG"	2848	"2026-07-16 00:44:01.222"	"Started work queue SMTP delivery queue"
"DEBUG"	2848	"2026-07-16 00:44:01.222"	"Adding task SMTPDeliveryManager to work queue Server queue"
"DEBUG"	2848	"2026-07-16 00:44:01.222"	"Creating work queue External fetch queue"
"DEBUG"	2848	"2026-07-16 00:44:01.222"	"Starting work queue External fetch queue"
"DEBUG"	2848	"2026-07-16 00:44:01.222"	"Started work queue External fetch queue"
"DEBUG"	2848	"2026-07-16 00:44:01.222"	"Adding task ExternalFetchManager to work queue Server queue"
"DEBUG"	3352	"2026-07-16 00:44:01.253"	"Running worker in work queue Asynchronous task queue"
"DEBUG"	3356	"2026-07-16 00:44:01.253"	"Running worker in work queue Asynchronous task queue"
"DEBUG"	3360	"2026-07-16 00:44:01.253"	"Running worker in work queue Asynchronous task queue"
"DEBUG"	3364	"2026-07-16 00:44:01.253"	"Running worker in work queue Asynchronous task queue"
"DEBUG"	3368	"2026-07-16 00:44:01.253"	"Running worker in work queue Asynchronous task queue"
"DEBUG"	3372	"2026-07-16 00:44:01.253"	"Running worker in work queue Asynchronous task queue"
"DEBUG"	3376	"2026-07-16 00:44:01.253"	"Running worker in work queue Asynchronous task queue"
"DEBUG"	3380	"2026-07-16 00:44:01.253"	"Running worker in work queue Asynchronous task queue"
"DEBUG"	3384	"2026-07-16 00:44:01.253"	"Running worker in work queue Asynchronous task queue"
"DEBUG"	3388	"2026-07-16 00:44:01.269"	"Running worker in work queue Asynchronous task queue"
"DEBUG"	3392	"2026-07-16 00:44:01.269"	"Running worker in work queue Asynchronous task queue"
"DEBUG"	3396	"2026-07-16 00:44:01.269"	"Running worker in work queue Asynchronous task queue"
"DEBUG"	3400	"2026-07-16 00:44:01.269"	"Running worker in work queue Asynchronous task queue"
"DEBUG"	3404	"2026-07-16 00:44:01.269"	"Running worker in work queue Asynchronous task queue"
"DEBUG"	3408	"2026-07-16 00:44:01.269"	"Running worker in work queue Asynchronous task queue"
"DEBUG"	3412	"2026-07-16 00:44:01.269"	"Running worker in work queue Server queue"
"DEBUG"	3412	"2026-07-16 00:44:01.269"	"Executing task Scheduler in work queue Server queue"
"DEBUG"	3416	"2026-07-16 00:44:01.269"	"Running worker in work queue Server queue"
"DEBUG"	3416	"2026-07-16 00:44:01.269"	"Executing task IOService in work queue Server queue"
"DEBUG"	3416	"2026-07-16 00:44:01.269"	"IOService::Start()"
"DEBUG"	3420	"2026-07-16 00:44:01.284"	"Running worker in work queue Server queue"
"DEBUG"	3420	"2026-07-16 00:44:01.284"	"Executing task SMTPDeliveryManager in work queue Server queue"
"DEBUG"	3420	"2026-07-16 00:44:01.284"	"SMTPDeliveryManager::Start()"
"DEBUG"	3424	"2026-07-16 00:44:01.284"	"Running worker in work queue Server queue"
"DEBUG"	3424	"2026-07-16 00:44:01.284"	"Executing task ExternalFetchManager in work queue Server queue"
"APPLICATION"	2848	"2026-07-16 00:44:01.284"	"Servers started."
"DEBUG"	3424	"2026-07-16 00:44:01.284"	"ExternalFetchManager::Start()"
"DEBUG"	3428	"2026-07-16 00:44:01.284"	"Running worker in work queue SMTP delivery queue"
"DEBUG"	3432	"2026-07-16 00:44:01.284"	"Running worker in work queue SMTP delivery queue"
"DEBUG"	3436	"2026-07-16 00:44:01.284"	"Running worker in work queue SMTP delivery queue"
"DEBUG"	3440	"2026-07-16 00:44:01.284"	"Running worker in work queue SMTP delivery queue"
"DEBUG"	3444	"2026-07-16 00:44:01.284"	"Running worker in work queue SMTP delivery queue"
"DEBUG"	3448	"2026-07-16 00:44:01.284"	"Running worker in work queue SMTP delivery queue"
"DEBUG"	3452	"2026-07-16 00:44:01.284"	"Running worker in work queue SMTP delivery queue"
"DEBUG"	3456	"2026-07-16 00:44:01.284"	"Running worker in work queue SMTP delivery queue"
"DEBUG"	3460	"2026-07-16 00:44:01.284"	"Running worker in work queue SMTP delivery queue"
"DEBUG"	3464	"2026-07-16 00:44:01.284"	"Running worker in work queue SMTP delivery queue"
"DEBUG"	3468	"2026-07-16 00:44:01.284"	"Running worker in work queue External fetch queue"
"DEBUG"	3472	"2026-07-16 00:44:01.284"	"Running worker in work queue External fetch queue"
"DEBUG"	3476	"2026-07-16 00:44:01.284"	"Running worker in work queue External fetch queue"
"DEBUG"	3480	"2026-07-16 00:44:01.284"	"Running worker in work queue External fetch queue"
"DEBUG"	3484	"2026-07-16 00:44:01.284"	"Running worker in work queue External fetch queue"
"DEBUG"	3488	"2026-07-16 00:44:01.284"	"Running worker in work queue External fetch queue"
"DEBUG"	3492	"2026-07-16 00:44:01.284"	"Running worker in work queue External fetch queue"
"DEBUG"	3496	"2026-07-16 00:44:01.284"	"Running worker in work queue External fetch queue"
"DEBUG"	3500	"2026-07-16 00:44:01.284"	"Running worker in work queue External fetch queue"
"DEBUG"	3504	"2026-07-16 00:44:01.284"	"Running worker in work queue External fetch queue"
"DEBUG"	3508	"2026-07-16 00:44:01.284"	"Running worker in work queue External fetch queue"
"DEBUG"	3512	"2026-07-16 00:44:01.284"	"Running worker in work queue External fetch queue"
"DEBUG"	3516	"2026-07-16 00:44:01.284"	"Running worker in work queue External fetch queue"
"DEBUG"	3520	"2026-07-16 00:44:01.284"	"Running worker in work queue External fetch queue"
"DEBUG"	3524	"2026-07-16 00:44:01.284"	"Running worker in work queue External fetch queue"
"DEBUG"	3416	"2026-07-16 00:44:01.316"	"Creating session 1"
"DEBUG"	3416	"2026-07-16 00:44:01.316"	"Creating session 2"
"DEBUG"	3416	"2026-07-16 00:44:01.316"	"Creating session 3"
"DEBUG"	3416	"2026-07-16 00:44:01.316"	"Creating session 4"
"DEBUG"	3416	"2026-07-16 00:44:01.316"	"Creating work queue IOCPQueue"
"DEBUG"	3416	"2026-07-16 00:44:01.316"	"Starting work queue IOCPQueue"
"DEBUG"	3416	"2026-07-16 00:44:01.331"	"Started work queue IOCPQueue"
"DEBUG"	3416	"2026-07-16 00:44:01.331"	"Adding task IOCPQueueWorkerTask to work queue IOCPQueue"
"DEBUG"	3416	"2026-07-16 00:44:01.331"	"Adding task IOCPQueueWorkerTask to work queue IOCPQueue"
"DEBUG"	3416	"2026-07-16 00:44:01.331"	"Adding task IOCPQueueWorkerTask to work queue IOCPQueue"
"DEBUG"	3416	"2026-07-16 00:44:01.331"	"Adding task IOCPQueueWorkerTask to work queue IOCPQueue"
"DEBUG"	3416	"2026-07-16 00:44:01.331"	"Adding task IOCPQueueWorkerTask to work queue IOCPQueue"
"DEBUG"	3416	"2026-07-16 00:44:01.331"	"Adding task IOCPQueueWorkerTask to work queue IOCPQueue"
"DEBUG"	3416	"2026-07-16 00:44:01.331"	"Adding task IOCPQueueWorkerTask to work queue IOCPQueue"
"DEBUG"	3416	"2026-07-16 00:44:01.331"	"Adding task IOCPQueueWorkerTask to work queue IOCPQueue"
"DEBUG"	3416	"2026-07-16 00:44:01.331"	"Adding task IOCPQueueWorkerTask to work queue IOCPQueue"
"DEBUG"	3416	"2026-07-16 00:44:01.331"	"Adding task IOCPQueueWorkerTask to work queue IOCPQueue"
"DEBUG"	3416	"2026-07-16 00:44:01.331"	"Adding task IOCPQueueWorkerTask to work queue IOCPQueue"
"DEBUG"	3416	"2026-07-16 00:44:01.331"	"Adding task IOCPQueueWorkerTask to work queue IOCPQueue"
"DEBUG"	3416	"2026-07-16 00:44:01.331"	"Adding task IOCPQueueWorkerTask to work queue IOCPQueue"
"DEBUG"	3416	"2026-07-16 00:44:01.331"	"Adding task IOCPQueueWorkerTask to work queue IOCPQueue"
"DEBUG"	3416	"2026-07-16 00:44:01.331"	"Adding task IOCPQueueWorkerTask to work queue IOCPQueue"
"DEBUG"	3576	"2026-07-16 00:44:01.378"	"Running worker in work queue IOCPQueue"
"DEBUG"	3576	"2026-07-16 00:44:01.378"	"Executing task IOCPQueueWorkerTask in work queue IOCPQueue"
"DEBUG"	3580	"2026-07-16 00:44:01.378"	"Running worker in work queue IOCPQueue"
"DEBUG"	3580	"2026-07-16 00:44:01.378"	"Executing task IOCPQueueWorkerTask in work queue IOCPQueue"
"DEBUG"	3584	"2026-07-16 00:44:01.378"	"Running worker in work queue IOCPQueue"
"DEBUG"	3584	"2026-07-16 00:44:01.378"	"Executing task IOCPQueueWorkerTask in work queue IOCPQueue"
"DEBUG"	3588	"2026-07-16 00:44:01.378"	"Running worker in work queue IOCPQueue"
"DEBUG"	3588	"2026-07-16 00:44:01.378"	"Executing task IOCPQueueWorkerTask in work queue IOCPQueue"
"DEBUG"	3592	"2026-07-16 00:44:01.378"	"Running worker in work queue IOCPQueue"
"DEBUG"	3592	"2026-07-16 00:44:01.378"	"Executing task IOCPQueueWorkerTask in work queue IOCPQueue"
"DEBUG"	3596	"2026-07-16 00:44:01.378"	"Running worker in work queue IOCPQueue"
"DEBUG"	3596	"2026-07-16 00:44:01.378"	"Executing task IOCPQueueWorkerTask in work queue IOCPQueue"
"DEBUG"	3600	"2026-07-16 00:44:01.378"	"Running worker in work queue IOCPQueue"
"DEBUG"	3600	"2026-07-16 00:44:01.378"	"Executing task IOCPQueueWorkerTask in work queue IOCPQueue"
"DEBUG"	3604	"2026-07-16 00:44:01.378"	"Running worker in work queue IOCPQueue"
"DEBUG"	3604	"2026-07-16 00:44:01.378"	"Executing task IOCPQueueWorkerTask in work queue IOCPQueue"
"DEBUG"	3608	"2026-07-16 00:44:01.378"	"Running worker in work queue IOCPQueue"
"DEBUG"	3608	"2026-07-16 00:44:01.378"	"Executing task IOCPQueueWorkerTask in work queue IOCPQueue"
"DEBUG"	3612	"2026-07-16 00:44:01.378"	"Running worker in work queue IOCPQueue"
"DEBUG"	3612	"2026-07-16 00:44:01.378"	"Executing task IOCPQueueWorkerTask in work queue IOCPQueue"
"DEBUG"	3616	"2026-07-16 00:44:01.378"	"Running worker in work queue IOCPQueue"
"DEBUG"	3616	"2026-07-16 00:44:01.378"	"Executing task IOCPQueueWorkerTask in work queue IOCPQueue"
"DEBUG"	3620	"2026-07-16 00:44:01.378"	"Running worker in work queue IOCPQueue"
"DEBUG"	3620	"2026-07-16 00:44:01.378"	"Executing task IOCPQueueWorkerTask in work queue IOCPQueue"
"DEBUG"	3624	"2026-07-16 00:44:01.378"	"Running worker in work queue IOCPQueue"
"DEBUG"	3624	"2026-07-16 00:44:01.378"	"Executing task IOCPQueueWorkerTask in work queue IOCPQueue"
"DEBUG"	3628	"2026-07-16 00:44:01.378"	"Running worker in work queue IOCPQueue"
"DEBUG"	3628	"2026-07-16 00:44:01.378"	"Executing task IOCPQueueWorkerTask in work queue IOCPQueue"
"DEBUG"	3632	"2026-07-16 00:44:01.378"	"Running worker in work queue IOCPQueue"
"DEBUG"	3632	"2026-07-16 00:44:01.378"	"Executing task IOCPQueueWorkerTask in work queue IOCPQueue"
"DEBUG"	2352	"2026-07-16 00:47:50.972"	"Received shutdown-request from Windows."
"APPLICATION"	2352	"2026-07-16 00:47:50.972"	"Stopping servers..."
"DEBUG"	2352	"2026-07-16 00:47:50.972"	"Application::StopServers() - Removing server work queue"
"DEBUG"	2352	"2026-07-16 00:47:50.972"	"WorkQueueManager::RemoveQueue - Server queue"
"DEBUG"	2352	"2026-07-16 00:47:50.972"	"Stopping working queue Server queue."
"DEBUG"	2352	"2026-07-16 00:47:50.972"	"Interupt and join threads in working queue Server queue"
"DEBUG"	3416	"2026-07-16 00:47:50.987"	"IOService::Stop()"
"DEBUG"	3624	"2026-07-16 00:47:50.987"	"TCP - AcceptEx failed. Error code: 995, Message: 스레드 종료 또는 응용 프로그램 요청 때문에 I/O 작업이 취소되었습니다"
"DEBUG"	3416	"2026-07-16 00:47:50.987"	"IOService::DoWork() - removing Queue IOCP Queue"
"DEBUG"	3620	"2026-07-16 00:47:50.987"	"TCP - AcceptEx failed. Error code: 995, Message: 스레드 종료 또는 응용 프로그램 요청 때문에 I/O 작업이 취소되었습니다"
"DEBUG"	3616	"2026-07-16 00:47:50.987"	"TCP - AcceptEx failed. Error code: 995, Message: 스레드 종료 또는 응용 프로그램 요청 때문에 I/O 작업이 취소되었습니다"
"DEBUG"	3628	"2026-07-16 00:47:50.987"	"TCP - AcceptEx failed. Error code: 995, Message: 스레드 종료 또는 응용 프로그램 요청 때문에 I/O 작업이 취소되었습니다"
"DEBUG"	3624	"2026-07-16 00:47:50.987"	"Ending session 2"
"DEBUG"	3628	"2026-07-16 00:47:50.987"	"Ending session 1"
"DEBUG"	3620	"2026-07-16 00:47:50.987"	"Ending session 3"
"DEBUG"	3416	"2026-07-16 00:47:50.987"	"WorkQueueManager::RemoveQueue - IOCPQueue"
"DEBUG"	3416	"2026-07-16 00:47:50.987"	"Stopping working queue IOCPQueue."
"DEBUG"	3416	"2026-07-16 00:47:50.987"	"Interupt and join threads in working queue IOCPQueue"
"DEBUG"	3412	"2026-07-16 00:47:51.007"	"Worker exited in work queue Server queue"
"DEBUG"	3424	"2026-07-16 00:47:51.007"	"Worker exited in work queue Server queue"
"DEBUG"	3628	"2026-07-16 00:47:51.019"	"Worker exited in work queue IOCPQueue"
"DEBUG"	3620	"2026-07-16 00:47:51.019"	"Worker exited in work queue IOCPQueue"
"DEBUG"	3632	"2026-07-16 00:47:51.019"	"Worker exited in work queue IOCPQueue"
"DEBUG"	3616	"2026-07-16 00:47:51.019"	"Ending session 4"
"DEBUG"	3420	"2026-07-16 00:47:51.035"	"Worker exited in work queue Server queue"
"DEBUG"	3612	"2026-07-16 00:47:51.035"	"Worker exited in work queue IOCPQueue"
"DEBUG"	2352	"2026-07-16 00:47:51.035"	"Still 3 remaining threads in queue Server queue. First task: IOService"
"DEBUG"	3624	"2026-07-16 00:47:51.050"	"Worker exited in work queue IOCPQueue"
"DEBUG"	3616	"2026-07-16 00:47:51.066"	"Worker exited in work queue IOCPQueue"
"DEBUG"	3608	"2026-07-16 00:47:51.097"	"Worker exited in work queue IOCPQueue"
"DEBUG"	3604	"2026-07-16 00:47:51.097"	"Worker exited in work queue IOCPQueue"
"DEBUG"	3600	"2026-07-16 00:47:51.112"	"Worker exited in work queue IOCPQueue"
"DEBUG"	3596	"2026-07-16 00:47:51.112"	"Worker exited in work queue IOCPQueue"
"DEBUG"	3592	"2026-07-16 00:47:51.129"	"Worker exited in work queue IOCPQueue"
"DEBUG"	3416	"2026-07-16 00:47:51.144"	"Still 10 remaining threads in queue IOCPQueue. First task: IOCPQueueWorkerTask"
"DEBUG"	2352	"2026-07-16 00:47:51.332"	"Still 1 remaining threads in queue Server queue. First task: IOService"
"DEBUG"	3588	"2026-07-16 00:47:51.410"	"Worker exited in work queue IOCPQueue"
"DEBUG"	3584	"2026-07-16 00:47:51.410"	"Worker exited in work queue IOCPQueue"
"DEBUG"	3580	"2026-07-16 00:47:51.410"	"Worker exited in work queue IOCPQueue"
"DEBUG"	3576	"2026-07-16 00:47:51.410"	"Worker exited in work queue IOCPQueue"
"DEBUG"	3416	"2026-07-16 00:47:51.410"	"All threads are joined in queue IOCPQueue."
"DEBUG"	3416	"2026-07-16 00:47:51.410"	"WorkQueueManager::RemoveQueue - Stopped IOCPQueue"
"DEBUG"	3416	"2026-07-16 00:47:51.410"	"WorkQueueManager::RemoveQueue - Erased IOCPQueue"
"DEBUG"	3416	"2026-07-16 00:47:51.410"	"IOService::Stop() - Complete"
"DEBUG"	3416	"2026-07-16 00:47:51.410"	"Destructing work queue IOCPQueue"
"DEBUG"	3416	"2026-07-16 00:47:51.597"	"Worker exited in work queue Server queue"
"DEBUG"	2352	"2026-07-16 00:47:51.597"	"All threads are joined in queue Server queue."
"DEBUG"	2352	"2026-07-16 00:47:51.597"	"WorkQueueManager::RemoveQueue - Stopped Server queue"
"DEBUG"	2352	"2026-07-16 00:47:51.597"	"WorkQueueManager::RemoveQueue - Erased Server queue"
"DEBUG"	2352	"2026-07-16 00:47:51.597"	"Destructing work queue Server queue"
"DEBUG"	2352	"2026-07-16 00:47:51.597"	"Application::StopServers() - Clearing caches"
"DEBUG"	2352	"2026-07-16 00:47:51.597"	"Application::StopServers() - Destructing IOCP"
"DEBUG"	2352	"2026-07-16 00:47:51.597"	"IOService::~IOService - Destructing"
"DEBUG"	2352	"2026-07-16 00:47:51.597"	"TCPServer::~TCPServer"
"DEBUG"	2352	"2026-07-16 00:47:51.597"	"TCPServer::~TCPServer"
"DEBUG"	2352	"2026-07-16 00:47:51.597"	"TCPServer::~TCPServer"
"DEBUG"	2352	"2026-07-16 00:47:51.597"	"TCPServer::~TCPServer"
"DEBUG"	2352	"2026-07-16 00:47:51.597"	"Application::StopServers() - Destructing DeliveryManager"
"DEBUG"	2352	"2026-07-16 00:47:51.597"	"WorkQueueManager::RemoveQueue - SMTP delivery queue"
"DEBUG"	2352	"2026-07-16 00:47:51.597"	"Stopping working queue SMTP delivery queue."
"DEBUG"	2352	"2026-07-16 00:47:51.597"	"Interupt and join threads in working queue SMTP delivery queue"
"DEBUG"	3464	"2026-07-16 00:47:51.597"	"Worker exited in work queue SMTP delivery queue"
"DEBUG"	3460	"2026-07-16 00:47:51.597"	"Worker exited in work queue SMTP delivery queue"
"DEBUG"	3456	"2026-07-16 00:47:51.597"	"Worker exited in work queue SMTP delivery queue"
"DEBUG"	3452	"2026-07-16 00:47:51.597"	"Worker exited in work queue SMTP delivery queue"
"DEBUG"	3448	"2026-07-16 00:47:51.597"	"Worker exited in work queue SMTP delivery queue"
"DEBUG"	3444	"2026-07-16 00:47:51.597"	"Worker exited in work queue SMTP delivery queue"
"DEBUG"	3440	"2026-07-16 00:47:51.597"	"Worker exited in work queue SMTP delivery queue"
"DEBUG"	3436	"2026-07-16 00:47:51.597"	"Worker exited in work queue SMTP delivery queue"
"DEBUG"	3432	"2026-07-16 00:47:51.597"	"Worker exited in work queue SMTP delivery queue"
"DEBUG"	3428	"2026-07-16 00:47:51.597"	"Worker exited in work queue SMTP delivery queue"
"DEBUG"	2352	"2026-07-16 00:47:51.597"	"All threads are joined in queue SMTP delivery queue."
"DEBUG"	2352	"2026-07-16 00:47:51.597"	"WorkQueueManager::RemoveQueue - Stopped SMTP delivery queue"
"DEBUG"	2352	"2026-07-16 00:47:51.597"	"WorkQueueManager::RemoveQueue - Erased SMTP delivery queue"
"DEBUG"	2352	"2026-07-16 00:47:51.597"	"Destructing work queue SMTP delivery queue"
"DEBUG"	2352	"2026-07-16 00:47:51.597"	"Application::StopServers() - Destructing FetchManager"
"DEBUG"	2352	"2026-07-16 00:47:51.597"	"ExternalFetchManager::~ExternalFetchManager"
"DEBUG"	2352	"2026-07-16 00:47:51.597"	"WorkQueueManager::RemoveQueue - External fetch queue"
"DEBUG"	2352	"2026-07-16 00:47:51.597"	"Stopping working queue External fetch queue."
"DEBUG"	2352	"2026-07-16 00:47:51.597"	"Interupt and join threads in working queue External fetch queue"
"DEBUG"	3524	"2026-07-16 00:47:51.597"	"Worker exited in work queue External fetch queue"
"DEBUG"	3520	"2026-07-16 00:47:51.597"	"Worker exited in work queue External fetch queue"
"DEBUG"	3516	"2026-07-16 00:47:51.597"	"Worker exited in work queue External fetch queue"
"DEBUG"	3512	"2026-07-16 00:47:51.597"	"Worker exited in work queue External fetch queue"
"DEBUG"	3508	"2026-07-16 00:47:51.597"	"Worker exited in work queue External fetch queue"
"DEBUG"	3504	"2026-07-16 00:47:51.597"	"Worker exited in work queue External fetch queue"
"DEBUG"	3500	"2026-07-16 00:47:51.597"	"Worker exited in work queue External fetch queue"
"DEBUG"	3496	"2026-07-16 00:47:51.597"	"Worker exited in work queue External fetch queue"
"DEBUG"	3492	"2026-07-16 00:47:51.597"	"Worker exited in work queue External fetch queue"
"DEBUG"	3488	"2026-07-16 00:47:51.597"	"Worker exited in work queue External fetch queue"
"DEBUG"	3484	"2026-07-16 00:47:51.597"	"Worker exited in work queue External fetch queue"
"DEBUG"	3480	"2026-07-16 00:47:51.597"	"Worker exited in work queue External fetch queue"
"DEBUG"	3476	"2026-07-16 00:47:51.597"	"Worker exited in work queue External fetch queue"
"DEBUG"	3472	"2026-07-16 00:47:51.597"	"Worker exited in work queue External fetch queue"
"DEBUG"	3468	"2026-07-16 00:47:51.597"	"Worker exited in work queue External fetch queue"
"DEBUG"	2352	"2026-07-16 00:47:51.597"	"All threads are joined in queue External fetch queue."
"DEBUG"	2352	"2026-07-16 00:47:51.597"	"WorkQueueManager::RemoveQueue - Stopped External fetch queue"
"DEBUG"	2352	"2026-07-16 00:47:51.597"	"WorkQueueManager::RemoveQueue - Erased External fetch queue"
"DEBUG"	2352	"2026-07-16 00:47:51.597"	"Destructing work queue External fetch queue"
"DEBUG"	2352	"2026-07-16 00:47:51.597"	"ExternalFetchManager::~ExternalFetchManager - Removed queue"
"DEBUG"	2352	"2026-07-16 00:47:51.597"	"Application::StopServers() - Destructing Scheduler"
"DEBUG"	2352	"2026-07-16 00:47:51.597"	"Application::StopServers() - Destructing Rest"
"APPLICATION"	2352	"2026-07-16 00:47:51.597"	"Servers stopped."
"DEBUG"	2352	"2026-07-16 00:47:51.597"	"WorkQueueManager::RemoveQueue - Maintenance queue"
"DEBUG"	2352	"2026-07-16 00:47:51.597"	"Stopping working queue Maintenance queue."
"DEBUG"	2352	"2026-07-16 00:47:51.597"	"Interupt and join threads in working queue Maintenance queue"
"DEBUG"	3128	"2026-07-16 00:47:51.597"	"Worker exited in work queue Maintenance queue"
"DEBUG"	3124	"2026-07-16 00:47:51.597"	"Worker exited in work queue Maintenance queue"
"DEBUG"	3120	"2026-07-16 00:47:51.597"	"Worker exited in work queue Maintenance queue"
"DEBUG"	3112	"2026-07-16 00:47:51.597"	"Worker exited in work queue Maintenance queue"
"DEBUG"	3104	"2026-07-16 00:47:51.597"	"Worker exited in work queue Maintenance queue"
"DEBUG"	2352	"2026-07-16 00:47:51.597"	"All threads are joined in queue Maintenance queue."
"DEBUG"	2352	"2026-07-16 00:47:51.597"	"WorkQueueManager::RemoveQueue - Stopped Maintenance queue"
"DEBUG"	2352	"2026-07-16 00:47:51.597"	"WorkQueueManager::RemoveQueue - Erased Maintenance queue"
"DEBUG"	2352	"2026-07-16 00:47:51.613"	"Destructing work queue Maintenance queue"
"DEBUG"	2352	"2026-07-16 00:47:51.613"	"WorkQueueManager::RemoveQueue - Asynchronous task queue"
"DEBUG"	2352	"2026-07-16 00:47:51.613"	"Stopping working queue Asynchronous task queue."
"DEBUG"	2352	"2026-07-16 00:47:51.613"	"Interupt and join threads in working queue Asynchronous task queue"
"DEBUG"	3360	"2026-07-16 00:47:51.613"	"Worker exited in work queue Asynchronous task queue"
"DEBUG"	3404	"2026-07-16 00:47:51.613"	"Worker exited in work queue Asynchronous task queue"
"DEBUG"	3400	"2026-07-16 00:47:51.613"	"Worker exited in work queue Asynchronous task queue"
"DEBUG"	3396	"2026-07-16 00:47:51.613"	"Worker exited in work queue Asynchronous task queue"
"DEBUG"	3392	"2026-07-16 00:47:51.613"	"Worker exited in work queue Asynchronous task queue"
"DEBUG"	3388	"2026-07-16 00:47:51.613"	"Worker exited in work queue Asynchronous task queue"
"DEBUG"	3384	"2026-07-16 00:47:51.613"	"Worker exited in work queue Asynchronous task queue"
"DEBUG"	3380	"2026-07-16 00:47:51.613"	"Worker exited in work queue Asynchronous task queue"
"DEBUG"	3376	"2026-07-16 00:47:51.613"	"Worker exited in work queue Asynchronous task queue"
"DEBUG"	3372	"2026-07-16 00:47:51.613"	"Worker exited in work queue Asynchronous task queue"
"DEBUG"	3368	"2026-07-16 00:47:51.613"	"Worker exited in work queue Asynchronous task queue"
"DEBUG"	3364	"2026-07-16 00:47:51.613"	"Worker exited in work queue Asynchronous task queue"
"DEBUG"	3408	"2026-07-16 00:47:51.613"	"Worker exited in work queue Asynchronous task queue"
"DEBUG"	3356	"2026-07-16 00:47:51.613"	"Worker exited in work queue Asynchronous task queue"
"DEBUG"	3352	"2026-07-16 00:47:51.613"	"Worker exited in work queue Asynchronous task queue"
"DEBUG"	2352	"2026-07-16 00:47:51.613"	"All threads are joined in queue Asynchronous task queue."
"DEBUG"	2352	"2026-07-16 00:47:51.613"	"WorkQueueManager::RemoveQueue - Stopped Asynchronous task queue"
"DEBUG"	2352	"2026-07-16 00:47:51.613"	"WorkQueueManager::RemoveQueue - Erased Asynchronous task queue"
"DEBUG"	2352	"2026-07-16 00:47:51.613"	"Destructing work queue Asynchronous task queue"
"DEBUG"	2352	"2026-07-16 00:47:51.613"	"Application::ExitInstance - Closing database connection..."
"DEBUG"	2352	"2026-07-16 00:47:51.613"	"Application::ExitInstance - Deleting caches..."
"DEBUG"	2972	"2026-07-16 00:48:21.132"	"Application::InitInstance - Configuration loaded."
"DEBUG"	2972	"2026-07-16 00:48:21.132"	"Creating work queue Asynchronous task queue"
"DEBUG"	2972	"2026-07-16 00:48:21.132"	"Starting work queue Asynchronous task queue"
"DEBUG"	2972	"2026-07-16 00:48:21.132"	"Started work queue Asynchronous task queue"
"APPLICATION"	2972	"2026-07-16 00:48:21.132"	"Starting servers..."
"DEBUG"	2972	"2026-07-16 00:48:21.179"	"Creating work queue Server queue"
"DEBUG"	2972	"2026-07-16 00:48:21.179"	"Starting work queue Server queue"
"DEBUG"	2972	"2026-07-16 00:48:21.179"	"Started work queue Server queue"
"DEBUG"	2972	"2026-07-16 00:48:21.179"	"Adding task Scheduler to work queue Server queue"
"DEBUG"	2972	"2026-07-16 00:48:21.179"	"Adding task IOService to work queue Server queue"
"DEBUG"	2972	"2026-07-16 00:48:21.179"	"Creating work queue SMTP delivery queue"
"DEBUG"	2972	"2026-07-16 00:48:21.179"	"Starting work queue SMTP delivery queue"
"DEBUG"	2972	"2026-07-16 00:48:21.179"	"Started work queue SMTP delivery queue"
"DEBUG"	2972	"2026-07-16 00:48:21.179"	"Adding task SMTPDeliveryManager to work queue Server queue"
"DEBUG"	2972	"2026-07-16 00:48:21.179"	"Creating work queue External fetch queue"
"DEBUG"	2972	"2026-07-16 00:48:21.179"	"Starting work queue External fetch queue"
"DEBUG"	2972	"2026-07-16 00:48:21.179"	"Started work queue External fetch queue"
"DEBUG"	2972	"2026-07-16 00:48:21.179"	"Adding task ExternalFetchManager to work queue Server queue"
"DEBUG"	3612	"2026-07-16 00:48:21.195"	"Running worker in work queue Asynchronous task queue"
"DEBUG"	3616	"2026-07-16 00:48:21.210"	"Running worker in work queue Asynchronous task queue"
"DEBUG"	3620	"2026-07-16 00:48:21.210"	"Running worker in work queue Asynchronous task queue"
"DEBUG"	3624	"2026-07-16 00:48:21.210"	"Running worker in work queue Asynchronous task queue"
"DEBUG"	3628	"2026-07-16 00:48:21.210"	"Running worker in work queue Asynchronous task queue"
"DEBUG"	3632	"2026-07-16 00:48:21.210"	"Running worker in work queue Asynchronous task queue"
"DEBUG"	3636	"2026-07-16 00:48:21.210"	"Running worker in work queue Asynchronous task queue"
"DEBUG"	3640	"2026-07-16 00:48:21.210"	"Running worker in work queue Asynchronous task queue"
"DEBUG"	3644	"2026-07-16 00:48:21.210"	"Running worker in work queue Asynchronous task queue"
"DEBUG"	3648	"2026-07-16 00:48:21.210"	"Running worker in work queue Asynchronous task queue"
"DEBUG"	3652	"2026-07-16 00:48:21.210"	"Running worker in work queue Asynchronous task queue"
"DEBUG"	3656	"2026-07-16 00:48:21.210"	"Running worker in work queue Asynchronous task queue"
"DEBUG"	3660	"2026-07-16 00:48:21.210"	"Running worker in work queue Asynchronous task queue"
"DEBUG"	3664	"2026-07-16 00:48:21.210"	"Running worker in work queue Asynchronous task queue"
"DEBUG"	3668	"2026-07-16 00:48:21.210"	"Running worker in work queue Asynchronous task queue"
"DEBUG"	3700	"2026-07-16 00:48:21.210"	"Running worker in work queue Server queue"
"DEBUG"	3700	"2026-07-16 00:48:21.210"	"Executing task Scheduler in work queue Server queue"
"DEBUG"	3704	"2026-07-16 00:48:21.226"	"Running worker in work queue Server queue"
"DEBUG"	3704	"2026-07-16 00:48:21.226"	"Executing task IOService in work queue Server queue"
"DEBUG"	3704	"2026-07-16 00:48:21.226"	"IOService::Start()"
"DEBUG"	3708	"2026-07-16 00:48:21.226"	"Running worker in work queue Server queue"
"DEBUG"	3708	"2026-07-16 00:48:21.226"	"Executing task SMTPDeliveryManager in work queue Server queue"
"DEBUG"	3708	"2026-07-16 00:48:21.226"	"SMTPDeliveryManager::Start()"
"DEBUG"	3712	"2026-07-16 00:48:21.226"	"Running worker in work queue Server queue"
"DEBUG"	3716	"2026-07-16 00:48:21.226"	"Running worker in work queue SMTP delivery queue"
"DEBUG"	3720	"2026-07-16 00:48:21.226"	"Running worker in work queue SMTP delivery queue"
"DEBUG"	3724	"2026-07-16 00:48:21.226"	"Running worker in work queue SMTP delivery queue"
"DEBUG"	3712	"2026-07-16 00:48:21.242"	"Executing task ExternalFetchManager in work queue Server queue"
"APPLICATION"	2972	"2026-07-16 00:48:21.242"	"Servers started."
"DEBUG"	3712	"2026-07-16 00:48:21.242"	"ExternalFetchManager::Start()"
"DEBUG"	3728	"2026-07-16 00:48:21.242"	"Running worker in work queue SMTP delivery queue"
"DEBUG"	3732	"2026-07-16 00:48:21.242"	"Running worker in work queue SMTP delivery queue"
"DEBUG"	3736	"2026-07-16 00:48:21.242"	"Running worker in work queue SMTP delivery queue"
"DEBUG"	3740	"2026-07-16 00:48:21.242"	"Running worker in work queue SMTP delivery queue"
"DEBUG"	3744	"2026-07-16 00:48:21.242"	"Running worker in work queue SMTP delivery queue"
"DEBUG"	3748	"2026-07-16 00:48:21.242"	"Running worker in work queue SMTP delivery queue"
"DEBUG"	3752	"2026-07-16 00:48:21.242"	"Running worker in work queue SMTP delivery queue"
"DEBUG"	3756	"2026-07-16 00:48:21.242"	"Running worker in work queue External fetch queue"
"DEBUG"	3760	"2026-07-16 00:48:21.242"	"Running worker in work queue External fetch queue"
"DEBUG"	3764	"2026-07-16 00:48:21.242"	"Running worker in work queue External fetch queue"
"DEBUG"	3768	"2026-07-16 00:48:21.242"	"Running worker in work queue External fetch queue"
"DEBUG"	3772	"2026-07-16 00:48:21.242"	"Running worker in work queue External fetch queue"
"DEBUG"	3776	"2026-07-16 00:48:21.242"	"Running worker in work queue External fetch queue"
"DEBUG"	3780	"2026-07-16 00:48:21.242"	"Running worker in work queue External fetch queue"
"DEBUG"	3784	"2026-07-16 00:48:21.242"	"Running worker in work queue External fetch queue"
"DEBUG"	3788	"2026-07-16 00:48:21.242"	"Running worker in work queue External fetch queue"
"DEBUG"	3792	"2026-07-16 00:48:21.242"	"Running worker in work queue External fetch queue"
"DEBUG"	3796	"2026-07-16 00:48:21.242"	"Running worker in work queue External fetch queue"
"DEBUG"	3800	"2026-07-16 00:48:21.242"	"Running worker in work queue External fetch queue"
"DEBUG"	3804	"2026-07-16 00:48:21.242"	"Running worker in work queue External fetch queue"
"DEBUG"	3808	"2026-07-16 00:48:21.242"	"Running worker in work queue External fetch queue"
"DEBUG"	3812	"2026-07-16 00:48:21.242"	"Running worker in work queue External fetch queue"
"DEBUG"	3704	"2026-07-16 00:48:21.320"	"Creating session 1"
"DEBUG"	3704	"2026-07-16 00:48:21.336"	"Creating session 2"
"DEBUG"	3704	"2026-07-16 00:48:21.336"	"Creating session 3"
"DEBUG"	3704	"2026-07-16 00:48:21.336"	"Creating session 4"
"DEBUG"	3704	"2026-07-16 00:48:21.336"	"Creating work queue IOCPQueue"
"DEBUG"	3704	"2026-07-16 00:48:21.336"	"Starting work queue IOCPQueue"
"DEBUG"	3704	"2026-07-16 00:48:21.336"	"Started work queue IOCPQueue"
"DEBUG"	3704	"2026-07-16 00:48:21.336"	"Adding task IOCPQueueWorkerTask to work queue IOCPQueue"
"DEBUG"	3704	"2026-07-16 00:48:21.336"	"Adding task IOCPQueueWorkerTask to work queue IOCPQueue"
"DEBUG"	3704	"2026-07-16 00:48:21.336"	"Adding task IOCPQueueWorkerTask to work queue IOCPQueue"
"DEBUG"	3704	"2026-07-16 00:48:21.336"	"Adding task IOCPQueueWorkerTask to work queue IOCPQueue"
"DEBUG"	3704	"2026-07-16 00:48:21.336"	"Adding task IOCPQueueWorkerTask to work queue IOCPQueue"
"DEBUG"	3704	"2026-07-16 00:48:21.336"	"Adding task IOCPQueueWorkerTask to work queue IOCPQueue"
"DEBUG"	3704	"2026-07-16 00:48:21.336"	"Adding task IOCPQueueWorkerTask to work queue IOCPQueue"
"DEBUG"	3704	"2026-07-16 00:48:21.336"	"Adding task IOCPQueueWorkerTask to work queue IOCPQueue"
"DEBUG"	3704	"2026-07-16 00:48:21.336"	"Adding task IOCPQueueWorkerTask to work queue IOCPQueue"
"DEBUG"	3704	"2026-07-16 00:48:21.336"	"Adding task IOCPQueueWorkerTask to work queue IOCPQueue"
"DEBUG"	3704	"2026-07-16 00:48:21.336"	"Adding task IOCPQueueWorkerTask to work queue IOCPQueue"
"DEBUG"	3704	"2026-07-16 00:48:21.336"	"Adding task IOCPQueueWorkerTask to work queue IOCPQueue"
"DEBUG"	3704	"2026-07-16 00:48:21.336"	"Adding task IOCPQueueWorkerTask to work queue IOCPQueue"
"DEBUG"	3704	"2026-07-16 00:48:21.336"	"Adding task IOCPQueueWorkerTask to work queue IOCPQueue"
"DEBUG"	3704	"2026-07-16 00:48:21.336"	"Adding task IOCPQueueWorkerTask to work queue IOCPQueue"
"DEBUG"	3860	"2026-07-16 00:48:21.414"	"Running worker in work queue IOCPQueue"
"DEBUG"	3864	"2026-07-16 00:48:21.414"	"Running worker in work queue IOCPQueue"
"DEBUG"	3856	"2026-07-16 00:48:21.414"	"Running worker in work queue IOCPQueue"
"DEBUG"	3868	"2026-07-16 00:48:21.414"	"Running worker in work queue IOCPQueue"
"DEBUG"	3868	"2026-07-16 00:48:21.414"	"Executing task IOCPQueueWorkerTask in work queue IOCPQueue"
"DEBUG"	3876	"2026-07-16 00:48:21.414"	"Running worker in work queue IOCPQueue"
"DEBUG"	3880	"2026-07-16 00:48:21.414"	"Running worker in work queue IOCPQueue"
"DEBUG"	3884	"2026-07-16 00:48:21.414"	"Running worker in work queue IOCPQueue"
"DEBUG"	3860	"2026-07-16 00:48:21.414"	"Executing task IOCPQueueWorkerTask in work queue IOCPQueue"
"DEBUG"	3888	"2026-07-16 00:48:21.414"	"Running worker in work queue IOCPQueue"
"DEBUG"	3888	"2026-07-16 00:48:21.414"	"Executing task IOCPQueueWorkerTask in work queue IOCPQueue"
"DEBUG"	3896	"2026-07-16 00:48:21.414"	"Running worker in work queue IOCPQueue"
"DEBUG"	3896	"2026-07-16 00:48:21.414"	"Executing task IOCPQueueWorkerTask in work queue IOCPQueue"
"DEBUG"	3900	"2026-07-16 00:48:21.414"	"Running worker in work queue IOCPQueue"
"DEBUG"	3864	"2026-07-16 00:48:21.414"	"Executing task IOCPQueueWorkerTask in work queue IOCPQueue"
"DEBUG"	3904	"2026-07-16 00:48:21.414"	"Running worker in work queue IOCPQueue"
"DEBUG"	3904	"2026-07-16 00:48:21.414"	"Executing task IOCPQueueWorkerTask in work queue IOCPQueue"
"DEBUG"	3912	"2026-07-16 00:48:21.414"	"Running worker in work queue IOCPQueue"
"DEBUG"	3856	"2026-07-16 00:48:21.414"	"Executing task IOCPQueueWorkerTask in work queue IOCPQueue"
"DEBUG"	3872	"2026-07-16 00:48:21.414"	"Running worker in work queue IOCPQueue"
"DEBUG"	3872	"2026-07-16 00:48:21.414"	"Executing task IOCPQueueWorkerTask in work queue IOCPQueue"
"DEBUG"	3876	"2026-07-16 00:48:21.414"	"Executing task IOCPQueueWorkerTask in work queue IOCPQueue"
"DEBUG"	3880	"2026-07-16 00:48:21.414"	"Executing task IOCPQueueWorkerTask in work queue IOCPQueue"
"DEBUG"	3884	"2026-07-16 00:48:21.414"	"Executing task IOCPQueueWorkerTask in work queue IOCPQueue"
"DEBUG"	3892	"2026-07-16 00:48:21.414"	"Running worker in work queue IOCPQueue"
"DEBUG"	3892	"2026-07-16 00:48:21.414"	"Executing task IOCPQueueWorkerTask in work queue IOCPQueue"
"DEBUG"	3908	"2026-07-16 00:48:21.414"	"Running worker in work queue IOCPQueue"
"DEBUG"	3912	"2026-07-16 00:48:21.414"	"Executing task IOCPQueueWorkerTask in work queue IOCPQueue"
"DEBUG"	3900	"2026-07-16 00:48:21.414"	"Executing task IOCPQueueWorkerTask in work queue IOCPQueue"
"DEBUG"	3908	"2026-07-16 00:48:21.414"	"Executing task IOCPQueueWorkerTask in work queue IOCPQueue"
"DEBUG"	3908	"2026-07-16 00:55:34.490"	"Creating session 5"
"DEBUG"	3900	"2026-07-16 00:55:34.503"	"Creating session 6"
"DEBUG"	3912	"2026-07-16 00:55:34.503"	"Creating session 7"
"TCPIP"	3912	"2026-07-16 00:55:34.503"	"TCP - 10.0.0.128 connected to 10.0.0.128:143."
"TCPIP"	3900	"2026-07-16 00:55:34.503"	"TCP - 10.0.0.128 connected to 10.0.0.128:143."
"DEBUG"	3892	"2026-07-16 00:55:34.503"	"Creating session 8"
"TCPIP"	3892	"2026-07-16 00:55:34.503"	"TCP - 10.0.0.128 connected to 10.0.0.128:143."
"DEBUG"	3900	"2026-07-16 00:55:34.520"	"TCP connection started for session 5"
"DEBUG"	3892	"2026-07-16 00:55:34.520"	"TCP connection started for session 7"
"IMAPD"	3892	7	"2026-07-16 00:55:34.520"	"10.0.0.128"	"SENT: * OK IMAPrev1"
"IMAPD"	3900	5	"2026-07-16 00:55:34.520"	"10.0.0.128"	"SENT: * OK IMAPrev1"
"IMAPD"	3900	5	"2026-07-16 00:55:34.551"	"10.0.0.128"	"RECEIVED: 27 capability"
"IMAPD"	3900	5	"2026-07-16 00:55:34.551"	"10.0.0.128"	"SENT: * CAPABILITY IMAP4 IMAP4rev1 CHILDREN IDLE QUOTA SORT ACL NAMESPACE RIGHTS=texk[nl]27 OK CAPABILITY completed"
"TCPIP"	3908	"2026-07-16 00:55:34.566"	"TCP - 10.0.0.128 connected to 10.0.0.128:143."
"DEBUG"	3912	"2026-07-16 00:55:34.566"	"TCP connection started for session 6"
"IMAPD"	3912	6	"2026-07-16 00:55:34.604"	"10.0.0.128"	"SENT: * OK IMAPrev1"
"IMAPD"	3892	7	"2026-07-16 00:55:34.566"	"10.0.0.128"	"RECEIVED: 94 capability"
"IMAPD"	3892	7	"2026-07-16 00:55:34.604"	"10.0.0.128"	"SENT: * CAPABILITY IMAP4 IMAP4rev1 CHILDREN IDLE QUOTA SORT ACL NAMESPACE RIGHTS=texk[nl]94 OK CAPABILITY completed"
"DEBUG"	3908	"2026-07-16 00:55:34.604"	"TCP connection started for session 3"
"IMAPD"	3884	5	"2026-07-16 00:55:34.613"	"10.0.0.128"	"RECEIVED: 29 login "a@hi.xyz" ***"
"IMAPD"	3908	3	"2026-07-16 00:55:34.629"	"10.0.0.128"	"SENT: * OK IMAPrev1"
"IMAPD"	3912	6	"2026-07-16 00:55:34.629"	"10.0.0.128"	"RECEIVED: 94 capability"
"IMAPD"	3876	7	"2026-07-16 00:55:34.629"	"10.0.0.128"	"RECEIVED: 96 login "b@hi.xyz" ***"
"IMAPD"	3912	6	"2026-07-16 00:55:34.629"	"10.0.0.128"	"SENT: * CAPABILITY IMAP4 IMAP4rev1 CHILDREN IDLE QUOTA SORT ACL NAMESPACE RIGHTS=texk[nl]94 OK CAPABILITY completed"
"IMAPD"	3884	5	"2026-07-16 00:55:34.645"	"10.0.0.128"	"SENT: 29 OK LOGIN completed"
"IMAPD"	3876	7	"2026-07-16 00:55:34.662"	"10.0.0.128"	"SENT: 96 OK LOGIN completed"
"IMAPD"	3880	3	"2026-07-16 00:55:34.694"	"10.0.0.128"	"RECEIVED: 27 capability"
"IMAPD"	3880	3	"2026-07-16 00:55:34.694"	"10.0.0.128"	"SENT: * CAPABILITY IMAP4 IMAP4rev1 CHILDREN IDLE QUOTA SORT ACL NAMESPACE RIGHTS=texk[nl]27 OK CAPABILITY completed"
"IMAPD"	3872	5	"2026-07-16 00:55:34.710"	"10.0.0.128"	"RECEIVED: 30 capability"
"IMAPD"	3876	7	"2026-07-16 00:55:34.710"	"10.0.0.128"	"RECEIVED: 97 capability"
"IMAPD"	3876	7	"2026-07-16 00:55:34.710"	"10.0.0.128"	"SENT: * CAPABILITY IMAP4 IMAP4rev1 CHILDREN IDLE QUOTA SORT ACL NAMESPACE RIGHTS=texk[nl]97 OK CAPABILITY completed"
"IMAPD"	3872	5	"2026-07-16 00:55:34.710"	"10.0.0.128"	"SENT: * CAPABILITY IMAP4 IMAP4rev1 CHILDREN IDLE QUOTA SORT ACL NAMESPACE RIGHTS=texk[nl]30 OK CAPABILITY completed"
"IMAPD"	3884	7	"2026-07-16 00:55:34.761"	"10.0.0.128"	"RECEIVED: 98 namespace"
"IMAPD"	3884	7	"2026-07-16 00:55:34.761"	"10.0.0.128"	"SENT: * NAMESPACE (("" ".")) NIL (("#Public" "."))[nl]98 OK namespace command complete"
"IMAPD"	3900	5	"2026-07-16 00:55:34.761"	"10.0.0.128"	"RECEIVED: 31 namespace"
"IMAPD"	3900	5	"2026-07-16 00:55:34.761"	"10.0.0.128"	"SENT: * NAMESPACE (("" ".")) NIL (("#Public" "."))[nl]31 OK namespace command complete"
"IMAPD"	3856	7	"2026-07-16 00:55:34.821"	"10.0.0.128"	"RECEIVED: 99 select "INBOX""
"IMAPD"	3892	5	"2026-07-16 00:55:34.821"	"10.0.0.128"	"RECEIVED: 32 select "INBOX""
"DEBUG"	3892	"2026-07-16 00:55:34.824"	"Reading messages from database."
"IMAPD"	3892	5	"2026-07-16 00:55:34.824"	"10.0.0.128"	"SENT: * 1 EXISTS[nl]* 1 RECENT[nl]* FLAGS (\Deleted \Seen \Draft \Answered \Flagged)[nl]* OK [UIDVALIDITY 1783903039] current uidvalidity[nl]* OK [UIDNEXT 4] next uid[nl]* OK [PERMANENTFLAGS (\Deleted \Seen \Draft \Answered \Flagged)] limited[nl]32 OK [READ-WRITE] SELECT completed"
"DEBUG"	3856	"2026-07-16 00:55:34.824"	"Reading messages from database."
"IMAPD"	3856	7	"2026-07-16 00:55:34.840"	"10.0.0.128"	"SENT: * 4 EXISTS[nl]* 4 RECENT[nl]* FLAGS (\Deleted \Seen \Draft \Answered \Flagged)[nl]* OK [UIDVALIDITY 1783903061] current uidvalidity[nl]* OK [UIDNEXT 7] next uid[nl]* OK [PERMANENTFLAGS (\Deleted \Seen \Draft \Answered \Flagged)] limited[nl]99 OK [READ-WRITE] SELECT completed"
"IMAPD"	3856	6	"2026-07-16 00:55:34.845"	"10.0.0.128"	"RECEIVED: 96 login "b@hi.xyz" ***"
"IMAPD"	3876	3	"2026-07-16 00:55:34.845"	"10.0.0.128"	"RECEIVED: 29 login "a@hi.xyz" ***"
"IMAPD"	3880	5	"2026-07-16 00:55:34.845"	"10.0.0.128"	"RECEIVED: 33 myrights "INBOX""
"IMAPD"	3880	5	"2026-07-16 00:55:34.845"	"10.0.0.128"	"SENT: * MYRIGHTS "INBOX" lrswipkxtea[nl]33 OK Myrights complete"
"IMAPD"	3884	7	"2026-07-16 00:55:34.845"	"10.0.0.128"	"RECEIVED: 100 myrights "INBOX""
"IMAPD"	3884	7	"2026-07-16 00:55:34.856"	"10.0.0.128"	"SENT: * MYRIGHTS "INBOX" lrswipkxtea[nl]100 OK Myrights complete"
"IMAPD"	3856	6	"2026-07-16 00:55:34.845"	"10.0.0.128"	"SENT: 96 OK LOGIN completed"
"IMAPD"	3856	6	"2026-07-16 00:55:34.856"	"10.0.0.128"	"RECEIVED: 97 capability"
"IMAPD"	3856	6	"2026-07-16 00:55:34.856"	"10.0.0.128"	"SENT: * CAPABILITY IMAP4 IMAP4rev1 CHILDREN IDLE QUOTA SORT ACL NAMESPACE RIGHTS=texk[nl]97 OK CAPABILITY completed"
"IMAPD"	3872	6	"2026-07-16 00:55:34.856"	"10.0.0.128"	"RECEIVED: 98 list "" "*""
"IMAPD"	3872	6	"2026-07-16 00:55:34.856"	"10.0.0.128"	"SENT: * LIST (\HasNoChildren) "." "INBOX"[nl]* LIST (\HasNoChildren) "." "Trash"[nl]* LIST (\HasNoChildren) "." "Sent"[nl]* LIST (\HasNoChildren) "." "Junk"[nl]98 OK LIST completed"
"IMAPD"	3856	5	"2026-07-16 00:55:34.856"	"10.0.0.128"	"RECEIVED: 34 getacl "INBOX""
"IMAPD"	3856	5	"2026-07-16 00:55:34.856"	"10.0.0.128"	"SENT: * ACL "INBOX"[nl]34 OK GetAcl complete"
"IMAPD"	3900	7	"2026-07-16 00:55:34.856"	"10.0.0.128"	"RECEIVED: 101 getacl "INBOX""
"IMAPD"	3900	7	"2026-07-16 00:55:34.856"	"10.0.0.128"	"SENT: * ACL "INBOX"[nl]101 OK GetAcl complete"
"IMAPD"	3872	7	"2026-07-16 00:55:34.856"	"10.0.0.128"	"RECEIVED: 102 getquotaroot "INBOX""
"IMAPD"	3872	7	"2026-07-16 00:55:34.856"	"10.0.0.128"	"SENT: * QUOTAROOT "INBOX" ""[nl]* QUOTA "" ()[nl]102 OK GETQUOTAROOT completed"
"IMAPD"	3896	5	"2026-07-16 00:55:34.856"	"10.0.0.128"	"RECEIVED: 35 getquotaroot "INBOX""
"IMAPD"	3896	5	"2026-07-16 00:55:34.872"	"10.0.0.128"	"SENT: * QUOTAROOT "INBOX" ""[nl]* QUOTA "" ()[nl]35 OK GETQUOTAROOT completed"
"IMAPD"	3896	5	"2026-07-16 00:55:34.872"	"10.0.0.128"	"RECEIVED: 36 UID fetch 1:* (FLAGS)"
"IMAPD"	3896	5	"2026-07-16 00:55:34.872"	"10.0.0.128"	"SENT: * 1 FETCH (UID 3 FLAGS (\Seen))"
"IMAPD"	3876	3	"2026-07-16 00:55:34.872"	"10.0.0.128"	"SENT: 29 OK LOGIN completed"
"IMAPD"	3864	6	"2026-07-16 00:55:34.872"	"10.0.0.128"	"RECEIVED: 99 lsub "" "*""
"IMAPD"	3864	6	"2026-07-16 00:55:34.881"	"10.0.0.128"	"SENT: * LSUB (\HasNoChildren) "." "INBOX"[nl]* LSUB (\HasNoChildren) "." "Trash"[nl]* LSUB (\HasNoChildren) "." "Sent"[nl]* LSUB (\HasNoChildren) "." "Junk""
"IMAPD"	3864	6	"2026-07-16 00:55:34.881"	"10.0.0.128"	"SENT: 99 OK LSUB completed"
"IMAPD"	3912	7	"2026-07-16 00:55:34.872"	"10.0.0.128"	"RECEIVED: 103 UID fetch 1:* (FLAGS)"
"IMAPD"	3876	6	"2026-07-16 00:55:34.881"	"10.0.0.128"	"RECEIVED: 100 list "" "#Public*""
"IMAPD"	3876	6	"2026-07-16 00:55:34.881"	"10.0.0.128"	"SENT: 100 OK LIST completed"
"IMAPD"	3912	7	"2026-07-16 00:55:34.881"	"10.0.0.128"	"SENT: * 1 FETCH (UID 3 FLAGS (\Deleted \Seen))"
"IMAPD"	3912	7	"2026-07-16 00:55:34.881"	"10.0.0.128"	"SENT: * 2 FETCH (UID 4 FLAGS (\Deleted \Seen))"
"IMAPD"	3876	6	"2026-07-16 00:55:34.881"	"10.0.0.128"	"RECEIVED: 101 lsub "" "#Public*""
"IMAPD"	3876	6	"2026-07-16 00:55:34.881"	"10.0.0.128"	"SENT: "
"IMAPD"	3876	6	"2026-07-16 00:55:34.881"	"10.0.0.128"	"SENT: 101 OK LSUB completed"
"IMAPD"	3912	7	"2026-07-16 00:55:34.881"	"10.0.0.128"	"SENT: * 3 FETCH (UID 5 FLAGS (\Seen))"
"IMAPD"	3876	6	"2026-07-16 00:55:34.888"	"10.0.0.128"	"RECEIVED: 102 list "" "INBOX""
"IMAPD"	3876	6	"2026-07-16 00:55:34.888"	"10.0.0.128"	"SENT: * LIST (\HasNoChildren) "." "INBOX"[nl]102 OK LIST completed"
"IMAPD"	3912	7	"2026-07-16 00:55:34.888"	"10.0.0.128"	"SENT: * 4 FETCH (UID 6 FLAGS (\Seen))"
"IMAPD"	3912	7	"2026-07-16 00:55:34.888"	"10.0.0.128"	"SENT: 103 OK UID completed"
"IMAPD"	3896	5	"2026-07-16 00:55:34.888"	"10.0.0.128"	"SENT: 36 OK UID completed"
"IMAPD"	3892	3	"2026-07-16 00:55:34.888"	"10.0.0.128"	"RECEIVED: 30 capability"
"IMAPD"	3892	3	"2026-07-16 00:55:34.888"	"10.0.0.128"	"SENT: * CAPABILITY IMAP4 IMAP4rev1 CHILDREN IDLE QUOTA SORT ACL NAMESPACE RIGHTS=texk[nl]30 OK CAPABILITY completed"
"IMAPD"	3908	3	"2026-07-16 00:55:34.906"	"10.0.0.128"	"RECEIVED: 31 list "" "*""
"IMAPD"	3908	3	"2026-07-16 00:55:34.906"	"10.0.0.128"	"SENT: * LIST (\HasNoChildren) "." "INBOX"[nl]* LIST (\HasNoChildren) "." "Trash"[nl]* LIST (\HasNoChildren) "." "Sent"[nl]* LIST (\HasNoChildren) "." "Junk"[nl]31 OK LIST completed"
"IMAPD"	3908	3	"2026-07-16 00:55:34.906"	"10.0.0.128"	"RECEIVED: 32 lsub "" "*""
"IMAPD"	3908	3	"2026-07-16 00:55:34.906"	"10.0.0.128"	"SENT: * LSUB (\HasNoChildren) "." "INBOX"[nl]* LSUB (\HasNoChildren) "." "Trash"[nl]* LSUB (\HasNoChildren) "." "Sent"[nl]* LSUB (\HasNoChildren) "." "Junk""
"IMAPD"	3908	3	"2026-07-16 00:55:34.906"	"10.0.0.128"	"SENT: 32 OK LSUB completed"
"IMAPD"	3912	3	"2026-07-16 00:55:34.920"	"10.0.0.128"	"RECEIVED: 33 list "" "#Public*""
"IMAPD"	3912	3	"2026-07-16 00:55:34.936"	"10.0.0.128"	"SENT: 33 OK LIST completed"
"IMAPD"	3912	3	"2026-07-16 00:55:34.936"	"10.0.0.128"	"RECEIVED: 34 lsub "" "#Public*""
"IMAPD"	3912	3	"2026-07-16 00:55:34.936"	"10.0.0.128"	"SENT: "
"IMAPD"	3912	3	"2026-07-16 00:55:34.936"	"10.0.0.128"	"SENT: 34 OK LSUB completed"
"IMAPD"	3880	3	"2026-07-16 00:55:34.936"	"10.0.0.128"	"RECEIVED: 35 list "" "INBOX""
"IMAPD"	3880	3	"2026-07-16 00:55:34.936"	"10.0.0.128"	"SENT: * LIST (\HasNoChildren) "." "INBOX"[nl]35 OK LIST completed"
"IMAPD"	3904	7	"2026-07-16 00:55:35.258"	"10.0.0.128"	"RECEIVED: 104 noop"
"IMAPD"	3904	7	"2026-07-16 00:55:35.258"	"10.0.0.128"	"SENT: 104 OK NOOP completed"
"IMAPD"	3904	7	"2026-07-16 00:55:35.509"	"10.0.0.128"	"RECEIVED: 105 getquotaroot "INBOX""
"IMAPD"	3904	7	"2026-07-16 00:55:35.572"	"10.0.0.128"	"SENT: * QUOTAROOT "INBOX" ""[nl]* QUOTA "" ()[nl]105 OK GETQUOTAROOT completed"
"IMAPD"	3864	7	"2026-07-16 00:55:35.587"	"10.0.0.128"	"RECEIVED: 106 UID fetch 7:* (FLAGS)"
"IMAPD"	3864	7	"2026-07-16 00:55:35.609"	"10.0.0.128"	"SENT: 106 OK UID completed"
"IMAPD"	3864	5	"2026-07-16 00:55:36.927"	"10.0.0.128"	"RECEIVED: 37 IDLE"
"IMAPD"	3864	5	"2026-07-16 00:55:36.927"	"10.0.0.128"	"SENT: + idling"
"IMAPD"	3904	7	"2026-07-16 00:55:37.649"	"10.0.0.128"	"RECEIVED: 107 IDLE"
"IMAPD"	3904	7	"2026-07-16 00:55:37.649"	"10.0.0.128"	"SENT: + idling"
"IMAPD"	3900	3	"2026-07-16 00:55:44.152"	"10.0.0.128"	"RECEIVED: 36 STATUS "Junk" (UIDNEXT MESSAGES UNSEEN RECENT)"
"IMAPD"	3900	3	"2026-07-16 00:55:44.152"	"10.0.0.128"	"SENT: * STATUS "Junk" (MESSAGES 0 UNSEEN 0 RECENT 0 UIDNEXT 1)[nl]36 OK Status completed"
"IMAPD"	3912	3	"2026-07-16 00:55:44.583"	"10.0.0.128"	"RECEIVED: 37 STATUS "Sent" (UIDNEXT MESSAGES UNSEEN RECENT)"
"DEBUG"	3912	"2026-07-16 00:55:44.583"	"Reading messages from database."
"IMAPD"	3912	3	"2026-07-16 00:55:44.583"	"10.0.0.128"	"SENT: * STATUS "Sent" (MESSAGES 6 UNSEEN 0 RECENT 6 UIDNEXT 7)[nl]37 OK Status completed"
"DEBUG"	3892	"2026-07-16 00:55:44.583"	"Creating session 9"
"TCPIP"	3892	"2026-07-16 00:55:44.583"	"TCP - 10.0.0.128 connected to 10.0.0.128:143."
"DEBUG"	3892	"2026-07-16 00:55:44.599"	"TCP connection started for session 8"
"IMAPD"	3892	8	"2026-07-16 00:55:44.599"	"10.0.0.128"	"SENT: * OK IMAPrev1"
"IMAPD"	3892	8	"2026-07-16 00:55:44.599"	"10.0.0.128"	"RECEIVED: 25 capability"
"IMAPD"	3892	8	"2026-07-16 00:55:44.599"	"10.0.0.128"	"SENT: * CAPABILITY IMAP4 IMAP4rev1 CHILDREN IDLE QUOTA SORT ACL NAMESPACE RIGHTS=texk[nl]25 OK CAPABILITY completed"
"IMAPD"	3904	8	"2026-07-16 00:55:44.599"	"10.0.0.128"	"RECEIVED: 27 login "a@hi.xyz" ***"
"IMAPD"	3904	8	"2026-07-16 00:55:44.599"	"10.0.0.128"	"SENT: 27 OK LOGIN completed"
"IMAPD"	3904	8	"2026-07-16 00:55:44.599"	"10.0.0.128"	"RECEIVED: 28 capability"
"IMAPD"	3904	8	"2026-07-16 00:55:44.599"	"10.0.0.128"	"SENT: * CAPABILITY IMAP4 IMAP4rev1 CHILDREN IDLE QUOTA SORT ACL NAMESPACE RIGHTS=texk[nl]28 OK CAPABILITY completed"
"IMAPD"	3864	8	"2026-07-16 00:55:44.599"	"10.0.0.128"	"RECEIVED: 29 select "Sent""
"IMAPD"	3864	8	"2026-07-16 00:55:44.599"	"10.0.0.128"	"SENT: * 6 EXISTS[nl]* 6 RECENT[nl]* FLAGS (\Deleted \Seen \Draft \Answered \Flagged)[nl]* OK [UIDVALIDITY 1783950217] current uidvalidity[nl]* OK [UIDNEXT 7] next uid[nl]* OK [PERMANENTFLAGS (\Deleted \Seen \Draft \Answered \Flagged)] limited[nl]29 OK [READ-WRITE] SELECT completed"
"IMAPD"	3900	8	"2026-07-16 00:55:44.599"	"10.0.0.128"	"RECEIVED: 30 myrights "Sent""
"IMAPD"	3900	8	"2026-07-16 00:55:44.599"	"10.0.0.128"	"SENT: * MYRIGHTS "Sent" lrswipkxtea[nl]30 OK Myrights complete"
"IMAPD"	3892	8	"2026-07-16 00:55:44.599"	"10.0.0.128"	"RECEIVED: 31 getacl "Sent""
"IMAPD"	3892	8	"2026-07-16 00:55:44.599"	"10.0.0.128"	"SENT: * ACL "Sent"[nl]31 OK GetAcl complete"
"IMAPD"	3864	8	"2026-07-16 00:55:44.599"	"10.0.0.128"	"RECEIVED: 32 getquotaroot "Sent""
"IMAPD"	3864	8	"2026-07-16 00:55:44.614"	"10.0.0.128"	"SENT: * QUOTAROOT "Sent" ""[nl]* QUOTA "" ()[nl]32 OK GETQUOTAROOT completed"
"IMAPD"	3904	8	"2026-07-16 00:55:44.614"	"10.0.0.128"	"RECEIVED: 33 UID fetch 1:* (FLAGS)"
"IMAPD"	3904	8	"2026-07-16 00:55:44.616"	"10.0.0.128"	"SENT: * 1 FETCH (UID 1 FLAGS (\Seen))"
"IMAPD"	3904	8	"2026-07-16 00:55:44.616"	"10.0.0.128"	"SENT: * 2 FETCH (UID 2 FLAGS (\Seen))"
"IMAPD"	3904	8	"2026-07-16 00:55:44.616"	"10.0.0.128"	"SENT: * 3 FETCH (UID 3 FLAGS (\Seen))"
"IMAPD"	3904	8	"2026-07-16 00:55:44.631"	"10.0.0.128"	"SENT: * 4 FETCH (UID 4 FLAGS (\Seen))"
"IMAPD"	3904	8	"2026-07-16 00:55:44.631"	"10.0.0.128"	"SENT: * 5 FETCH (UID 5 FLAGS (\Seen))"
"IMAPD"	3904	8	"2026-07-16 00:55:44.631"	"10.0.0.128"	"SENT: * 6 FETCH (UID 6 FLAGS (\Seen))"
"IMAPD"	3904	8	"2026-07-16 00:55:44.631"	"10.0.0.128"	"SENT: 33 OK UID completed"
"IMAPD"	3864	8	"2026-07-16 00:55:44.647"	"10.0.0.128"	"RECEIVED: 34 UID fetch 6 (UID RFC822.SIZE FLAGS BODY.PEEK[HEADER.FIELDS (From To Cc Bcc Subject Date Message-ID Priority X-Priority References Newsgroups In-Reply-To Content-Type Reply-To Received)])"
"IMAPD"	3864	8	"2026-07-16 00:55:44.647"	"10.0.0.128"	"SENT: * 6 FETCH (UID 6 RFC822.SIZE 791 FLAGS (\Seen) BODY[HEADER.FIELDS (From To Cc Bcc Subject Date Message-ID Priority X-Priority References Newsgroups In-Reply-To Content-Type Reply-To Received)] {288}"
"IMAPD"	3864	8	"2026-07-16 00:55:44.662"	"10.0.0.128"	"SENT: )"
"IMAPD"	3864	8	"2026-07-16 00:55:44.664"	"10.0.0.128"	"SENT: 34 OK UID completed"
"IMAPD"	3896	8	"2026-07-16 00:55:44.672"	"10.0.0.128"	"RECEIVED: 35 noop"
"IMAPD"	3896	8	"2026-07-16 00:55:44.672"	"10.0.0.128"	"SENT: 35 OK NOOP completed"
"IMAPD"	3900	8	"2026-07-16 00:55:44.680"	"10.0.0.128"	"RECEIVED: 36 getquotaroot "Sent""
"IMAPD"	3900	8	"2026-07-16 00:55:44.680"	"10.0.0.128"	"SENT: * QUOTAROOT "Sent" ""[nl]* QUOTA "" ()[nl]36 OK GETQUOTAROOT completed"
"IMAPD"	3904	8	"2026-07-16 00:55:44.680"	"10.0.0.128"	"RECEIVED: 37 UID fetch 7:* (FLAGS)"
"IMAPD"	3904	8	"2026-07-16 00:55:44.680"	"10.0.0.128"	"SENT: 37 OK UID completed"
"IMAPD"	3904	6	"2026-07-16 00:55:45.000"	"10.0.0.128"	"RECEIVED: 103 STATUS "Junk" (UIDNEXT MESSAGES UNSEEN RECENT)"
"DEBUG"	3904	"2026-07-16 00:55:45.000"	"Reading messages from database."
"IMAPD"	3904	6	"2026-07-16 00:55:45.000"	"10.0.0.128"	"SENT: * STATUS "Junk" (MESSAGES 1 UNSEEN 0 RECENT 1 UIDNEXT 2)[nl]103 OK Status completed"
"DEBUG"	3892	"2026-07-16 00:55:45.006"	"Creating session 10"
"TCPIP"	3892	"2026-07-16 00:55:45.006"	"TCP - 10.0.0.128 connected to 10.0.0.128:143."
"DEBUG"	3892	"2026-07-16 00:55:45.006"	"TCP connection started for session 9"
"IMAPD"	3892	9	"2026-07-16 00:55:45.006"	"10.0.0.128"	"SENT: * OK IMAPrev1"
"IMAPD"	3892	9	"2026-07-16 00:55:45.006"	"10.0.0.128"	"RECEIVED: 15 capability"
"IMAPD"	3892	9	"2026-07-16 00:55:45.006"	"10.0.0.128"	"SENT: * CAPABILITY IMAP4 IMAP4rev1 CHILDREN IDLE QUOTA SORT ACL NAMESPACE RIGHTS=texk[nl]15 OK CAPABILITY completed"
"IMAPD"	3892	9	"2026-07-16 00:55:45.006"	"10.0.0.128"	"RECEIVED: 17 login "b@hi.xyz" ***"
"IMAPD"	3892	9	"2026-07-16 00:55:45.006"	"10.0.0.128"	"SENT: 17 OK LOGIN completed"
"IMAPD"	3892	9	"2026-07-16 00:55:45.006"	"10.0.0.128"	"RECEIVED: 18 capability"
"IMAPD"	3892	9	"2026-07-16 00:55:45.006"	"10.0.0.128"	"SENT: * CAPABILITY IMAP4 IMAP4rev1 CHILDREN IDLE QUOTA SORT ACL NAMESPACE RIGHTS=texk[nl]18 OK CAPABILITY completed"
"IMAPD"	3900	9	"2026-07-16 00:55:45.016"	"10.0.0.128"	"RECEIVED: 19 select "Junk""
"IMAPD"	3900	9	"2026-07-16 00:55:45.016"	"10.0.0.128"	"SENT: * 1 EXISTS[nl]* 1 RECENT[nl]* FLAGS (\Deleted \Seen \Draft \Answered \Flagged)[nl]* OK [UIDVALIDITY 1784115248] current uidvalidity[nl]* OK [UIDNEXT 2] next uid[nl]* OK [PERMANENTFLAGS (\Deleted \Seen \Draft \Answered \Flagged)] limited[nl]19 OK [READ-WRITE] SELECT completed"
"IMAPD"	3904	9	"2026-07-16 00:55:45.016"	"10.0.0.128"	"RECEIVED: 20 myrights "Junk""
"IMAPD"	3904	9	"2026-07-16 00:55:45.016"	"10.0.0.128"	"SENT: * MYRIGHTS "Junk" lrswipkxtea[nl]20 OK Myrights complete"
"IMAPD"	3896	9	"2026-07-16 00:55:45.016"	"10.0.0.128"	"RECEIVED: 21 getacl "Junk""
"IMAPD"	3896	9	"2026-07-16 00:55:45.016"	"10.0.0.128"	"SENT: * ACL "Junk"[nl]21 OK GetAcl complete"
"IMAPD"	3900	9	"2026-07-16 00:55:45.016"	"10.0.0.128"	"RECEIVED: 22 getquotaroot "Junk""
"IMAPD"	3900	9	"2026-07-16 00:55:45.016"	"10.0.0.128"	"SENT: * QUOTAROOT "Junk" ""[nl]* QUOTA "" ()[nl]22 OK GETQUOTAROOT completed"
"IMAPD"	3864	9	"2026-07-16 00:55:45.016"	"10.0.0.128"	"RECEIVED: 23 UID fetch 1:* (FLAGS)"
"IMAPD"	3864	9	"2026-07-16 00:55:45.016"	"10.0.0.128"	"SENT: * 1 FETCH (UID 1 FLAGS (\Seen))"
"IMAPD"	3864	9	"2026-07-16 00:55:45.016"	"10.0.0.128"	"SENT: 23 OK UID completed"
"IMAPD"	3912	6	"2026-07-16 00:55:45.430"	"10.0.0.128"	"RECEIVED: 104 STATUS "Sent" (UIDNEXT MESSAGES UNSEEN RECENT)"
"DEBUG"	3912	"2026-07-16 00:55:45.430"	"Reading messages from database."
"IMAPD"	3912	6	"2026-07-16 00:55:45.430"	"10.0.0.128"	"SENT: * STATUS "Sent" (MESSAGES 3 UNSEEN 0 RECENT 3 UIDNEXT 4)[nl]104 OK Status completed"
"DEBUG"	3892	"2026-07-16 00:55:45.430"	"Creating session 11"
"TCPIP"	3892	"2026-07-16 00:55:45.430"	"TCP - 10.0.0.128 connected to 10.0.0.128:143."
"DEBUG"	3892	"2026-07-16 00:55:45.430"	"TCP connection started for session 10"
"IMAPD"	3892	10	"2026-07-16 00:55:45.430"	"10.0.0.128"	"SENT: * OK IMAPrev1"
"IMAPD"	3892	10	"2026-07-16 00:55:45.446"	"10.0.0.128"	"RECEIVED: 90 capability"
"IMAPD"	3892	10	"2026-07-16 00:55:45.446"	"10.0.0.128"	"SENT: * CAPABILITY IMAP4 IMAP4rev1 CHILDREN IDLE QUOTA SORT ACL NAMESPACE RIGHTS=texk[nl]90 OK CAPABILITY completed"
"IMAPD"	3912	10	"2026-07-16 00:55:45.446"	"10.0.0.128"	"RECEIVED: 92 login "b@hi.xyz" ***"
"IMAPD"	3912	10	"2026-07-16 00:55:45.446"	"10.0.0.128"	"SENT: 92 OK LOGIN completed"
"IMAPD"	3912	10	"2026-07-16 00:55:45.446"	"10.0.0.128"	"RECEIVED: 93 capability"
"IMAPD"	3912	10	"2026-07-16 00:55:45.446"	"10.0.0.128"	"SENT: * CAPABILITY IMAP4 IMAP4rev1 CHILDREN IDLE QUOTA SORT ACL NAMESPACE RIGHTS=texk[nl]93 OK CAPABILITY completed"
"IMAPD"	3912	10	"2026-07-16 00:55:45.446"	"10.0.0.128"	"RECEIVED: 94 select "Sent""
"IMAPD"	3912	10	"2026-07-16 00:55:45.446"	"10.0.0.128"	"SENT: * 3 EXISTS[nl]* 3 RECENT[nl]* FLAGS (\Deleted \Seen \Draft \Answered \Flagged)[nl]* OK [UIDVALIDITY 1783950268] current uidvalidity[nl]* OK [UIDNEXT 4] next uid[nl]* OK [PERMANENTFLAGS (\Deleted \Seen \Draft \Answered \Flagged)] limited[nl]94 OK [READ-WRITE] SELECT completed"
"IMAPD"	3896	10	"2026-07-16 00:55:45.446"	"10.0.0.128"	"RECEIVED: 95 myrights "Sent""
"IMAPD"	3896	10	"2026-07-16 00:55:45.446"	"10.0.0.128"	"SENT: * MYRIGHTS "Sent" lrswipkxtea[nl]95 OK Myrights complete"
"IMAPD"	3904	10	"2026-07-16 00:55:45.446"	"10.0.0.128"	"RECEIVED: 96 getacl "Sent""
"IMAPD"	3904	10	"2026-07-16 00:55:45.446"	"10.0.0.128"	"SENT: * ACL "Sent"[nl]96 OK GetAcl complete"
"IMAPD"	3912	10	"2026-07-16 00:55:45.446"	"10.0.0.128"	"RECEIVED: 97 getquotaroot "Sent""
"IMAPD"	3912	10	"2026-07-16 00:55:45.446"	"10.0.0.128"	"SENT: * QUOTAROOT "Sent" ""[nl]* QUOTA "" ()[nl]97 OK GETQUOTAROOT completed"
"IMAPD"	3864	10	"2026-07-16 00:55:45.446"	"10.0.0.128"	"RECEIVED: 98 UID fetch 1:* (FLAGS)"
"IMAPD"	3864	10	"2026-07-16 00:55:45.446"	"10.0.0.128"	"SENT: * 1 FETCH (UID 1 FLAGS (\Seen))"
"IMAPD"	3864	10	"2026-07-16 00:55:45.462"	"10.0.0.128"	"SENT: * 2 FETCH (UID 2 FLAGS (\Seen))"
"IMAPD"	3864	10	"2026-07-16 00:55:45.462"	"10.0.0.128"	"SENT: * 3 FETCH (UID 3 FLAGS (\Seen))"
"IMAPD"	3864	10	"2026-07-16 00:55:45.462"	"10.0.0.128"	"SENT: 98 OK UID completed"
"IMAPD"	3912	8	"2026-07-16 00:55:46.686"	"10.0.0.128"	"RECEIVED: 38 IDLE"
"IMAPD"	3912	8	"2026-07-16 00:55:46.686"	"10.0.0.128"	"SENT: + idling"
"IMAPD"	3864	9	"2026-07-16 00:55:47.020"	"10.0.0.128"	"RECEIVED: 24 IDLE"
"IMAPD"	3864	9	"2026-07-16 00:55:47.020"	"10.0.0.128"	"SENT: + idling"
"IMAPD"	3896	10	"2026-07-16 00:55:47.465"	"10.0.0.128"	"RECEIVED: 99 IDLE"
"IMAPD"	3896	10	"2026-07-16 00:55:47.465"	"10.0.0.128"	"SENT: + idling"
"DEBUG"	3912	"2026-07-16 00:59:07.849"	"Creating session 12"
"TCPIP"	3912	"2026-07-16 00:59:07.849"	"TCP - 10.0.0.128 connected to 10.0.0.128:587."
"DEBUG"	3912	"2026-07-16 00:59:07.849"	"TCP connection started for session 4"
"SMTPD"	3912	4	"2026-07-16 00:59:07.857"	"10.0.0.128"	"SENT: 220 WIN-2F1VNVRVM11 ESMTP"
"SMTPD"	3912	4	"2026-07-16 00:59:07.868"	"10.0.0.128"	"RECEIVED: EHLO [10.0.0.128]"
"SMTPD"	3912	4	"2026-07-16 00:59:07.874"	"10.0.0.128"	"SENT: 250-WIN-2F1VNVRVM11[nl]250-SIZE 20480000[nl]250-AUTH LOGIN[nl]250 HELP"
"SMTPD"	3864	4	"2026-07-16 00:59:07.930"	"10.0.0.128"	"RECEIVED: AUTH LOGIN"
"SMTPD"	3864	4	"2026-07-16 00:59:07.930"	"10.0.0.128"	"SENT: 334 VXNlcm5hbWU6"
"SMTPD"	3864	4	"2026-07-16 00:59:07.930"	"10.0.0.128"	"RECEIVED: YkBoaS54eXo="
"SMTPD"	3864	4	"2026-07-16 00:59:07.930"	"10.0.0.128"	"SENT: 334 UGFzc3dvcmQ6"
"SMTPD"	3892	4	"2026-07-16 00:59:14.358"	"10.0.0.128"	"RECEIVED: ***"
"SMTPD"	3892	4	"2026-07-16 00:59:14.374"	"10.0.0.128"	"SENT: 235 authenticated."
"SMTPD"	3892	4	"2026-07-16 00:59:14.374"	"10.0.0.128"	"RECEIVED: MAIL FROM:<a@hi.xyz> SIZE=752"
"SMTPD"	3892	4	"2026-07-16 00:59:14.374"	"10.0.0.128"	"SENT: 250 OK"
"SMTPD"	3892	4	"2026-07-16 00:59:14.374"	"10.0.0.128"	"RECEIVED: RCPT TO:<b@hi.xyz>"
"SMTPD"	3892	4	"2026-07-16 00:59:14.374"	"10.0.0.128"	"SENT: 250 OK"
"SMTPD"	3892	4	"2026-07-16 00:59:14.374"	"10.0.0.128"	"RECEIVED: DATA"
"SMTPD"	3892	4	"2026-07-16 00:59:14.374"	"10.0.0.128"	"SENT: 354 OK, send."
"DEBUG"	3904	"2026-07-16 00:59:14.390"	"Adding task AsynchronousTask to work queue Asynchronous task queue"
"DEBUG"	3668	"2026-07-16 00:59:14.390"	"Executing task AsynchronousTask in work queue Asynchronous task queue"
"DEBUG"	3668	"2026-07-16 00:59:14.390"	"Saving message: {38C4FC5F-4308-494B-B7D3-4B9BA2E986DB}.eml"
"DEBUG"	3668	"2026-07-16 00:59:14.405"	"Requesting SMTPDeliveryManager to start message delivery"
"SMTPD"	3668	4	"2026-07-16 00:59:14.405"	"10.0.0.128"	"SENT: 250 Queued (0.016 seconds)"
"DEBUG"	3708	"2026-07-16 00:59:14.405"	"Adding task DeliveryTask to work queue SMTP delivery queue"
"DEBUG"	3752	"2026-07-16 00:59:14.405"	"Executing task DeliveryTask in work queue SMTP delivery queue"
"DEBUG"	3752	"2026-07-16 00:59:14.413"	"Delivering message..."
"APPLICATION"	3752	"2026-07-16 00:59:14.413"	"SMTPDeliverer - Message 25: Delivering message from a@hi.xyz to b@hi.xyz. File: C:\Program Files (x86)\hMailServer\Data\{38C4FC5F-4308-494B-B7D3-4B9BA2E986DB}.eml"
"IMAPD"	3912	8	"2026-07-16 00:59:14.421"	"10.0.0.128"	"RECEIVED: DONE"
"IMAPD"	3912	8	"2026-07-16 00:59:14.421"	"10.0.0.128"	"SENT: 38 OK IDLE terminated"
"DEBUG"	3752	"2026-07-16 00:59:14.421"	"Applying rules"
"DEBUG"	3752	"2026-07-16 00:59:14.451"	"Applying rule Phishing Filter"
"DEBUG"	3752	"2026-07-16 00:59:14.453"	"Performing rule action"
"DEBUG"	3752	"2026-07-16 00:59:14.457"	"Performing rule action"
"DEBUG"	3752	"2026-07-16 00:59:14.457"	"Performing local delivery"
"DEBUG"	3752	"2026-07-16 00:59:14.470"	"Applying rules"
"DEBUG"	3752	"2026-07-16 00:59:14.482"	"Saving message: {38C4FC5F-4308-494B-B7D3-4B9BA2E986DB}.eml"
"DEBUG"	3752	"2026-07-16 00:59:14.486"	"Reading messages from database."
"IMAPD"	3752	7	"2026-07-16 00:59:14.486"	"10.0.0.128"	"SENT: * 5 EXISTS"
"IMAPD"	3752	7	"2026-07-16 00:59:14.486"	"10.0.0.128"	"SENT: * 5 RECENT"
"DEBUG"	3752	"2026-07-16 00:59:14.486"	"Local delivery completed"
"APPLICATION"	3752	"2026-07-16 00:59:14.486"	"SMTPDeliverer - Message 25: Message delivery thread completed."
"IMAPD"	3892	7	"2026-07-16 00:59:14.502"	"10.0.0.128"	"RECEIVED: DONE"
"IMAPD"	3892	7	"2026-07-16 00:59:14.502"	"10.0.0.128"	"SENT: 107 OK IDLE terminated"
"IMAPD"	3904	8	"2026-07-16 00:59:14.502"	"10.0.0.128"	"RECEIVED: 39 append "Sent" (\Seen) {752}"
"IMAPD"	3904	8	"2026-07-16 00:59:14.502"	"10.0.0.128"	"SENT: + Ready for literal data"
"IMAPD"	3904	7	"2026-07-16 00:59:14.502"	"10.0.0.128"	"RECEIVED: 108 noop"
"IMAPD"	3904	7	"2026-07-16 00:59:14.502"	"10.0.0.128"	"SENT: 108 OK NOOP completed"
"IMAPD"	3904	7	"2026-07-16 00:59:14.502"	"10.0.0.128"	"RECEIVED: 109 getquotaroot "INBOX""
"IMAPD"	3904	7	"2026-07-16 00:59:14.502"	"10.0.0.128"	"SENT: * QUOTAROOT "INBOX" ""[nl]* QUOTA "" ()[nl]109 OK GETQUOTAROOT completed"
"DEBUG"	3876	"2026-07-16 00:59:14.502"	"Saving message: {0543E66A-752D-428B-A6EA-B8F4DA9A3E1F}.eml"
"IMAPD"	3904	7	"2026-07-16 00:59:14.502"	"10.0.0.128"	"RECEIVED: 110 UID fetch 7:* (FLAGS)"
"IMAPD"	3904	7	"2026-07-16 00:59:14.502"	"10.0.0.128"	"SENT: * 5 FETCH (UID 7 FLAGS ())"
"IMAPD"	3904	7	"2026-07-16 00:59:14.502"	"10.0.0.128"	"SENT: 110 OK UID completed"
"IMAPD"	3892	7	"2026-07-16 00:59:14.514"	"10.0.0.128"	"RECEIVED: 111 UID fetch 7 (UID RFC822.SIZE FLAGS BODY.PEEK[HEADER.FIELDS (From To Cc Bcc Subject Date Message-ID Priority X-Priority References Newsgroups In-Reply-To Content-Type Reply-To Received)])"
"DEBUG"	3876	"2026-07-16 00:59:14.514"	"Reading messages from database."
"IMAPD"	3876	8	"2026-07-16 00:59:14.514"	"10.0.0.128"	"SENT: * 7 EXISTS[nl]* 7 RECENT[nl]39 OK APPEND completed"
"IMAPD"	3892	7	"2026-07-16 00:59:14.524"	"10.0.0.128"	"SENT: * 5 FETCH (UID 7 RFC822.SIZE 926 FLAGS () BODY[HEADER.FIELDS (From To Cc Bcc Subject Date Message-ID Priority X-Priority References Newsgroups In-Reply-To Content-Type Reply-To Received)] {392}"
"IMAPD"	3892	7	"2026-07-16 00:59:14.524"	"10.0.0.128"	"SENT: )"
"IMAPD"	3892	7	"2026-07-16 00:59:14.524"	"10.0.0.128"	"SENT: 111 OK UID completed"
"IMAPD"	3896	7	"2026-07-16 00:59:14.582"	"10.0.0.128"	"RECEIVED: 112 UID fetch 7 (UID RFC822.SIZE BODY.PEEK[])"
"IMAPD"	3896	7	"2026-07-16 00:59:14.598"	"10.0.0.128"	"SENT: * 5 FETCH (UID 7 RFC822.SIZE 926 BODY[] {949}"
"IMAPD"	3896	7	"2026-07-16 00:59:14.598"	"10.0.0.128"	"SENT: )"
"IMAPD"	3896	7	"2026-07-16 00:59:14.598"	"10.0.0.128"	"SENT: 112 OK UID completed"
"IMAPD"	3912	7	"2026-07-16 00:59:14.603"	"10.0.0.128"	"RECEIVED: 113 UID fetch 7 (UID BODY.PEEK[HEADER.FIELDS (Content-Type Content-Transfer-Encoding)] BODY.PEEK[TEXT]<0.2048>)"
"IMAPD"	3912	7	"2026-07-16 00:59:14.603"	"10.0.0.128"	"SENT: * 5 FETCH (UID 7 BODY[HEADER.FIELDS (Content-Type Content-Transfer-Encoding)] {91}"
"IMAPD"	3912	7	"2026-07-16 00:59:14.603"	"10.0.0.128"	"SENT:  BODY[TEXT]<0> {390}"
"IMAPD"	3912	7	"2026-07-16 00:59:14.603"	"10.0.0.128"	"SENT: )"
"IMAPD"	3912	7	"2026-07-16 00:59:14.603"	"10.0.0.128"	"SENT: 113 OK UID completed"
"IMAPD"	3856	8	"2026-07-16 00:59:16.528"	"10.0.0.128"	"RECEIVED: 40 IDLE"
"IMAPD"	3856	8	"2026-07-16 00:59:16.528"	"10.0.0.128"	"SENT: + idling"
"IMAPD"	3864	7	"2026-07-16 00:59:16.624"	"10.0.0.128"	"RECEIVED: 114 IDLE"
"IMAPD"	3864	7	"2026-07-16 00:59:16.624"	"10.0.0.128"	"SENT: + idling"
"SMTPD"	3856	4	"2026-07-16 00:59:19.624"	"10.0.0.128"	"RECEIVED: QUIT"
"SMTPD"	3856	4	"2026-07-16 00:59:19.624"	"10.0.0.128"	"SENT: 221 goodbye"
"DEBUG"	3856	"2026-07-16 00:59:19.624"	"Ending session 4"
"IMAPD"	3856	7	"2026-07-16 01:02:53.704"	"10.0.0.128"	"RECEIVED: DONE"
"IMAPD"	3856	7	"2026-07-16 01:02:53.704"	"10.0.0.128"	"SENT: 114 OK IDLE terminated"
"IMAPD"	3908	7	"2026-07-16 01:02:53.732"	"10.0.0.128"	"RECEIVED: 115 noop"
"IMAPD"	3908	7	"2026-07-16 01:02:53.734"	"10.0.0.128"	"SENT: 115 OK NOOP completed"
"IMAPD"	3908	7	"2026-07-16 01:02:53.734"	"10.0.0.128"	"RECEIVED: 116 getquotaroot "INBOX""
"IMAPD"	3908	7	"2026-07-16 01:02:53.738"	"10.0.0.128"	"SENT: * QUOTAROOT "INBOX" ""[nl]* QUOTA "" ()[nl]116 OK GETQUOTAROOT completed"
"IMAPD"	3864	7	"2026-07-16 01:02:53.738"	"10.0.0.128"	"RECEIVED: 117 UID fetch 8:* (FLAGS)"
"IMAPD"	3864	7	"2026-07-16 01:02:53.738"	"10.0.0.128"	"SENT: 117 OK UID completed"
"IMAPD"	3876	7	"2026-07-16 01:02:54.729"	"10.0.0.128"	"RECEIVED: 118 uid store 7 +Flags (\Seen)"
"IMAPD"	3876	7	"2026-07-16 01:02:54.729"	"10.0.0.128"	"SENT: * 5 FETCH (FLAGS (\Seen) UID 7)"
"IMAPD"	3876	7	"2026-07-16 01:02:54.735"	"10.0.0.128"	"SENT: 118 OK UID completed"
"IMAPD"	3892	7	"2026-07-16 01:02:56.769"	"10.0.0.128"	"RECEIVED: 119 IDLE"
"IMAPD"	3892	7	"2026-07-16 01:02:56.769"	"10.0.0.128"	"SENT: + idling"
"IMAPD"	3900	7	"2026-07-16 01:05:42.256"	"10.0.0.128"	"RECEIVED: DONE"
"IMAPD"	3900	7	"2026-07-16 01:05:42.256"	"10.0.0.128"	"SENT: 119 OK IDLE terminated"
"IMAPD"	3856	5	"2026-07-16 01:05:42.272"	"10.0.0.128"	"RECEIVED: DONE"
"IMAPD"	3856	5	"2026-07-16 01:05:42.272"	"10.0.0.128"	"SENT: 37 OK IDLE terminated"
"IMAPD"	3864	7	"2026-07-16 01:05:42.272"	"10.0.0.128"	"RECEIVED: 120 check"
"IMAPD"	3864	7	"2026-07-16 01:05:42.272"	"10.0.0.128"	"SENT: 120 OK CHECK completed"
"IMAPD"	3856	7	"2026-07-16 01:05:42.272"	"10.0.0.128"	"RECEIVED: 121 getquotaroot "INBOX""
"IMAPD"	3864	5	"2026-07-16 01:05:42.272"	"10.0.0.128"	"RECEIVED: 38 check"
"IMAPD"	3864	5	"2026-07-16 01:05:42.272"	"10.0.0.128"	"SENT: 38 OK CHECK completed"
"IMAPD"	3892	5	"2026-07-16 01:05:42.272"	"10.0.0.128"	"RECEIVED: 39 getquotaroot "INBOX""
"IMAPD"	3856	7	"2026-07-16 01:05:42.272"	"10.0.0.128"	"SENT: * QUOTAROOT "INBOX" ""[nl]* QUOTA "" ()[nl]121 OK GETQUOTAROOT completed"
"IMAPD"	3876	7	"2026-07-16 01:05:42.272"	"10.0.0.128"	"RECEIVED: 122 UID fetch 8:* (FLAGS)"
"IMAPD"	3876	7	"2026-07-16 01:05:42.272"	"10.0.0.128"	"SENT: 122 OK UID completed"
"IMAPD"	3892	5	"2026-07-16 01:05:42.272"	"10.0.0.128"	"SENT: * QUOTAROOT "INBOX" ""[nl]* QUOTA "" ()[nl]39 OK GETQUOTAROOT completed"
"IMAPD"	3892	5	"2026-07-16 01:05:42.272"	"10.0.0.128"	"RECEIVED: 40 UID fetch 4:* (FLAGS)"
"IMAPD"	3892	5	"2026-07-16 01:05:42.272"	"10.0.0.128"	"SENT: 40 OK UID completed"
"IMAPD"	3908	7	"2026-07-16 01:05:44.277"	"10.0.0.128"	"RECEIVED: 123 IDLE"
"IMAPD"	3908	7	"2026-07-16 01:05:44.277"	"10.0.0.128"	"SENT: + idling"
"IMAPD"	3864	5	"2026-07-16 01:05:44.277"	"10.0.0.128"	"RECEIVED: 41 IDLE"
"IMAPD"	3864	5	"2026-07-16 01:05:44.277"	"10.0.0.128"	"SENT: + idling"
"IMAPD"	3908	7	"2026-07-16 01:07:24.619"	"10.0.0.128"	"RECEIVED: DONE"
"IMAPD"	3908	7	"2026-07-16 01:07:24.619"	"10.0.0.128"	"SENT: 123 OK IDLE terminated"
"IMAPD"	3856	7	"2026-07-16 01:07:24.685"	"10.0.0.128"	"RECEIVED: 124 noop"
"IMAPD"	3856	7	"2026-07-16 01:07:24.685"	"10.0.0.128"	"SENT: 124 OK NOOP completed"
"IMAPD"	3864	7	"2026-07-16 01:07:24.701"	"10.0.0.128"	"RECEIVED: 125 getquotaroot "INBOX""
"IMAPD"	3864	7	"2026-07-16 01:07:24.701"	"10.0.0.128"	"SENT: * QUOTAROOT "INBOX" ""[nl]* QUOTA "" ()[nl]125 OK GETQUOTAROOT completed"
"IMAPD"	3876	7	"2026-07-16 01:07:24.716"	"10.0.0.128"	"RECEIVED: 126 UID fetch 8:* (FLAGS)"
"IMAPD"	3876	7	"2026-07-16 01:07:24.716"	"10.0.0.128"	"SENT: 126 OK UID completed"
"IMAPD"	3892	7	"2026-07-16 01:07:26.749"	"10.0.0.128"	"RECEIVED: 127 IDLE"
"IMAPD"	3892	7	"2026-07-16 01:07:26.749"	"10.0.0.128"	"SENT: + idling"
"DEBUG"	3912	"2026-07-16 01:07:42.079"	"Creating session 13"
"TCPIP"	3912	"2026-07-16 01:07:42.079"	"TCP - 10.0.0.128 connected to 10.0.0.128:587."
"DEBUG"	3912	"2026-07-16 01:07:42.088"	"TCP connection started for session 12"
"SMTPD"	3912	12	"2026-07-16 01:07:42.088"	"10.0.0.128"	"SENT: 220 WIN-2F1VNVRVM11 ESMTP"
"SMTPD"	3856	12	"2026-07-16 01:07:42.136"	"10.0.0.128"	"RECEIVED: EHLO [10.0.0.128]"
"SMTPD"	3856	12	"2026-07-16 01:07:42.136"	"10.0.0.128"	"SENT: 250-WIN-2F1VNVRVM11[nl]250-SIZE 20480000[nl]250-AUTH LOGIN[nl]250 HELP"
"SMTPD"	3908	12	"2026-07-16 01:07:42.136"	"10.0.0.128"	"RECEIVED: AUTH LOGIN"
"SMTPD"	3908	12	"2026-07-16 01:07:42.145"	"10.0.0.128"	"SENT: 334 VXNlcm5hbWU6"
"SMTPD"	3912	12	"2026-07-16 01:07:42.145"	"10.0.0.128"	"RECEIVED: YkBoaS54eXo="
"SMTPD"	3912	12	"2026-07-16 01:07:42.145"	"10.0.0.128"	"SENT: 334 UGFzc3dvcmQ6"
"SMTPD"	3908	12	"2026-07-16 01:07:42.145"	"10.0.0.128"	"RECEIVED: ***"
"SMTPD"	3908	12	"2026-07-16 01:07:42.161"	"10.0.0.128"	"SENT: 235 authenticated."
"SMTPD"	3912	12	"2026-07-16 01:07:42.161"	"10.0.0.128"	"RECEIVED: MAIL FROM:<a@hi.xyz> SIZE=752"
"SMTPD"	3912	12	"2026-07-16 01:07:42.161"	"10.0.0.128"	"SENT: 250 OK"
"SMTPD"	3892	12	"2026-07-16 01:07:42.161"	"10.0.0.128"	"RECEIVED: RCPT TO:<b@hi.xyz>"
"SMTPD"	3892	12	"2026-07-16 01:07:42.161"	"10.0.0.128"	"SENT: 250 OK"
"SMTPD"	3892	12	"2026-07-16 01:07:42.161"	"10.0.0.128"	"RECEIVED: DATA"
"SMTPD"	3892	12	"2026-07-16 01:07:42.161"	"10.0.0.128"	"SENT: 354 OK, send."
"DEBUG"	3892	"2026-07-16 01:07:42.176"	"Adding task AsynchronousTask to work queue Asynchronous task queue"
"DEBUG"	3668	"2026-07-16 01:07:42.176"	"Executing task AsynchronousTask in work queue Asynchronous task queue"
"DEBUG"	3668	"2026-07-16 01:07:42.176"	"Executing event OnAcceptMessage"
"DEBUG"	3668	"2026-07-16 01:07:42.209"	"Event completed"
"DEBUG"	3668	"2026-07-16 01:07:42.209"	"Saving message: {6157EB53-72F8-4051-B94D-97A71DCEE6B2}.eml"
"DEBUG"	3668	"2026-07-16 01:07:42.209"	"Requesting SMTPDeliveryManager to start message delivery"
"SMTPD"	3668	12	"2026-07-16 01:07:42.209"	"10.0.0.128"	"SENT: 250 Queued (0.016 seconds)"
"DEBUG"	3708	"2026-07-16 01:07:42.209"	"Adding task DeliveryTask to work queue SMTP delivery queue"
"IMAPD"	3856	8	"2026-07-16 01:07:42.209"	"10.0.0.128"	"RECEIVED: DONE"
"IMAPD"	3856	8	"2026-07-16 01:07:42.224"	"10.0.0.128"	"SENT: 40 OK IDLE terminated"
"DEBUG"	3752	"2026-07-16 01:07:42.224"	"Executing task DeliveryTask in work queue SMTP delivery queue"
"DEBUG"	3752	"2026-07-16 01:07:42.240"	"Delivering message..."
"APPLICATION"	3752	"2026-07-16 01:07:42.240"	"SMTPDeliverer - Message 27: Delivering message from a@hi.xyz to b@hi.xyz. File: C:\Program Files (x86)\hMailServer\Data\{6157EB53-72F8-4051-B94D-97A71DCEE6B2}.eml"
"DEBUG"	3752	"2026-07-16 01:07:42.240"	"Applying rules"
"DEBUG"	3752	"2026-07-16 01:07:42.240"	"Applying rule Phishing Filter"
"DEBUG"	3752	"2026-07-16 01:07:42.240"	"Performing rule action"
"DEBUG"	3752	"2026-07-16 01:07:42.240"	"Performing rule action"
"DEBUG"	3752	"2026-07-16 01:07:42.240"	"Performing local delivery"
"DEBUG"	3752	"2026-07-16 01:07:42.246"	"Applying rules"
"DEBUG"	3752	"2026-07-16 01:07:42.273"	"Saving message: {6157EB53-72F8-4051-B94D-97A71DCEE6B2}.eml"
"DEBUG"	3752	"2026-07-16 01:07:42.273"	"Reading messages from database."
"IMAPD"	3752	7	"2026-07-16 01:07:42.273"	"10.0.0.128"	"SENT: * 6 EXISTS"
"IMAPD"	3752	7	"2026-07-16 01:07:42.273"	"10.0.0.128"	"SENT: * 6 RECENT"
"DEBUG"	3752	"2026-07-16 01:07:42.273"	"Local delivery completed"
"APPLICATION"	3752	"2026-07-16 01:07:42.273"	"SMTPDeliverer - Message 27: Message delivery thread completed."
"IMAPD"	3892	7	"2026-07-16 01:07:42.305"	"10.0.0.128"	"RECEIVED: DONE"
"IMAPD"	3892	7	"2026-07-16 01:07:42.305"	"10.0.0.128"	"SENT: 127 OK IDLE terminated"
"IMAPD"	3892	8	"2026-07-16 01:07:42.305"	"10.0.0.128"	"RECEIVED: 41 append "Sent" (\Seen) {752}"
"IMAPD"	3864	7	"2026-07-16 01:07:42.305"	"10.0.0.128"	"RECEIVED: 128 noop"
"IMAPD"	3864	7	"2026-07-16 01:07:42.305"	"10.0.0.128"	"SENT: 128 OK NOOP completed"
"IMAPD"	3892	8	"2026-07-16 01:07:42.305"	"10.0.0.128"	"SENT: + Ready for literal data"
"IMAPD"	3892	7	"2026-07-16 01:07:42.305"	"10.0.0.128"	"RECEIVED: 129 getquotaroot "INBOX""
"IMAPD"	3892	7	"2026-07-16 01:07:42.305"	"10.0.0.128"	"SENT: * QUOTAROOT "INBOX" ""[nl]* QUOTA "" ()[nl]129 OK GETQUOTAROOT completed"
"IMAPD"	3856	7	"2026-07-16 01:07:42.305"	"10.0.0.128"	"RECEIVED: 130 UID fetch 8:* (FLAGS)"
"IMAPD"	3856	7	"2026-07-16 01:07:42.305"	"10.0.0.128"	"SENT: * 6 FETCH (UID 8 FLAGS ())"
"IMAPD"	3856	7	"2026-07-16 01:07:42.305"	"10.0.0.128"	"SENT: 130 OK UID completed"
"DEBUG"	3864	"2026-07-16 01:07:42.305"	"Saving message: {4375DE21-AD79-467C-8156-D9FA6017F2A2}.eml"
"IMAPD"	3880	7	"2026-07-16 01:07:42.321"	"10.0.0.128"	"RECEIVED: 131 UID fetch 8 (UID RFC822.SIZE FLAGS BODY.PEEK[HEADER.FIELDS (From To Cc Bcc Subject Date Message-ID Priority X-Priority References Newsgroups In-Reply-To Content-Type Reply-To Received)])"
"DEBUG"	3864	"2026-07-16 01:07:42.321"	"Reading messages from database."
"IMAPD"	3864	8	"2026-07-16 01:07:42.321"	"10.0.0.128"	"SENT: * 8 EXISTS[nl]* 8 RECENT[nl]41 OK APPEND completed"
"IMAPD"	3880	7	"2026-07-16 01:07:42.352"	"10.0.0.128"	"SENT: * 6 FETCH (UID 8 RFC822.SIZE 926 FLAGS () BODY[HEADER.FIELDS (From To Cc Bcc Subject Date Message-ID Priority X-Priority References Newsgroups In-Reply-To Content-Type Reply-To Received)] {392}"
"IMAPD"	3880	7	"2026-07-16 01:07:42.352"	"10.0.0.128"	"SENT: )"
"IMAPD"	3880	7	"2026-07-16 01:07:42.352"	"10.0.0.128"	"SENT: 131 OK UID completed"
"IMAPD"	3880	7	"2026-07-16 01:07:42.446"	"10.0.0.128"	"RECEIVED: 132 UID fetch 8 (UID RFC822.SIZE BODY.PEEK[])"
"IMAPD"	3880	7	"2026-07-16 01:07:42.446"	"10.0.0.128"	"SENT: * 6 FETCH (UID 8 RFC822.SIZE 926 BODY[] {949}"
"IMAPD"	3880	7	"2026-07-16 01:07:42.446"	"10.0.0.128"	"SENT: )"
"IMAPD"	3880	7	"2026-07-16 01:07:42.446"	"10.0.0.128"	"SENT: 132 OK UID completed"
"IMAPD"	3864	7	"2026-07-16 01:07:42.454"	"10.0.0.128"	"RECEIVED: 133 UID fetch 8 (UID BODY.PEEK[HEADER.FIELDS (Content-Type Content-Transfer-Encoding)] BODY.PEEK[TEXT]<0.2048>)"
"IMAPD"	3864	7	"2026-07-16 01:07:42.466"	"10.0.0.128"	"SENT: * 6 FETCH (UID 8 BODY[HEADER.FIELDS (Content-Type Content-Transfer-Encoding)] {91}"
"IMAPD"	3864	7	"2026-07-16 01:07:42.466"	"10.0.0.128"	"SENT:  BODY[TEXT]<0> {390}"
"IMAPD"	3864	7	"2026-07-16 01:07:42.466"	"10.0.0.128"	"SENT: )"
"IMAPD"	3864	7	"2026-07-16 01:07:42.466"	"10.0.0.128"	"SENT: 133 OK UID completed"
"IMAPD"	3892	8	"2026-07-16 01:07:44.352"	"10.0.0.128"	"RECEIVED: 42 IDLE"
"IMAPD"	3892	8	"2026-07-16 01:07:44.352"	"10.0.0.128"	"SENT: + idling"
"IMAPD"	3880	7	"2026-07-16 01:07:44.495"	"10.0.0.128"	"RECEIVED: 134 IDLE"
"IMAPD"	3880	7	"2026-07-16 01:07:44.495"	"10.0.0.128"	"SENT: + idling"
"IMAPD"	3912	7	"2026-07-16 01:07:45.165"	"10.0.0.128"	"RECEIVED: DONE"
"IMAPD"	3912	7	"2026-07-16 01:07:45.174"	"10.0.0.128"	"SENT: 134 OK IDLE terminated"
"IMAPD"	3904	7	"2026-07-16 01:07:45.238"	"10.0.0.128"	"RECEIVED: 135 uid store 8 +Flags (\Seen)"
"IMAPD"	3904	7	"2026-07-16 01:07:45.254"	"10.0.0.128"	"SENT: * 6 FETCH (FLAGS (\Seen) UID 8)"
"IMAPD"	3904	7	"2026-07-16 01:07:45.254"	"10.0.0.128"	"SENT: 135 OK UID completed"
"IMAPD"	3892	7	"2026-07-16 01:07:47.257"	"10.0.0.128"	"RECEIVED: 136 IDLE"
"IMAPD"	3892	7	"2026-07-16 01:07:47.257"	"10.0.0.128"	"SENT: + idling"
"SMTPD"	3912	12	"2026-07-16 01:07:47.526"	"10.0.0.128"	"RECEIVED: QUIT"
"SMTPD"	3912	12	"2026-07-16 01:07:47.526"	"10.0.0.128"	"SENT: 221 goodbye"
"DEBUG"	3904	"2026-07-16 01:07:47.526"	"Ending session 12"
"IMAPD"	3880	7	"2026-07-16 01:09:03.846"	"10.0.0.128"	"RECEIVED: DONE"
"IMAPD"	3880	7	"2026-07-16 01:09:03.846"	"10.0.0.128"	"SENT: 136 OK IDLE terminated"
"IMAPD"	3904	7	"2026-07-16 01:09:03.958"	"10.0.0.128"	"RECEIVED: 137 noop"
"IMAPD"	3904	7	"2026-07-16 01:09:03.958"	"10.0.0.128"	"SENT: 137 OK NOOP completed"
"IMAPD"	3912	7	"2026-07-16 01:09:03.958"	"10.0.0.128"	"RECEIVED: 138 getquotaroot "INBOX""
"IMAPD"	3912	7	"2026-07-16 01:09:03.958"	"10.0.0.128"	"SENT: * QUOTAROOT "INBOX" ""[nl]* QUOTA "" ()[nl]138 OK GETQUOTAROOT completed"
"IMAPD"	3856	7	"2026-07-16 01:09:03.974"	"10.0.0.128"	"RECEIVED: 139 UID fetch 9:* (FLAGS)"
"IMAPD"	3856	7	"2026-07-16 01:09:03.974"	"10.0.0.128"	"SENT: 139 OK UID completed"
"IMAPD"	3892	7	"2026-07-16 01:09:06.007"	"10.0.0.128"	"RECEIVED: 140 IDLE"
"IMAPD"	3892	7	"2026-07-16 01:09:06.007"	"10.0.0.128"	"SENT: + idling"
"DEBUG"	3912	"2026-07-16 01:09:17.555"	"Creating session 14"
"TCPIP"	3912	"2026-07-16 01:09:17.555"	"TCP - 10.0.0.128 connected to 10.0.0.128:587."
"DEBUG"	3912	"2026-07-16 01:09:17.555"	"TCP connection started for session 13"
"SMTPD"	3912	13	"2026-07-16 01:09:17.555"	"10.0.0.128"	"SENT: 220 WIN-2F1VNVRVM11 ESMTP"
"SMTPD"	3880	13	"2026-07-16 01:09:17.620"	"10.0.0.128"	"RECEIVED: EHLO [10.0.0.128]"
"SMTPD"	3880	13	"2026-07-16 01:09:17.620"	"10.0.0.128"	"SENT: 250-WIN-2F1VNVRVM11[nl]250-SIZE 20480000[nl]250-AUTH LOGIN[nl]250 HELP"
"SMTPD"	3912	13	"2026-07-16 01:09:17.620"	"10.0.0.128"	"RECEIVED: AUTH LOGIN"
"SMTPD"	3912	13	"2026-07-16 01:09:17.620"	"10.0.0.128"	"SENT: 334 VXNlcm5hbWU6"
"SMTPD"	3880	13	"2026-07-16 01:09:17.636"	"10.0.0.128"	"RECEIVED: YkBoaS54eXo="
"SMTPD"	3880	13	"2026-07-16 01:09:17.636"	"10.0.0.128"	"SENT: 334 UGFzc3dvcmQ6"
"SMTPD"	3892	13	"2026-07-16 01:09:17.636"	"10.0.0.128"	"RECEIVED: ***"
"SMTPD"	3892	13	"2026-07-16 01:09:17.636"	"10.0.0.128"	"SENT: 235 authenticated."
"SMTPD"	3904	13	"2026-07-16 01:09:17.636"	"10.0.0.128"	"RECEIVED: MAIL FROM:<b@hi.xyz> SIZE=752"
"SMTPD"	3904	13	"2026-07-16 01:09:17.656"	"10.0.0.128"	"SENT: 250 OK"
"SMTPD"	3904	13	"2026-07-16 01:09:17.656"	"10.0.0.128"	"RECEIVED: RCPT TO:<a@hi.xyz>"
"SMTPD"	3904	13	"2026-07-16 01:09:17.656"	"10.0.0.128"	"SENT: 250 OK"
"SMTPD"	3912	13	"2026-07-16 01:09:17.656"	"10.0.0.128"	"RECEIVED: DATA"
"SMTPD"	3912	13	"2026-07-16 01:09:17.656"	"10.0.0.128"	"SENT: 354 OK, send."
"DEBUG"	3912	"2026-07-16 01:09:17.672"	"Adding task AsynchronousTask to work queue Asynchronous task queue"
"DEBUG"	3668	"2026-07-16 01:09:17.672"	"Executing task AsynchronousTask in work queue Asynchronous task queue"
"DEBUG"	3668	"2026-07-16 01:09:17.672"	"Executing event OnAcceptMessage"
"DEBUG"	3668	"2026-07-16 01:09:17.685"	"Event completed"
"DEBUG"	3668	"2026-07-16 01:09:17.685"	"Saving message: {FE788AAF-C383-4D74-B1CE-FD06B1D3B63A}.eml"
"DEBUG"	3668	"2026-07-16 01:09:17.685"	"Requesting SMTPDeliveryManager to start message delivery"
"SMTPD"	3668	13	"2026-07-16 01:09:17.701"	"10.0.0.128"	"SENT: 250 Queued (0.016 seconds)"
"DEBUG"	3708	"2026-07-16 01:09:17.701"	"Adding task DeliveryTask to work queue SMTP delivery queue"
"DEBUG"	3752	"2026-07-16 01:09:17.701"	"Executing task DeliveryTask in work queue SMTP delivery queue"
"DEBUG"	3752	"2026-07-16 01:09:17.701"	"Delivering message..."
"APPLICATION"	3752	"2026-07-16 01:09:17.701"	"SMTPDeliverer - Message 29: Delivering message from b@hi.xyz to a@hi.xyz. File: C:\Program Files (x86)\hMailServer\Data\{FE788AAF-C383-4D74-B1CE-FD06B1D3B63A}.eml"
"DEBUG"	3752	"2026-07-16 01:09:17.701"	"Applying rules"
"DEBUG"	3752	"2026-07-16 01:09:17.701"	"Applying rule Phishing Filter"
"DEBUG"	3752	"2026-07-16 01:09:17.701"	"Performing rule action"
"DEBUG"	3752	"2026-07-16 01:09:17.701"	"Performing rule action"
"DEBUG"	3752	"2026-07-16 01:09:17.701"	"Performing local delivery"
"DEBUG"	3752	"2026-07-16 01:09:17.701"	"Applying rules"
"IMAPD"	3904	10	"2026-07-16 01:09:17.718"	"10.0.0.128"	"RECEIVED: DONE"
"IMAPD"	3904	10	"2026-07-16 01:09:17.718"	"10.0.0.128"	"SENT: 99 OK IDLE terminated"
"DEBUG"	3752	"2026-07-16 01:09:17.733"	"Saving message: {FE788AAF-C383-4D74-B1CE-FD06B1D3B63A}.eml"
"DEBUG"	3752	"2026-07-16 01:09:17.749"	"Reading messages from database."
"IMAPD"	3752	5	"2026-07-16 01:09:17.749"	"10.0.0.128"	"SENT: * 2 EXISTS"
"IMAPD"	3752	5	"2026-07-16 01:09:17.749"	"10.0.0.128"	"SENT: * 2 RECENT"
"DEBUG"	3752	"2026-07-16 01:09:17.758"	"Local delivery completed"
"APPLICATION"	3752	"2026-07-16 01:09:17.758"	"SMTPDeliverer - Message 29: Message delivery thread completed."
"IMAPD"	3912	5	"2026-07-16 01:09:17.781"	"10.0.0.128"	"RECEIVED: DONE"
"IMAPD"	3912	5	"2026-07-16 01:09:17.781"	"10.0.0.128"	"SENT: 41 OK IDLE terminated"
"IMAPD"	3880	10	"2026-07-16 01:09:17.781"	"10.0.0.128"	"RECEIVED: 100 append "Sent" (\Seen) {752}"
"IMAPD"	3880	10	"2026-07-16 01:09:17.781"	"10.0.0.128"	"SENT: + Ready for literal data"
"IMAPD"	3856	5	"2026-07-16 01:09:17.781"	"10.0.0.128"	"RECEIVED: 42 noop"
"IMAPD"	3856	5	"2026-07-16 01:09:17.781"	"10.0.0.128"	"SENT: 42 OK NOOP completed"
"DEBUG"	3912	"2026-07-16 01:09:17.781"	"Saving message: {395B478D-ACEB-4ACC-A1F1-1A96FD5C37C1}.eml"
"DEBUG"	3912	"2026-07-16 01:09:17.797"	"Reading messages from database."
"IMAPD"	3912	10	"2026-07-16 01:09:17.797"	"10.0.0.128"	"SENT: * 4 EXISTS[nl]* 4 RECENT[nl]100 OK APPEND completed"
"IMAPD"	3904	5	"2026-07-16 01:09:17.797"	"10.0.0.128"	"RECEIVED: 43 getquotaroot "INBOX""
"IMAPD"	3904	5	"2026-07-16 01:09:17.797"	"10.0.0.128"	"SENT: * QUOTAROOT "INBOX" ""[nl]* QUOTA "" ()[nl]43 OK GETQUOTAROOT completed"
"IMAPD"	3892	5	"2026-07-16 01:09:17.813"	"10.0.0.128"	"RECEIVED: 44 UID fetch 4:* (FLAGS)"
"IMAPD"	3892	5	"2026-07-16 01:09:17.813"	"10.0.0.128"	"SENT: * 2 FETCH (UID 4 FLAGS ())"
"IMAPD"	3892	5	"2026-07-16 01:09:17.813"	"10.0.0.128"	"SENT: 44 OK UID completed"
"IMAPD"	3912	5	"2026-07-16 01:09:17.813"	"10.0.0.128"	"RECEIVED: 45 UID fetch 4 (UID RFC822.SIZE FLAGS BODY.PEEK[HEADER.FIELDS (From To Cc Bcc Subject Date Message-ID Priority X-Priority References Newsgroups In-Reply-To Content-Type Reply-To Received)])"
"IMAPD"	3912	5	"2026-07-16 01:09:17.819"	"10.0.0.128"	"SENT: * 2 FETCH (UID 4 RFC822.SIZE 926 FLAGS () BODY[HEADER.FIELDS (From To Cc Bcc Subject Date Message-ID Priority X-Priority References Newsgroups In-Reply-To Content-Type Reply-To Received)] {392}"
"IMAPD"	3912	5	"2026-07-16 01:09:17.819"	"10.0.0.128"	"SENT: )"
"IMAPD"	3912	5	"2026-07-16 01:09:17.819"	"10.0.0.128"	"SENT: 45 OK UID completed"
"IMAPD"	3864	5	"2026-07-16 01:09:17.845"	"10.0.0.128"	"RECEIVED: 46 UID fetch 4 (UID RFC822.SIZE BODY.PEEK[])"
"IMAPD"	3864	5	"2026-07-16 01:09:17.845"	"10.0.0.128"	"SENT: * 2 FETCH (UID 4 RFC822.SIZE 926 BODY[] {949}"
"IMAPD"	3864	5	"2026-07-16 01:09:17.845"	"10.0.0.128"	"SENT: )"
"IMAPD"	3864	5	"2026-07-16 01:09:17.845"	"10.0.0.128"	"SENT: 46 OK UID completed"
"IMAPD"	3864	5	"2026-07-16 01:09:17.854"	"10.0.0.128"	"RECEIVED: 47 UID fetch 4 (UID BODY.PEEK[HEADER.FIELDS (Content-Type Content-Transfer-Encoding)] BODY.PEEK[TEXT]<0.2048>)"
"IMAPD"	3864	5	"2026-07-16 01:09:17.854"	"10.0.0.128"	"SENT: * 2 FETCH (UID 4 BODY[HEADER.FIELDS (Content-Type Content-Transfer-Encoding)] {91}"
"IMAPD"	3864	5	"2026-07-16 01:09:17.854"	"10.0.0.128"	"SENT:  BODY[TEXT]<0> {390}"
"IMAPD"	3864	5	"2026-07-16 01:09:17.854"	"10.0.0.128"	"SENT: )"
"IMAPD"	3864	5	"2026-07-16 01:09:17.854"	"10.0.0.128"	"SENT: 47 OK UID completed"
"IMAPD"	3912	5	"2026-07-16 01:09:19.782"	"10.0.0.128"	"RECEIVED: 48 noop"
"IMAPD"	3912	5	"2026-07-16 01:09:19.782"	"10.0.0.128"	"SENT: 48 OK NOOP completed"
"IMAPD"	3856	5	"2026-07-16 01:09:19.782"	"10.0.0.128"	"RECEIVED: 49 getquotaroot "INBOX""
"IMAPD"	3856	5	"2026-07-16 01:09:19.782"	"10.0.0.128"	"SENT: * QUOTAROOT "INBOX" ""[nl]* QUOTA "" ()[nl]49 OK GETQUOTAROOT completed"
"IMAPD"	3892	10	"2026-07-16 01:09:19.814"	"10.0.0.128"	"RECEIVED: 101 IDLE"
"IMAPD"	3892	10	"2026-07-16 01:09:19.814"	"10.0.0.128"	"SENT: + idling"
"IMAPD"	3864	5	"2026-07-16 01:09:19.822"	"10.0.0.128"	"RECEIVED: 50 UID fetch 5:* (FLAGS)"
"IMAPD"	3864	5	"2026-07-16 01:09:19.822"	"10.0.0.128"	"SENT: 50 OK UID completed"
"IMAPD"	3880	5	"2026-07-16 01:09:19.850"	"10.0.0.128"	"RECEIVED: 51 uid store 4 +Flags (\Seen)"
"IMAPD"	3880	5	"2026-07-16 01:09:19.863"	"10.0.0.128"	"SENT: * 2 FETCH (FLAGS (\Seen) UID 4)"
"IMAPD"	3880	5	"2026-07-16 01:09:19.863"	"10.0.0.128"	"SENT: 51 OK UID completed"
"IMAPD"	3912	5	"2026-07-16 01:09:21.865"	"10.0.0.128"	"RECEIVED: 52 IDLE"
"IMAPD"	3912	5	"2026-07-16 01:09:21.865"	"10.0.0.128"	"SENT: + idling"
"SMTPD"	3856	13	"2026-07-16 01:09:23.305"	"10.0.0.128"	"RECEIVED: QUIT"
"SMTPD"	3856	13	"2026-07-16 01:09:23.305"	"10.0.0.128"	"SENT: 221 goodbye"
"DEBUG"	3912	"2026-07-16 01:09:23.305"	"Ending session 13"
"IMAPD"	3912	10	"2026-07-16 01:11:26.857"	"10.0.0.128"	"RECEIVED: DONE"
"IMAPD"	3912	10	"2026-07-16 01:11:26.857"	"10.0.0.128"	"SENT: 101 OK IDLE terminated"
"IMAPD"	3912	9	"2026-07-16 01:11:26.857"	"10.0.0.128"	"RECEIVED: DONE"
"IMAPD"	3912	9	"2026-07-16 01:11:26.857"	"10.0.0.128"	"SENT: 24 OK IDLE terminated"
"IMAPD"	3912	10	"2026-07-16 01:11:26.857"	"10.0.0.128"	"RECEIVED: 102 close"
"IMAPD"	3912	10	"2026-07-16 01:11:26.857"	"10.0.0.128"	"SENT: 102 OK CLOSE completed"
"IMAPD"	3904	7	"2026-07-16 01:11:26.857"	"10.0.0.128"	"RECEIVED: DONE"
"IMAPD"	3904	7	"2026-07-16 01:11:26.857"	"10.0.0.128"	"SENT: 140 OK IDLE terminated"
"IMAPD"	3904	6	"2026-07-16 01:11:26.857"	"10.0.0.128"	"RECEIVED: 105 logout"
"IMAPD"	3904	6	"2026-07-16 01:11:26.857"	"10.0.0.128"	"SENT: * BYE Have a nice day[nl]105 OK Logout completed"
"DEBUG"	3912	"2026-07-16 01:11:26.857"	"Ending session 6"
"IMAPD"	3884	8	"2026-07-16 01:11:26.857"	"10.0.0.128"	"RECEIVED: DONE"
"IMAPD"	3884	8	"2026-07-16 01:11:26.857"	"10.0.0.128"	"SENT: 42 OK IDLE terminated"
"IMAPD"	3904	5	"2026-07-16 01:11:26.872"	"10.0.0.128"	"RECEIVED: DONE"
"IMAPD"	3904	5	"2026-07-16 01:11:26.872"	"10.0.0.128"	"SENT: 52 OK IDLE terminated"
"IMAPD"	3884	3	"2026-07-16 01:11:26.872"	"10.0.0.128"	"RECEIVED: 38 logout"
"IMAPD"	3884	3	"2026-07-16 01:11:26.872"	"10.0.0.128"	"SENT: * BYE Have a nice day[nl]38 OK Logout completed"
"IMAPD"	3872	7	"2026-07-16 01:11:26.872"	"10.0.0.128"	"RECEIVED: 141 close"
"DEBUG"	3872	"2026-07-16 01:11:26.872"	"Deleting message"
"DEBUG"	3896	"2026-07-16 01:11:26.872"	"Ending session 3"
"IMAPD"	3896	9	"2026-07-16 01:11:26.875"	"10.0.0.128"	"RECEIVED: 25 close"
"IMAPD"	3896	9	"2026-07-16 01:11:26.875"	"10.0.0.128"	"SENT: 25 OK CLOSE completed"
"IMAPD"	3884	9	"2026-07-16 01:11:26.875"	"10.0.0.128"	"RECEIVED: 26 logout"
"IMAPD"	3884	9	"2026-07-16 01:11:26.875"	"10.0.0.128"	"SENT: * BYE Have a nice day[nl]26 OK Logout completed"
"DEBUG"	3872	"2026-07-16 01:11:26.875"	"Deleting message file."
"DEBUG"	3872	"2026-07-16 01:11:26.875"	"Deleting message"
"DEBUG"	3872	"2026-07-16 01:11:26.875"	"Deleting message file."
"IMAPD"	3884	10	"2026-07-16 01:11:26.875"	"10.0.0.128"	"RECEIVED: 103 logout"
"IMAPD"	3884	10	"2026-07-16 01:11:26.875"	"10.0.0.128"	"SENT: * BYE Have a nice day[nl]103 OK Logout completed"
"DEBUG"	3900	"2026-07-16 01:11:26.875"	"Ending session 10"
"IMAPD"	3880	8	"2026-07-16 01:11:26.875"	"10.0.0.128"	"RECEIVED: 43 close"
"IMAPD"	3880	8	"2026-07-16 01:11:26.875"	"10.0.0.128"	"SENT: 43 OK CLOSE completed"
"IMAPD"	3912	8	"2026-07-16 01:11:26.875"	"10.0.0.128"	"RECEIVED: 44 logout"
"IMAPD"	3912	8	"2026-07-16 01:11:26.875"	"10.0.0.128"	"SENT: * BYE Have a nice day[nl]44 OK Logout completed"
"DEBUG"	3888	"2026-07-16 01:11:26.875"	"Ending session 8"
"IMAPD"	3856	5	"2026-07-16 01:11:26.875"	"10.0.0.128"	"RECEIVED: 53 close"
"IMAPD"	3856	5	"2026-07-16 01:11:26.875"	"10.0.0.128"	"SENT: 53 OK CLOSE completed"
"IMAPD"	3884	5	"2026-07-16 01:11:26.875"	"10.0.0.128"	"RECEIVED: 54 logout"
"IMAPD"	3884	5	"2026-07-16 01:11:26.875"	"10.0.0.128"	"SENT: * BYE Have a nice day[nl]54 OK Logout completed"
"DEBUG"	3860	"2026-07-16 01:11:26.875"	"Ending session 5"
"IMAPD"	3872	7	"2026-07-16 01:11:26.875"	"10.0.0.128"	"SENT: 141 OK CLOSE completed"
"IMAPD"	3896	7	"2026-07-16 01:11:26.875"	"10.0.0.128"	"RECEIVED: 142 logout"
"IMAPD"	3896	7	"2026-07-16 01:11:26.875"	"10.0.0.128"	"SENT: * BYE Have a nice day[nl]142 OK Logout completed"
"DEBUG"	3856	"2026-07-16 01:11:26.875"	"Ending session 7"
"DEBUG"	3876	"2026-07-16 01:11:26.888"	"Ending session 9"
"DEBUG"	2376	"2026-07-16 01:19:07.958"	"Received shutdown-request from Windows."
"APPLICATION"	2376	"2026-07-16 01:19:07.973"	"Stopping servers..."
"DEBUG"	2376	"2026-07-16 01:19:07.973"	"Application::StopServers() - Removing server work queue"
"DEBUG"	2376	"2026-07-16 01:19:07.973"	"WorkQueueManager::RemoveQueue - Server queue"
"DEBUG"	2376	"2026-07-16 01:19:07.973"	"Stopping working queue Server queue."
"DEBUG"	2376	"2026-07-16 01:19:07.973"	"Interupt and join threads in working queue Server queue"
"DEBUG"	3704	"2026-07-16 01:19:07.973"	"IOService::Stop()"
"DEBUG"	3908	"2026-07-16 01:19:07.973"	"TCP - AcceptEx failed. Error code: 995, Message: 스레드 종료 또는 응용 프로그램 요청 때문에 I/O 작업이 취소되었습니다"
"DEBUG"	3908	"2026-07-16 01:19:07.973"	"Ending session 1"
"DEBUG"	3908	"2026-07-16 01:19:07.973"	"TCP - AcceptEx failed. Error code: 995, Message: 스레드 종료 또는 응용 프로그램 요청 때문에 I/O 작업이 취소되었습니다"
"DEBUG"	3908	"2026-07-16 01:19:07.973"	"Ending session 2"
"DEBUG"	3908	"2026-07-16 01:19:07.973"	"TCP - AcceptEx failed. Error code: 995, Message: 스레드 종료 또는 응용 프로그램 요청 때문에 I/O 작업이 취소되었습니다"
"DEBUG"	3908	"2026-07-16 01:19:07.973"	"Ending session 11"
"DEBUG"	3908	"2026-07-16 01:19:07.973"	"TCP - AcceptEx failed. Error code: 995, Message: 스레드 종료 또는 응용 프로그램 요청 때문에 I/O 작업이 취소되었습니다"
"DEBUG"	3908	"2026-07-16 01:19:07.973"	"Ending session 14"
"DEBUG"	3704	"2026-07-16 01:19:07.973"	"IOService::DoWork() - removing Queue IOCP Queue"
"DEBUG"	3704	"2026-07-16 01:19:07.973"	"WorkQueueManager::RemoveQueue - IOCPQueue"
"DEBUG"	3704	"2026-07-16 01:19:07.973"	"Stopping working queue IOCPQueue."
"DEBUG"	3704	"2026-07-16 01:19:07.973"	"Interupt and join threads in working queue IOCPQueue"
"DEBUG"	3908	"2026-07-16 01:19:07.989"	"Worker exited in work queue IOCPQueue"
"DEBUG"	3892	"2026-07-16 01:19:07.989"	"Worker exited in work queue IOCPQueue"
"DEBUG"	3700	"2026-07-16 01:19:07.989"	"Worker exited in work queue Server queue"
"DEBUG"	3708	"2026-07-16 01:19:07.989"	"Worker exited in work queue Server queue"
"DEBUG"	3712	"2026-07-16 01:19:08.005"	"Worker exited in work queue Server queue"
"DEBUG"	3860	"2026-07-16 01:19:08.005"	"Worker exited in work queue IOCPQueue"
"DEBUG"	2376	"2026-07-16 01:19:08.020"	"Still 3 remaining threads in queue Server queue. First task: IOService"
"DEBUG"	3888	"2026-07-16 01:19:08.020"	"Worker exited in work queue IOCPQueue"
"DEBUG"	3900	"2026-07-16 01:19:08.036"	"Worker exited in work queue IOCPQueue"
"DEBUG"	3876	"2026-07-16 01:19:08.052"	"Worker exited in work queue IOCPQueue"
"DEBUG"	3864	"2026-07-16 01:19:08.067"	"Worker exited in work queue IOCPQueue"
"DEBUG"	3880	"2026-07-16 01:19:08.099"	"Worker exited in work queue IOCPQueue"
"DEBUG"	3872	"2026-07-16 01:19:08.099"	"Worker exited in work queue IOCPQueue"
"DEBUG"	3856	"2026-07-16 01:19:08.130"	"Worker exited in work queue IOCPQueue"
"DEBUG"	3912	"2026-07-16 01:19:08.145"	"Worker exited in work queue IOCPQueue"
"DEBUG"	3884	"2026-07-16 01:19:08.145"	"Worker exited in work queue IOCPQueue"
"DEBUG"	3904	"2026-07-16 01:19:08.145"	"Worker exited in work queue IOCPQueue"
"DEBUG"	3896	"2026-07-16 01:19:08.145"	"Worker exited in work queue IOCPQueue"
"DEBUG"	3704	"2026-07-16 01:19:08.145"	"Still 9 remaining threads in queue IOCPQueue. First task: IOCPQueueWorkerTask"
"DEBUG"	2376	"2026-07-16 01:19:08.302"	"Still 1 remaining threads in queue Server queue. First task: IOService"
"DEBUG"	3868	"2026-07-16 01:19:08.411"	"Worker exited in work queue IOCPQueue"
"DEBUG"	3704	"2026-07-16 01:19:08.411"	"All threads are joined in queue IOCPQueue."
"DEBUG"	3704	"2026-07-16 01:19:08.411"	"WorkQueueManager::RemoveQueue - Stopped IOCPQueue"
"DEBUG"	3704	"2026-07-16 01:19:08.411"	"WorkQueueManager::RemoveQueue - Erased IOCPQueue"
"DEBUG"	3704	"2026-07-16 01:19:08.411"	"IOService::Stop() - Complete"
"DEBUG"	3704	"2026-07-16 01:19:08.411"	"Destructing work queue IOCPQueue"
"DEBUG"	3704	"2026-07-16 01:19:08.568"	"Worker exited in work queue Server queue"
"DEBUG"	2376	"2026-07-16 01:19:08.568"	"All threads are joined in queue Server queue."
"DEBUG"	2376	"2026-07-16 01:19:08.568"	"WorkQueueManager::RemoveQueue - Stopped Server queue"
"DEBUG"	2376	"2026-07-16 01:19:08.568"	"WorkQueueManager::RemoveQueue - Erased Server queue"
"DEBUG"	2376	"2026-07-16 01:19:08.568"	"Destructing work queue Server queue"
"DEBUG"	2376	"2026-07-16 01:19:08.568"	"Application::StopServers() - Clearing caches"
"DEBUG"	2376	"2026-07-16 01:19:08.568"	"Application::StopServers() - Destructing IOCP"
"DEBUG"	2376	"2026-07-16 01:19:08.568"	"IOService::~IOService - Destructing"
"DEBUG"	2376	"2026-07-16 01:19:08.568"	"TCPServer::~TCPServer"
"DEBUG"	2376	"2026-07-16 01:19:08.568"	"TCPServer::~TCPServer"
"DEBUG"	2376	"2026-07-16 01:19:08.568"	"TCPServer::~TCPServer"
"DEBUG"	2376	"2026-07-16 01:19:08.568"	"TCPServer::~TCPServer"
"DEBUG"	2376	"2026-07-16 01:19:08.568"	"Application::StopServers() - Destructing DeliveryManager"
"DEBUG"	2376	"2026-07-16 01:19:08.568"	"WorkQueueManager::RemoveQueue - SMTP delivery queue"
"DEBUG"	2376	"2026-07-16 01:19:08.568"	"Stopping working queue SMTP delivery queue."
"DEBUG"	2376	"2026-07-16 01:19:08.568"	"Interupt and join threads in working queue SMTP delivery queue"
"DEBUG"	3752	"2026-07-16 01:19:08.568"	"Worker exited in work queue SMTP delivery queue"
"DEBUG"	3720	"2026-07-16 01:19:08.568"	"Worker exited in work queue SMTP delivery queue"
"DEBUG"	3744	"2026-07-16 01:19:08.568"	"Worker exited in work queue SMTP delivery queue"
"DEBUG"	3740	"2026-07-16 01:19:08.568"	"Worker exited in work queue SMTP delivery queue"
"DEBUG"	3736	"2026-07-16 01:19:08.568"	"Worker exited in work queue SMTP delivery queue"
"DEBUG"	3732	"2026-07-16 01:19:08.568"	"Worker exited in work queue SMTP delivery queue"
"DEBUG"	3728	"2026-07-16 01:19:08.568"	"Worker exited in work queue SMTP delivery queue"
"DEBUG"	3724	"2026-07-16 01:19:08.568"	"Worker exited in work queue SMTP delivery queue"
"DEBUG"	3748	"2026-07-16 01:19:08.568"	"Worker exited in work queue SMTP delivery queue"
"DEBUG"	3716	"2026-07-16 01:19:08.568"	"Worker exited in work queue SMTP delivery queue"
"DEBUG"	2376	"2026-07-16 01:19:08.568"	"All threads are joined in queue SMTP delivery queue."
"DEBUG"	2376	"2026-07-16 01:19:08.568"	"WorkQueueManager::RemoveQueue - Stopped SMTP delivery queue"
"DEBUG"	2376	"2026-07-16 01:19:08.568"	"WorkQueueManager::RemoveQueue - Erased SMTP delivery queue"
"DEBUG"	2376	"2026-07-16 01:19:08.568"	"Destructing work queue SMTP delivery queue"
"DEBUG"	2376	"2026-07-16 01:19:08.568"	"Application::StopServers() - Destructing FetchManager"
"DEBUG"	2376	"2026-07-16 01:19:08.568"	"ExternalFetchManager::~ExternalFetchManager"
"DEBUG"	2376	"2026-07-16 01:19:08.568"	"WorkQueueManager::RemoveQueue - External fetch queue"
"DEBUG"	2376	"2026-07-16 01:19:08.568"	"Stopping working queue External fetch queue."
"DEBUG"	2376	"2026-07-16 01:19:08.568"	"Interupt and join threads in working queue External fetch queue"
"DEBUG"	3800	"2026-07-16 01:19:08.568"	"Worker exited in work queue External fetch queue"
"DEBUG"	3808	"2026-07-16 01:19:08.568"	"Worker exited in work queue External fetch queue"
"DEBUG"	3804	"2026-07-16 01:19:08.568"	"Worker exited in work queue External fetch queue"
"DEBUG"	3812	"2026-07-16 01:19:08.568"	"Worker exited in work queue External fetch queue"
"DEBUG"	3796	"2026-07-16 01:19:08.568"	"Worker exited in work queue External fetch queue"
"DEBUG"	3792	"2026-07-16 01:19:08.568"	"Worker exited in work queue External fetch queue"
"DEBUG"	3788	"2026-07-16 01:19:08.568"	"Worker exited in work queue External fetch queue"
"DEBUG"	3784	"2026-07-16 01:19:08.568"	"Worker exited in work queue External fetch queue"
"DEBUG"	3780	"2026-07-16 01:19:08.568"	"Worker exited in work queue External fetch queue"
"DEBUG"	3776	"2026-07-16 01:19:08.568"	"Worker exited in work queue External fetch queue"
"DEBUG"	3772	"2026-07-16 01:19:08.568"	"Worker exited in work queue External fetch queue"
"DEBUG"	3768	"2026-07-16 01:19:08.568"	"Worker exited in work queue External fetch queue"
"DEBUG"	3764	"2026-07-16 01:19:08.568"	"Worker exited in work queue External fetch queue"
"DEBUG"	3760	"2026-07-16 01:19:08.568"	"Worker exited in work queue External fetch queue"
"DEBUG"	3756	"2026-07-16 01:19:08.568"	"Worker exited in work queue External fetch queue"
"DEBUG"	2376	"2026-07-16 01:19:08.568"	"All threads are joined in queue External fetch queue."
"DEBUG"	2376	"2026-07-16 01:19:08.568"	"WorkQueueManager::RemoveQueue - Stopped External fetch queue"
"DEBUG"	2376	"2026-07-16 01:19:08.568"	"WorkQueueManager::RemoveQueue - Erased External fetch queue"
"DEBUG"	2376	"2026-07-16 01:19:08.568"	"Destructing work queue External fetch queue"
"DEBUG"	2376	"2026-07-16 01:19:08.568"	"ExternalFetchManager::~ExternalFetchManager - Removed queue"
"DEBUG"	2376	"2026-07-16 01:19:08.568"	"Application::StopServers() - Destructing Scheduler"
"DEBUG"	2376	"2026-07-16 01:19:08.568"	"Application::StopServers() - Destructing Rest"
"APPLICATION"	2376	"2026-07-16 01:19:08.568"	"Servers stopped."
"DEBUG"	2376	"2026-07-16 01:19:08.568"	"WorkQueueManager::RemoveQueue - Maintenance queue"
"DEBUG"	2376	"2026-07-16 01:19:08.583"	"Stopping working queue Maintenance queue."
"DEBUG"	2376	"2026-07-16 01:19:08.583"	"Interupt and join threads in working queue Maintenance queue"
"DEBUG"	3320	"2026-07-16 01:19:08.583"	"Worker exited in work queue Maintenance queue"
"DEBUG"	3316	"2026-07-16 01:19:08.583"	"Worker exited in work queue Maintenance queue"
"DEBUG"	3312	"2026-07-16 01:19:08.583"	"Worker exited in work queue Maintenance queue"
"DEBUG"	3308	"2026-07-16 01:19:08.583"	"Worker exited in work queue Maintenance queue"
"DEBUG"	3304	"2026-07-16 01:19:08.583"	"Worker exited in work queue Maintenance queue"
"DEBUG"	2376	"2026-07-16 01:19:08.583"	"All threads are joined in queue Maintenance queue."
"DEBUG"	2376	"2026-07-16 01:19:08.583"	"WorkQueueManager::RemoveQueue - Stopped Maintenance queue"
"DEBUG"	2376	"2026-07-16 01:19:08.583"	"WorkQueueManager::RemoveQueue - Erased Maintenance queue"
"DEBUG"	2376	"2026-07-16 01:19:08.583"	"Destructing work queue Maintenance queue"
"DEBUG"	2376	"2026-07-16 01:19:08.583"	"WorkQueueManager::RemoveQueue - Asynchronous task queue"
"DEBUG"	2376	"2026-07-16 01:19:08.583"	"Stopping working queue Asynchronous task queue."
"DEBUG"	2376	"2026-07-16 01:19:08.583"	"Interupt and join threads in working queue Asynchronous task queue"
"DEBUG"	3668	"2026-07-16 01:19:08.583"	"Worker exited in work queue Asynchronous task queue"
"DEBUG"	3664	"2026-07-16 01:19:08.583"	"Worker exited in work queue Asynchronous task queue"
"DEBUG"	3660	"2026-07-16 01:19:08.583"	"Worker exited in work queue Asynchronous task queue"
"DEBUG"	3656	"2026-07-16 01:19:08.583"	"Worker exited in work queue Asynchronous task queue"
"DEBUG"	3652	"2026-07-16 01:19:08.583"	"Worker exited in work queue Asynchronous task queue"
"DEBUG"	3648	"2026-07-16 01:19:08.583"	"Worker exited in work queue Asynchronous task queue"
"DEBUG"	3644	"2026-07-16 01:19:08.583"	"Worker exited in work queue Asynchronous task queue"
"DEBUG"	3640	"2026-07-16 01:19:08.583"	"Worker exited in work queue Asynchronous task queue"
"DEBUG"	3636	"2026-07-16 01:19:08.583"	"Worker exited in work queue Asynchronous task queue"
"DEBUG"	3632	"2026-07-16 01:19:08.583"	"Worker exited in work queue Asynchronous task queue"
"DEBUG"	3628	"2026-07-16 01:19:08.583"	"Worker exited in work queue Asynchronous task queue"
"DEBUG"	3624	"2026-07-16 01:19:08.583"	"Worker exited in work queue Asynchronous task queue"
"DEBUG"	3620	"2026-07-16 01:19:08.583"	"Worker exited in work queue Asynchronous task queue"
"DEBUG"	3616	"2026-07-16 01:19:08.583"	"Worker exited in work queue Asynchronous task queue"
"DEBUG"	3612	"2026-07-16 01:19:08.583"	"Worker exited in work queue Asynchronous task queue"
"DEBUG"	2376	"2026-07-16 01:19:08.583"	"All threads are joined in queue Asynchronous task queue."
"DEBUG"	2376	"2026-07-16 01:19:08.583"	"WorkQueueManager::RemoveQueue - Stopped Asynchronous task queue"
"DEBUG"	2376	"2026-07-16 01:19:08.583"	"WorkQueueManager::RemoveQueue - Erased Asynchronous task queue"
"DEBUG"	2376	"2026-07-16 01:19:08.583"	"Destructing work queue Asynchronous task queue"
"DEBUG"	2376	"2026-07-16 01:19:08.583"	"Application::ExitInstance - Closing database connection..."
"DEBUG"	2376	"2026-07-16 01:19:08.583"	"Application::ExitInstance - Deleting caches..."
"DEBUG"	2784	"2026-07-16 01:23:43.951"	"Application::InitInstance - Configuration loaded."
"DEBUG"	2784	"2026-07-16 01:23:43.951"	"Creating work queue Asynchronous task queue"
"DEBUG"	2784	"2026-07-16 01:23:43.951"	"Starting work queue Asynchronous task queue"
"DEBUG"	2784	"2026-07-16 01:23:43.951"	"Started work queue Asynchronous task queue"
"APPLICATION"	2784	"2026-07-16 01:23:43.951"	"Starting servers..."
"DEBUG"	2784	"2026-07-16 01:23:43.966"	"Creating work queue Server queue"
"DEBUG"	2784	"2026-07-16 01:23:43.966"	"Starting work queue Server queue"
"DEBUG"	2784	"2026-07-16 01:23:43.966"	"Started work queue Server queue"
"DEBUG"	2784	"2026-07-16 01:23:43.966"	"Adding task Scheduler to work queue Server queue"
"DEBUG"	2784	"2026-07-16 01:23:43.966"	"Adding task IOService to work queue Server queue"
"DEBUG"	2784	"2026-07-16 01:23:43.966"	"Creating work queue SMTP delivery queue"
"DEBUG"	2784	"2026-07-16 01:23:43.966"	"Starting work queue SMTP delivery queue"
"DEBUG"	2784	"2026-07-16 01:23:43.966"	"Started work queue SMTP delivery queue"
"DEBUG"	2784	"2026-07-16 01:23:43.966"	"Adding task SMTPDeliveryManager to work queue Server queue"
"DEBUG"	2784	"2026-07-16 01:23:43.966"	"Creating work queue External fetch queue"
"DEBUG"	2784	"2026-07-16 01:23:43.982"	"Starting work queue External fetch queue"
"DEBUG"	2784	"2026-07-16 01:23:43.982"	"Started work queue External fetch queue"
"DEBUG"	2784	"2026-07-16 01:23:43.982"	"Adding task ExternalFetchManager to work queue Server queue"
"DEBUG"	3552	"2026-07-16 01:23:44.044"	"Running worker in work queue Asynchronous task queue"
"DEBUG"	3556	"2026-07-16 01:23:44.044"	"Running worker in work queue Asynchronous task queue"
"DEBUG"	3560	"2026-07-16 01:23:44.044"	"Running worker in work queue Asynchronous task queue"
"DEBUG"	3564	"2026-07-16 01:23:44.044"	"Running worker in work queue Asynchronous task queue"
"DEBUG"	3568	"2026-07-16 01:23:44.044"	"Running worker in work queue Asynchronous task queue"
"DEBUG"	3572	"2026-07-16 01:23:44.044"	"Running worker in work queue Asynchronous task queue"
"DEBUG"	3576	"2026-07-16 01:23:44.044"	"Running worker in work queue Asynchronous task queue"
"DEBUG"	3580	"2026-07-16 01:23:44.044"	"Running worker in work queue Asynchronous task queue"
"DEBUG"	3584	"2026-07-16 01:23:44.044"	"Running worker in work queue Asynchronous task queue"
"DEBUG"	3588	"2026-07-16 01:23:44.044"	"Running worker in work queue Asynchronous task queue"
"DEBUG"	3592	"2026-07-16 01:23:44.044"	"Running worker in work queue Asynchronous task queue"
"DEBUG"	3596	"2026-07-16 01:23:44.060"	"Running worker in work queue Asynchronous task queue"
"DEBUG"	3600	"2026-07-16 01:23:44.060"	"Running worker in work queue Asynchronous task queue"
"DEBUG"	3604	"2026-07-16 01:23:44.060"	"Running worker in work queue Asynchronous task queue"
"DEBUG"	3608	"2026-07-16 01:23:44.060"	"Running worker in work queue Asynchronous task queue"
"DEBUG"	3616	"2026-07-16 01:23:44.060"	"Running worker in work queue Server queue"
"DEBUG"	3616	"2026-07-16 01:23:44.060"	"Executing task Scheduler in work queue Server queue"
"DEBUG"	3620	"2026-07-16 01:23:44.060"	"Running worker in work queue Server queue"
"DEBUG"	3620	"2026-07-16 01:23:44.060"	"Executing task IOService in work queue Server queue"
"DEBUG"	3620	"2026-07-16 01:23:44.060"	"IOService::Start()"
"DEBUG"	3624	"2026-07-16 01:23:44.076"	"Running worker in work queue Server queue"
"DEBUG"	3624	"2026-07-16 01:23:44.076"	"Executing task SMTPDeliveryManager in work queue Server queue"
"DEBUG"	3624	"2026-07-16 01:23:44.076"	"SMTPDeliveryManager::Start()"
"DEBUG"	3628	"2026-07-16 01:23:44.076"	"Running worker in work queue Server queue"
"DEBUG"	3628	"2026-07-16 01:23:44.076"	"Executing task ExternalFetchManager in work queue Server queue"
"APPLICATION"	2784	"2026-07-16 01:23:44.076"	"Servers started."
"DEBUG"	3628	"2026-07-16 01:23:44.076"	"ExternalFetchManager::Start()"
"DEBUG"	3632	"2026-07-16 01:23:44.076"	"Running worker in work queue SMTP delivery queue"
"DEBUG"	3636	"2026-07-16 01:23:44.076"	"Running worker in work queue SMTP delivery queue"
"DEBUG"	3640	"2026-07-16 01:23:44.076"	"Running worker in work queue SMTP delivery queue"
"DEBUG"	3644	"2026-07-16 01:23:44.076"	"Running worker in work queue SMTP delivery queue"
"DEBUG"	3648	"2026-07-16 01:23:44.076"	"Running worker in work queue SMTP delivery queue"
"DEBUG"	3652	"2026-07-16 01:23:44.076"	"Running worker in work queue SMTP delivery queue"
"DEBUG"	3656	"2026-07-16 01:23:44.076"	"Running worker in work queue SMTP delivery queue"
"DEBUG"	3660	"2026-07-16 01:23:44.076"	"Running worker in work queue SMTP delivery queue"
"DEBUG"	3664	"2026-07-16 01:23:44.076"	"Running worker in work queue SMTP delivery queue"
"DEBUG"	3668	"2026-07-16 01:23:44.076"	"Running worker in work queue SMTP delivery queue"
"DEBUG"	3672	"2026-07-16 01:23:44.076"	"Running worker in work queue External fetch queue"
"DEBUG"	3676	"2026-07-16 01:23:44.076"	"Running worker in work queue External fetch queue"
"DEBUG"	3680	"2026-07-16 01:23:44.076"	"Running worker in work queue External fetch queue"
"DEBUG"	3684	"2026-07-16 01:23:44.076"	"Running worker in work queue External fetch queue"
"DEBUG"	3688	"2026-07-16 01:23:44.076"	"Running worker in work queue External fetch queue"
"DEBUG"	3692	"2026-07-16 01:23:44.076"	"Running worker in work queue External fetch queue"
"DEBUG"	3696	"2026-07-16 01:23:44.076"	"Running worker in work queue External fetch queue"
"DEBUG"	3700	"2026-07-16 01:23:44.076"	"Running worker in work queue External fetch queue"
"DEBUG"	3704	"2026-07-16 01:23:44.091"	"Running worker in work queue External fetch queue"
"DEBUG"	3708	"2026-07-16 01:23:44.091"	"Running worker in work queue External fetch queue"
"DEBUG"	3712	"2026-07-16 01:23:44.091"	"Running worker in work queue External fetch queue"
"DEBUG"	3716	"2026-07-16 01:23:44.091"	"Running worker in work queue External fetch queue"
"DEBUG"	3720	"2026-07-16 01:23:44.091"	"Running worker in work queue External fetch queue"
"DEBUG"	3724	"2026-07-16 01:23:44.091"	"Running worker in work queue External fetch queue"
"DEBUG"	3728	"2026-07-16 01:23:44.091"	"Running worker in work queue External fetch queue"
"DEBUG"	3620	"2026-07-16 01:23:44.122"	"Creating session 1"
"DEBUG"	3620	"2026-07-16 01:23:44.122"	"Creating session 2"
"DEBUG"	3620	"2026-07-16 01:23:44.122"	"Creating session 3"
"DEBUG"	3620	"2026-07-16 01:23:44.122"	"Creating session 4"
"DEBUG"	3620	"2026-07-16 01:23:44.122"	"Creating work queue IOCPQueue"
"DEBUG"	3620	"2026-07-16 01:23:44.122"	"Starting work queue IOCPQueue"
"DEBUG"	3620	"2026-07-16 01:23:44.122"	"Started work queue IOCPQueue"
"DEBUG"	3620	"2026-07-16 01:23:44.122"	"Adding task IOCPQueueWorkerTask to work queue IOCPQueue"
"DEBUG"	3620	"2026-07-16 01:23:44.122"	"Adding task IOCPQueueWorkerTask to work queue IOCPQueue"
"DEBUG"	3620	"2026-07-16 01:23:44.122"	"Adding task IOCPQueueWorkerTask to work queue IOCPQueue"
"DEBUG"	3620	"2026-07-16 01:23:44.122"	"Adding task IOCPQueueWorkerTask to work queue IOCPQueue"
"DEBUG"	3620	"2026-07-16 01:23:44.122"	"Adding task IOCPQueueWorkerTask to work queue IOCPQueue"
"DEBUG"	3620	"2026-07-16 01:23:44.122"	"Adding task IOCPQueueWorkerTask to work queue IOCPQueue"
"DEBUG"	3620	"2026-07-16 01:23:44.122"	"Adding task IOCPQueueWorkerTask to work queue IOCPQueue"
"DEBUG"	3620	"2026-07-16 01:23:44.122"	"Adding task IOCPQueueWorkerTask to work queue IOCPQueue"
"DEBUG"	3620	"2026-07-16 01:23:44.122"	"Adding task IOCPQueueWorkerTask to work queue IOCPQueue"
"DEBUG"	3620	"2026-07-16 01:23:44.122"	"Adding task IOCPQueueWorkerTask to work queue IOCPQueue"
"DEBUG"	3620	"2026-07-16 01:23:44.122"	"Adding task IOCPQueueWorkerTask to work queue IOCPQueue"
"DEBUG"	3620	"2026-07-16 01:23:44.122"	"Adding task IOCPQueueWorkerTask to work queue IOCPQueue"
"DEBUG"	3620	"2026-07-16 01:23:44.122"	"Adding task IOCPQueueWorkerTask to work queue IOCPQueue"
"DEBUG"	3620	"2026-07-16 01:23:44.122"	"Adding task IOCPQueueWorkerTask to work queue IOCPQueue"
"DEBUG"	3620	"2026-07-16 01:23:44.122"	"Adding task IOCPQueueWorkerTask to work queue IOCPQueue"
"DEBUG"	3820	"2026-07-16 01:23:44.310"	"Running worker in work queue IOCPQueue"
"DEBUG"	3820	"2026-07-16 01:23:44.310"	"Executing task IOCPQueueWorkerTask in work queue IOCPQueue"
"DEBUG"	3824	"2026-07-16 01:23:44.310"	"Running worker in work queue IOCPQueue"
"DEBUG"	3824	"2026-07-16 01:23:44.310"	"Executing task IOCPQueueWorkerTask in work queue IOCPQueue"
"DEBUG"	3828	"2026-07-16 01:23:44.310"	"Running worker in work queue IOCPQueue"
"DEBUG"	3828	"2026-07-16 01:23:44.310"	"Executing task IOCPQueueWorkerTask in work queue IOCPQueue"
"DEBUG"	3832	"2026-07-16 01:23:44.310"	"Running worker in work queue IOCPQueue"
"DEBUG"	3832	"2026-07-16 01:23:44.310"	"Executing task IOCPQueueWorkerTask in work queue IOCPQueue"
"DEBUG"	3836	"2026-07-16 01:23:44.310"	"Running worker in work queue IOCPQueue"
"DEBUG"	3836	"2026-07-16 01:23:44.310"	"Executing task IOCPQueueWorkerTask in work queue IOCPQueue"
"DEBUG"	3840	"2026-07-16 01:23:44.310"	"Running worker in work queue IOCPQueue"
"DEBUG"	3840	"2026-07-16 01:23:44.310"	"Executing task IOCPQueueWorkerTask in work queue IOCPQueue"
"DEBUG"	3844	"2026-07-16 01:23:44.310"	"Running worker in work queue IOCPQueue"
"DEBUG"	3844	"2026-07-16 01:23:44.310"	"Executing task IOCPQueueWorkerTask in work queue IOCPQueue"
"DEBUG"	3848	"2026-07-16 01:23:44.310"	"Running worker in work queue IOCPQueue"
"DEBUG"	3848	"2026-07-16 01:23:44.310"	"Executing task IOCPQueueWorkerTask in work queue IOCPQueue"
"DEBUG"	3852	"2026-07-16 01:23:44.310"	"Running worker in work queue IOCPQueue"
"DEBUG"	3852	"2026-07-16 01:23:44.310"	"Executing task IOCPQueueWorkerTask in work queue IOCPQueue"
"DEBUG"	3856	"2026-07-16 01:23:44.310"	"Running worker in work queue IOCPQueue"
"DEBUG"	3856	"2026-07-16 01:23:44.310"	"Executing task IOCPQueueWorkerTask in work queue IOCPQueue"
"DEBUG"	3860	"2026-07-16 01:23:44.310"	"Running worker in work queue IOCPQueue"
"DEBUG"	3860	"2026-07-16 01:23:44.310"	"Executing task IOCPQueueWorkerTask in work queue IOCPQueue"
"DEBUG"	3864	"2026-07-16 01:23:44.310"	"Running worker in work queue IOCPQueue"
"DEBUG"	3864	"2026-07-16 01:23:44.310"	"Executing task IOCPQueueWorkerTask in work queue IOCPQueue"
"DEBUG"	3868	"2026-07-16 01:23:44.310"	"Running worker in work queue IOCPQueue"
"DEBUG"	3868	"2026-07-16 01:23:44.310"	"Executing task IOCPQueueWorkerTask in work queue IOCPQueue"
"DEBUG"	3872	"2026-07-16 01:23:44.326"	"Running worker in work queue IOCPQueue"
"DEBUG"	3872	"2026-07-16 01:23:44.326"	"Executing task IOCPQueueWorkerTask in work queue IOCPQueue"
"DEBUG"	3876	"2026-07-16 01:23:44.326"	"Running worker in work queue IOCPQueue"
"DEBUG"	2904	"2026-07-16 11:58:17.544"	"Application::InitInstance - Configuration loaded."
"DEBUG"	2904	"2026-07-16 11:58:17.544"	"Creating work queue Asynchronous task queue"
"DEBUG"	2904	"2026-07-16 11:58:17.544"	"Starting work queue Asynchronous task queue"
"DEBUG"	2904	"2026-07-16 11:58:17.544"	"Started work queue Asynchronous task queue"
"APPLICATION"	2904	"2026-07-16 11:58:17.544"	"Starting servers..."
"DEBUG"	3752	"2026-07-16 11:58:17.638"	"Running worker in work queue Asynchronous task queue"
"DEBUG"	3756	"2026-07-16 11:58:17.654"	"Running worker in work queue Asynchronous task queue"
"DEBUG"	3760	"2026-07-16 11:58:17.654"	"Running worker in work queue Asynchronous task queue"
"DEBUG"	3764	"2026-07-16 11:58:17.654"	"Running worker in work queue Asynchronous task queue"
"DEBUG"	3768	"2026-07-16 11:58:17.670"	"Running worker in work queue Asynchronous task queue"
"DEBUG"	2904	"2026-07-16 11:58:17.670"	"Creating work queue Server queue"
"DEBUG"	2904	"2026-07-16 11:58:17.670"	"Starting work queue Server queue"
"DEBUG"	2904	"2026-07-16 11:58:17.670"	"Started work queue Server queue"
"DEBUG"	2904	"2026-07-16 11:58:17.670"	"Adding task Scheduler to work queue Server queue"
"DEBUG"	3772	"2026-07-16 11:58:17.670"	"Running worker in work queue Asynchronous task queue"
"DEBUG"	3776	"2026-07-16 11:58:17.670"	"Running worker in work queue Asynchronous task queue"
"DEBUG"	3780	"2026-07-16 11:58:17.670"	"Running worker in work queue Asynchronous task queue"
"DEBUG"	2904	"2026-07-16 11:58:17.670"	"Adding task IOService to work queue Server queue"
"DEBUG"	3784	"2026-07-16 11:58:17.670"	"Running worker in work queue Asynchronous task queue"
"DEBUG"	3788	"2026-07-16 11:58:17.670"	"Running worker in work queue Asynchronous task queue"
"DEBUG"	2904	"2026-07-16 11:58:17.670"	"Creating work queue SMTP delivery queue"
"DEBUG"	2904	"2026-07-16 11:58:17.670"	"Starting work queue SMTP delivery queue"
"DEBUG"	2904	"2026-07-16 11:58:17.670"	"Started work queue SMTP delivery queue"
"DEBUG"	2904	"2026-07-16 11:58:17.670"	"Adding task SMTPDeliveryManager to work queue Server queue"
"DEBUG"	2904	"2026-07-16 11:58:17.670"	"Creating work queue External fetch queue"
"DEBUG"	2904	"2026-07-16 11:58:17.670"	"Starting work queue External fetch queue"
"DEBUG"	2904	"2026-07-16 11:58:17.670"	"Started work queue External fetch queue"
"DEBUG"	3792	"2026-07-16 11:58:17.670"	"Running worker in work queue Asynchronous task queue"
"DEBUG"	2904	"2026-07-16 11:58:17.670"	"Adding task ExternalFetchManager to work queue Server queue"
"DEBUG"	3796	"2026-07-16 11:58:17.670"	"Running worker in work queue Asynchronous task queue"
"DEBUG"	3800	"2026-07-16 11:58:17.670"	"Running worker in work queue Asynchronous task queue"
"DEBUG"	3804	"2026-07-16 11:58:17.670"	"Running worker in work queue Asynchronous task queue"
"DEBUG"	3808	"2026-07-16 11:58:17.685"	"Running worker in work queue Asynchronous task queue"
"DEBUG"	3828	"2026-07-16 11:58:17.779"	"Running worker in work queue Server queue"
"DEBUG"	3828	"2026-07-16 11:58:17.779"	"Executing task Scheduler in work queue Server queue"
"DEBUG"	3832	"2026-07-16 11:58:17.779"	"Running worker in work queue Server queue"
"DEBUG"	3832	"2026-07-16 11:58:17.779"	"Executing task IOService in work queue Server queue"
"DEBUG"	3832	"2026-07-16 11:58:17.795"	"IOService::Start()"
"DEBUG"	3836	"2026-07-16 11:58:17.795"	"Running worker in work queue Server queue"
"DEBUG"	3836	"2026-07-16 11:58:17.795"	"Executing task SMTPDeliveryManager in work queue Server queue"
"DEBUG"	3836	"2026-07-16 11:58:17.795"	"SMTPDeliveryManager::Start()"
"DEBUG"	3840	"2026-07-16 11:58:17.795"	"Running worker in work queue Server queue"
"DEBUG"	3840	"2026-07-16 11:58:17.795"	"Executing task ExternalFetchManager in work queue Server queue"
"DEBUG"	3840	"2026-07-16 11:58:17.810"	"ExternalFetchManager::Start()"
"APPLICATION"	2904	"2026-07-16 11:58:17.810"	"Servers started."
"DEBUG"	3852	"2026-07-16 11:58:17.810"	"Running worker in work queue SMTP delivery queue"
"DEBUG"	3856	"2026-07-16 11:58:17.810"	"Running worker in work queue SMTP delivery queue"
"DEBUG"	3860	"2026-07-16 11:58:17.810"	"Running worker in work queue SMTP delivery queue"
"DEBUG"	3864	"2026-07-16 11:58:17.810"	"Running worker in work queue SMTP delivery queue"
"DEBUG"	3868	"2026-07-16 11:58:17.810"	"Running worker in work queue SMTP delivery queue"
"DEBUG"	3872	"2026-07-16 11:58:17.826"	"Running worker in work queue SMTP delivery queue"
"DEBUG"	3876	"2026-07-16 11:58:17.826"	"Running worker in work queue SMTP delivery queue"
"DEBUG"	3880	"2026-07-16 11:58:17.826"	"Running worker in work queue SMTP delivery queue"
"DEBUG"	3884	"2026-07-16 11:58:17.826"	"Running worker in work queue SMTP delivery queue"
"DEBUG"	3888	"2026-07-16 11:58:17.826"	"Running worker in work queue SMTP delivery queue"
"DEBUG"	3892	"2026-07-16 11:58:17.826"	"Running worker in work queue External fetch queue"
"DEBUG"	3896	"2026-07-16 11:58:17.826"	"Running worker in work queue External fetch queue"
"DEBUG"	3900	"2026-07-16 11:58:17.826"	"Running worker in work queue External fetch queue"
"DEBUG"	3904	"2026-07-16 11:58:17.826"	"Running worker in work queue External fetch queue"
"DEBUG"	3908	"2026-07-16 11:58:17.826"	"Running worker in work queue External fetch queue"
"DEBUG"	3912	"2026-07-16 11:58:17.841"	"Running worker in work queue External fetch queue"
"DEBUG"	3916	"2026-07-16 11:58:17.841"	"Running worker in work queue External fetch queue"
"DEBUG"	3920	"2026-07-16 11:58:17.841"	"Running worker in work queue External fetch queue"
"DEBUG"	3924	"2026-07-16 11:58:17.841"	"Running worker in work queue External fetch queue"
"DEBUG"	3928	"2026-07-16 11:58:17.841"	"Running worker in work queue External fetch queue"
"DEBUG"	3932	"2026-07-16 11:58:17.841"	"Running worker in work queue External fetch queue"
"DEBUG"	3936	"2026-07-16 11:58:17.841"	"Running worker in work queue External fetch queue"
"DEBUG"	3940	"2026-07-16 11:58:17.841"	"Running worker in work queue External fetch queue"
"DEBUG"	3944	"2026-07-16 11:58:17.841"	"Running worker in work queue External fetch queue"
"DEBUG"	3948	"2026-07-16 11:58:17.841"	"Running worker in work queue External fetch queue"
"DEBUG"	3832	"2026-07-16 11:58:17.904"	"Creating session 1"
"DEBUG"	3832	"2026-07-16 11:58:17.920"	"Creating session 2"
"DEBUG"	3832	"2026-07-16 11:58:17.920"	"Creating session 3"
"DEBUG"	3832	"2026-07-16 11:58:17.920"	"Creating session 4"
"DEBUG"	3832	"2026-07-16 11:58:17.920"	"Creating work queue IOCPQueue"
"DEBUG"	3832	"2026-07-16 11:58:17.920"	"Starting work queue IOCPQueue"
"DEBUG"	3832	"2026-07-16 11:58:17.920"	"Started work queue IOCPQueue"
"DEBUG"	3832	"2026-07-16 11:58:17.920"	"Adding task IOCPQueueWorkerTask to work queue IOCPQueue"
"DEBUG"	3832	"2026-07-16 11:58:17.920"	"Adding task IOCPQueueWorkerTask to work queue IOCPQueue"
"DEBUG"	3832	"2026-07-16 11:58:17.920"	"Adding task IOCPQueueWorkerTask to work queue IOCPQueue"
"DEBUG"	3832	"2026-07-16 11:58:17.920"	"Adding task IOCPQueueWorkerTask to work queue IOCPQueue"
"DEBUG"	3832	"2026-07-16 11:58:17.920"	"Adding task IOCPQueueWorkerTask to work queue IOCPQueue"
"DEBUG"	3832	"2026-07-16 11:58:17.920"	"Adding task IOCPQueueWorkerTask to work queue IOCPQueue"
"DEBUG"	3832	"2026-07-16 11:58:17.920"	"Adding task IOCPQueueWorkerTask to work queue IOCPQueue"
"DEBUG"	3832	"2026-07-16 11:58:17.920"	"Adding task IOCPQueueWorkerTask to work queue IOCPQueue"
"DEBUG"	3832	"2026-07-16 11:58:17.920"	"Adding task IOCPQueueWorkerTask to work queue IOCPQueue"
"DEBUG"	3832	"2026-07-16 11:58:17.920"	"Adding task IOCPQueueWorkerTask to work queue IOCPQueue"
"DEBUG"	3832	"2026-07-16 11:58:17.920"	"Adding task IOCPQueueWorkerTask to work queue IOCPQueue"
"DEBUG"	3832	"2026-07-16 11:58:17.920"	"Adding task IOCPQueueWorkerTask to work queue IOCPQueue"
"DEBUG"	3832	"2026-07-16 11:58:17.920"	"Adding task IOCPQueueWorkerTask to work queue IOCPQueue"
"DEBUG"	3832	"2026-07-16 11:58:17.935"	"Adding task IOCPQueueWorkerTask to work queue IOCPQueue"
"DEBUG"	3832	"2026-07-16 11:58:17.935"	"Adding task IOCPQueueWorkerTask to work queue IOCPQueue"
"DEBUG"	4032	"2026-07-16 11:58:18.107"	"Running worker in work queue IOCPQueue"
"DEBUG"	4032	"2026-07-16 11:58:18.107"	"Executing task IOCPQueueWorkerTask in work queue IOCPQueue"
"DEBUG"	4036	"2026-07-16 11:58:18.123"	"Running worker in work queue IOCPQueue"
"DEBUG"	4036	"2026-07-16 11:58:18.123"	"Executing task IOCPQueueWorkerTask in work queue IOCPQueue"
"DEBUG"	4040	"2026-07-16 11:58:18.123"	"Running worker in work queue IOCPQueue"
"DEBUG"	4040	"2026-07-16 11:58:18.123"	"Executing task IOCPQueueWorkerTask in work queue IOCPQueue"
"DEBUG"	4044	"2026-07-16 11:58:18.123"	"Running worker in work queue IOCPQueue"
"DEBUG"	4044	"2026-07-16 11:58:18.123"	"Executing task IOCPQueueWorkerTask in work queue IOCPQueue"
"DEBUG"	4048	"2026-07-16 11:58:18.123"	"Running worker in work queue IOCPQueue"
"DEBUG"	4048	"2026-07-16 11:58:18.123"	"Executing task IOCPQueueWorkerTask in work queue IOCPQueue"
"DEBUG"	4052	"2026-07-16 11:58:18.123"	"Running worker in work queue IOCPQueue"
"DEBUG"	4052	"2026-07-16 11:58:18.123"	"Executing task IOCPQueueWorkerTask in work queue IOCPQueue"
"DEBUG"	4056	"2026-07-16 11:58:18.123"	"Running worker in work queue IOCPQueue"
"DEBUG"	4056	"2026-07-16 11:58:18.123"	"Executing task IOCPQueueWorkerTask in work queue IOCPQueue"
"DEBUG"	4060	"2026-07-16 11:58:18.123"	"Running worker in work queue IOCPQueue"
"DEBUG"	4060	"2026-07-16 11:58:18.123"	"Executing task IOCPQueueWorkerTask in work queue IOCPQueue"
"DEBUG"	4068	"2026-07-16 11:58:18.123"	"Running worker in work queue IOCPQueue"
"DEBUG"	4068	"2026-07-16 11:58:18.139"	"Executing task IOCPQueueWorkerTask in work queue IOCPQueue"
"DEBUG"	4064	"2026-07-16 11:58:18.139"	"Running worker in work queue IOCPQueue"
"DEBUG"	4064	"2026-07-16 11:58:18.139"	"Executing task IOCPQueueWorkerTask in work queue IOCPQueue"
"DEBUG"	4072	"2026-07-16 11:58:18.139"	"Running worker in work queue IOCPQueue"
"DEBUG"	4072	"2026-07-16 11:58:18.139"	"Executing task IOCPQueueWorkerTask in work queue IOCPQueue"
"DEBUG"	4076	"2026-07-16 11:58:18.139"	"Running worker in work queue IOCPQueue"
"DEBUG"	4076	"2026-07-16 11:58:18.139"	"Executing task IOCPQueueWorkerTask in work queue IOCPQueue"
"DEBUG"	4080	"2026-07-16 11:58:18.139"	"Running worker in work queue IOCPQueue"
"DEBUG"	4080	"2026-07-16 11:58:18.139"	"Executing task IOCPQueueWorkerTask in work queue IOCPQueue"
"DEBUG"	4084	"2026-07-16 11:58:18.139"	"Running worker in work queue IOCPQueue"
"DEBUG"	4084	"2026-07-16 11:58:18.139"	"Executing task IOCPQueueWorkerTask in work queue IOCPQueue"
"DEBUG"	4088	"2026-07-16 11:58:18.139"	"Running worker in work queue IOCPQueue"
"DEBUG"	4088	"2026-07-16 11:58:18.154"	"Executing task IOCPQueueWorkerTask in work queue IOCPQueue"
"DEBUG"	2308	"2026-07-16 12:10:04.685"	"Received shutdown-request from Windows."
"APPLICATION"	2308	"2026-07-16 12:10:04.701"	"Stopping servers..."
"DEBUG"	2308	"2026-07-16 12:10:04.701"	"Application::StopServers() - Removing server work queue"
"DEBUG"	2308	"2026-07-16 12:10:04.701"	"WorkQueueManager::RemoveQueue - Server queue"
"DEBUG"	2308	"2026-07-16 12:10:04.701"	"Stopping working queue Server queue."
"DEBUG"	2308	"2026-07-16 12:10:04.701"	"Interupt and join threads in working queue Server queue"
"DEBUG"	3840	"2026-07-16 12:10:04.732"	"Worker exited in work queue Server queue"
"DEBUG"	3836	"2026-07-16 12:10:04.763"	"Worker exited in work queue Server queue"
"DEBUG"	3832	"2026-07-16 12:10:04.779"	"IOService::Stop()"
"DEBUG"	4084	"2026-07-16 12:10:04.779"	"TCP - AcceptEx failed. Error code: 995, Message: 스레드 종료 또는 응용 프로그램 요청 때문에 I/O 작업이 취소되었습니다"
"DEBUG"	4084	"2026-07-16 12:10:04.779"	"Ending session 1"
"DEBUG"	4080	"2026-07-16 12:10:04.779"	"TCP - AcceptEx failed. Error code: 995, Message: 스레드 종료 또는 응용 프로그램 요청 때문에 I/O 작업이 취소되었습니다"
"DEBUG"	4080	"2026-07-16 12:10:04.779"	"Ending session 2"
"DEBUG"	4084	"2026-07-16 12:10:04.779"	"TCP - AcceptEx failed. Error code: 995, Message: 스레드 종료 또는 응용 프로그램 요청 때문에 I/O 작업이 취소되었습니다"
"DEBUG"	4084	"2026-07-16 12:10:04.779"	"Ending session 3"
"DEBUG"	3832	"2026-07-16 12:10:04.779"	"IOService::DoWork() - removing Queue IOCP Queue"
"DEBUG"	4080	"2026-07-16 12:10:04.779"	"TCP - AcceptEx failed. Error code: 995, Message: 스레드 종료 또는 응용 프로그램 요청 때문에 I/O 작업이 취소되었습니다"
"DEBUG"	3832	"2026-07-16 12:10:04.779"	"WorkQueueManager::RemoveQueue - IOCPQueue"
"DEBUG"	4080	"2026-07-16 12:10:04.779"	"Ending session 4"
"DEBUG"	3832	"2026-07-16 12:10:04.779"	"Stopping working queue IOCPQueue."
"DEBUG"	3832	"2026-07-16 12:10:04.779"	"Interupt and join threads in working queue IOCPQueue"
"DEBUG"	3828	"2026-07-16 12:10:04.779"	"Worker exited in work queue Server queue"
"DEBUG"	4080	"2026-07-16 12:10:04.810"	"Worker exited in work queue IOCPQueue"
"DEBUG"	4084	"2026-07-16 12:10:04.810"	"Worker exited in work queue IOCPQueue"
"DEBUG"	4088	"2026-07-16 12:10:04.810"	"Worker exited in work queue IOCPQueue"
"DEBUG"	2308	"2026-07-16 12:10:04.828"	"Still 3 remaining threads in queue Server queue. First task: IOService"
"DEBUG"	4076	"2026-07-16 12:10:04.841"	"Worker exited in work queue IOCPQueue"
"DEBUG"	4072	"2026-07-16 12:10:04.873"	"Worker exited in work queue IOCPQueue"
"DEBUG"	4064	"2026-07-16 12:10:04.920"	"Worker exited in work queue IOCPQueue"
"DEBUG"	4068	"2026-07-16 12:10:04.967"	"Worker exited in work queue IOCPQueue"
"DEBUG"	4060	"2026-07-16 12:10:04.998"	"Worker exited in work queue IOCPQueue"
"DEBUG"	4056	"2026-07-16 12:10:05.029"	"Worker exited in work queue IOCPQueue"
"DEBUG"	4052	"2026-07-16 12:10:05.107"	"Worker exited in work queue IOCPQueue"
"DEBUG"	4048	"2026-07-16 12:10:05.138"	"Worker exited in work queue IOCPQueue"
"DEBUG"	2308	"2026-07-16 12:10:05.154"	"Still 1 remaining threads in queue Server queue. First task: IOService"
"DEBUG"	4044	"2026-07-16 12:10:05.154"	"Worker exited in work queue IOCPQueue"
"DEBUG"	3832	"2026-07-16 12:10:05.169"	"Still 9 remaining threads in queue IOCPQueue. First task: IOCPQueueWorkerTask"
"DEBUG"	4040	"2026-07-16 12:10:05.435"	"Worker exited in work queue IOCPQueue"
"DEBUG"	4036	"2026-07-16 12:10:05.435"	"Worker exited in work queue IOCPQueue"
"DEBUG"	4032	"2026-07-16 12:10:05.435"	"Worker exited in work queue IOCPQueue"
"DEBUG"	3832	"2026-07-16 12:10:05.435"	"All threads are joined in queue IOCPQueue."
"DEBUG"	3832	"2026-07-16 12:10:05.435"	"WorkQueueManager::RemoveQueue - Stopped IOCPQueue"
"DEBUG"	3832	"2026-07-16 12:10:05.435"	"WorkQueueManager::RemoveQueue - Erased IOCPQueue"
"DEBUG"	3832	"2026-07-16 12:10:05.435"	"IOService::Stop() - Complete"
"DEBUG"	3832	"2026-07-16 12:10:05.435"	"Destructing work queue IOCPQueue"
"DEBUG"	3832	"2026-07-16 12:10:05.435"	"Worker exited in work queue Server queue"
"DEBUG"	2308	"2026-07-16 12:10:05.435"	"Still 1 remaining threads in queue Server queue. First task: <Unknown>"
"DEBUG"	2308	"2026-07-16 12:10:05.701"	"All threads are joined in queue Server queue."
"DEBUG"	2308	"2026-07-16 12:10:05.701"	"WorkQueueManager::RemoveQueue - Stopped Server queue"
"DEBUG"	2308	"2026-07-16 12:10:05.701"	"WorkQueueManager::RemoveQueue - Erased Server queue"
"DEBUG"	2308	"2026-07-16 12:10:05.701"	"Destructing work queue Server queue"
"DEBUG"	2308	"2026-07-16 12:10:05.701"	"Application::StopServers() - Clearing caches"
"DEBUG"	2308	"2026-07-16 12:10:05.701"	"Application::StopServers() - Destructing IOCP"
"DEBUG"	2308	"2026-07-16 12:10:05.701"	"IOService::~IOService - Destructing"
"DEBUG"	2308	"2026-07-16 12:10:05.701"	"TCPServer::~TCPServer"
"DEBUG"	2308	"2026-07-16 12:10:05.701"	"TCPServer::~TCPServer"
"DEBUG"	2308	"2026-07-16 12:10:05.701"	"TCPServer::~TCPServer"
"DEBUG"	2308	"2026-07-16 12:10:05.701"	"TCPServer::~TCPServer"
"DEBUG"	2308	"2026-07-16 12:10:05.701"	"Application::StopServers() - Destructing DeliveryManager"
"DEBUG"	2308	"2026-07-16 12:10:05.701"	"WorkQueueManager::RemoveQueue - SMTP delivery queue"
"DEBUG"	2308	"2026-07-16 12:10:05.701"	"Stopping working queue SMTP delivery queue."
"DEBUG"	2308	"2026-07-16 12:10:05.701"	"Interupt and join threads in working queue SMTP delivery queue"
"DEBUG"	3888	"2026-07-16 12:10:05.701"	"Worker exited in work queue SMTP delivery queue"
"DEBUG"	3884	"2026-07-16 12:10:05.701"	"Worker exited in work queue SMTP delivery queue"
"DEBUG"	3880	"2026-07-16 12:10:05.701"	"Worker exited in work queue SMTP delivery queue"
"DEBUG"	3876	"2026-07-16 12:10:05.701"	"Worker exited in work queue SMTP delivery queue"
"DEBUG"	3872	"2026-07-16 12:10:05.717"	"Worker exited in work queue SMTP delivery queue"
"DEBUG"	3868	"2026-07-16 12:10:05.717"	"Worker exited in work queue SMTP delivery queue"
"DEBUG"	3864	"2026-07-16 12:10:05.717"	"Worker exited in work queue SMTP delivery queue"
"DEBUG"	3860	"2026-07-16 12:10:05.717"	"Worker exited in work queue SMTP delivery queue"
"DEBUG"	3856	"2026-07-16 12:10:05.717"	"Worker exited in work queue SMTP delivery queue"
"DEBUG"	3852	"2026-07-16 12:10:05.717"	"Worker exited in work queue SMTP delivery queue"
"DEBUG"	2308	"2026-07-16 12:10:05.717"	"Still 1 remaining threads in queue SMTP delivery queue. First task: <Unknown>"
"DEBUG"	2308	"2026-07-16 12:10:05.982"	"All threads are joined in queue SMTP delivery queue."
"DEBUG"	2308	"2026-07-16 12:10:05.982"	"WorkQueueManager::RemoveQueue - Stopped SMTP delivery queue"
"DEBUG"	2308	"2026-07-16 12:10:05.982"	"WorkQueueManager::RemoveQueue - Erased SMTP delivery queue"
"DEBUG"	2308	"2026-07-16 12:10:05.982"	"Destructing work queue SMTP delivery queue"
"DEBUG"	2308	"2026-07-16 12:10:05.982"	"Application::StopServers() - Destructing FetchManager"
"DEBUG"	2308	"2026-07-16 12:10:05.982"	"ExternalFetchManager::~ExternalFetchManager"
"DEBUG"	2308	"2026-07-16 12:10:05.982"	"WorkQueueManager::RemoveQueue - External fetch queue"
"DEBUG"	2308	"2026-07-16 12:10:05.982"	"Stopping working queue External fetch queue."
"DEBUG"	2308	"2026-07-16 12:10:05.982"	"Interupt and join threads in working queue External fetch queue"
"DEBUG"	3948	"2026-07-16 12:10:05.982"	"Worker exited in work queue External fetch queue"
"DEBUG"	3944	"2026-07-16 12:10:05.982"	"Worker exited in work queue External fetch queue"
"DEBUG"	3940	"2026-07-16 12:10:05.982"	"Worker exited in work queue External fetch queue"
"DEBUG"	3936	"2026-07-16 12:10:05.982"	"Worker exited in work queue External fetch queue"
"DEBUG"	3932	"2026-07-16 12:10:05.982"	"Worker exited in work queue External fetch queue"
"DEBUG"	3928	"2026-07-16 12:10:05.982"	"Worker exited in work queue External fetch queue"
"DEBUG"	3924	"2026-07-16 12:10:05.982"	"Worker exited in work queue External fetch queue"
"DEBUG"	3920	"2026-07-16 12:10:05.982"	"Worker exited in work queue External fetch queue"
"DEBUG"	3916	"2026-07-16 12:10:05.998"	"Worker exited in work queue External fetch queue"
"DEBUG"	3912	"2026-07-16 12:10:05.998"	"Worker exited in work queue External fetch queue"
"DEBUG"	3908	"2026-07-16 12:10:05.998"	"Worker exited in work queue External fetch queue"
"DEBUG"	3904	"2026-07-16 12:10:05.998"	"Worker exited in work queue External fetch queue"
"DEBUG"	3900	"2026-07-16 12:10:05.998"	"Worker exited in work queue External fetch queue"
"DEBUG"	3896	"2026-07-16 12:10:05.998"	"Worker exited in work queue External fetch queue"
"DEBUG"	2308	"2026-07-16 12:10:05.998"	"Still 1 remaining threads in queue External fetch queue. First task: <Unknown>"
"DEBUG"	3892	"2026-07-16 12:10:05.998"	"Worker exited in work queue External fetch queue"
"DEBUG"	2308	"2026-07-16 12:10:06.263"	"All threads are joined in queue External fetch queue."
"DEBUG"	2308	"2026-07-16 12:10:06.263"	"WorkQueueManager::RemoveQueue - Stopped External fetch queue"
"DEBUG"	2308	"2026-07-16 12:10:06.263"	"WorkQueueManager::RemoveQueue - Erased External fetch queue"
"DEBUG"	2308	"2026-07-16 12:10:06.263"	"Destructing work queue External fetch queue"
"DEBUG"	2308	"2026-07-16 12:10:06.263"	"ExternalFetchManager::~ExternalFetchManager - Removed queue"
"DEBUG"	2308	"2026-07-16 12:10:06.263"	"Application::StopServers() - Destructing Scheduler"
"DEBUG"	2308	"2026-07-16 12:10:06.263"	"Application::StopServers() - Destructing Rest"
"APPLICATION"	2308	"2026-07-16 12:10:06.263"	"Servers stopped."
"DEBUG"	2308	"2026-07-16 12:10:06.263"	"WorkQueueManager::RemoveQueue - Maintenance queue"
"DEBUG"	2308	"2026-07-16 12:10:06.263"	"Stopping working queue Maintenance queue."
"DEBUG"	2308	"2026-07-16 12:10:06.263"	"Interupt and join threads in working queue Maintenance queue"
"DEBUG"	3396	"2026-07-16 12:10:06.263"	"Worker exited in work queue Maintenance queue"
"DEBUG"	3392	"2026-07-16 12:10:06.263"	"Worker exited in work queue Maintenance queue"
"DEBUG"	3388	"2026-07-16 12:10:06.263"	"Worker exited in work queue Maintenance queue"
"DEBUG"	3384	"2026-07-16 12:10:06.263"	"Worker exited in work queue Maintenance queue"
"DEBUG"	3380	"2026-07-16 12:10:06.263"	"Worker exited in work queue Maintenance queue"
"DEBUG"	2308	"2026-07-16 12:10:06.263"	"All threads are joined in queue Maintenance queue."
"DEBUG"	2308	"2026-07-16 12:10:06.263"	"WorkQueueManager::RemoveQueue - Stopped Maintenance queue"
"DEBUG"	2308	"2026-07-16 12:10:06.263"	"WorkQueueManager::RemoveQueue - Erased Maintenance queue"
"DEBUG"	2308	"2026-07-16 12:10:06.263"	"Destructing work queue Maintenance queue"
"DEBUG"	2308	"2026-07-16 12:10:06.263"	"WorkQueueManager::RemoveQueue - Asynchronous task queue"
"DEBUG"	2308	"2026-07-16 12:10:06.263"	"Stopping working queue Asynchronous task queue."
"DEBUG"	2308	"2026-07-16 12:10:06.263"	"Interupt and join threads in working queue Asynchronous task queue"
"DEBUG"	3808	"2026-07-16 12:10:06.263"	"Worker exited in work queue Asynchronous task queue"
"DEBUG"	3804	"2026-07-16 12:10:06.263"	"Worker exited in work queue Asynchronous task queue"
"DEBUG"	3800	"2026-07-16 12:10:06.263"	"Worker exited in work queue Asynchronous task queue"
"DEBUG"	3796	"2026-07-16 12:10:06.263"	"Worker exited in work queue Asynchronous task queue"
"DEBUG"	3792	"2026-07-16 12:10:06.263"	"Worker exited in work queue Asynchronous task queue"
"DEBUG"	3784	"2026-07-16 12:10:06.263"	"Worker exited in work queue Asynchronous task queue"
"DEBUG"	3788	"2026-07-16 12:10:06.263"	"Worker exited in work queue Asynchronous task queue"
"DEBUG"	3780	"2026-07-16 12:10:06.263"	"Worker exited in work queue Asynchronous task queue"
"DEBUG"	3776	"2026-07-16 12:10:06.263"	"Worker exited in work queue Asynchronous task queue"
"DEBUG"	3772	"2026-07-16 12:10:06.263"	"Worker exited in work queue Asynchronous task queue"
"DEBUG"	3768	"2026-07-16 12:10:06.263"	"Worker exited in work queue Asynchronous task queue"
"DEBUG"	3764	"2026-07-16 12:10:06.263"	"Worker exited in work queue Asynchronous task queue"
"DEBUG"	3760	"2026-07-16 12:10:06.263"	"Worker exited in work queue Asynchronous task queue"
"DEBUG"	3756	"2026-07-16 12:10:06.263"	"Worker exited in work queue Asynchronous task queue"
"DEBUG"	3752	"2026-07-16 12:10:06.263"	"Worker exited in work queue Asynchronous task queue"
"DEBUG"	2308	"2026-07-16 12:10:06.279"	"All threads are joined in queue Asynchronous task queue."
"DEBUG"	2308	"2026-07-16 12:10:06.279"	"WorkQueueManager::RemoveQueue - Stopped Asynchronous task queue"
"DEBUG"	2308	"2026-07-16 12:10:06.279"	"WorkQueueManager::RemoveQueue - Erased Asynchronous task queue"
"DEBUG"	2308	"2026-07-16 12:10:06.279"	"Destructing work queue Asynchronous task queue"
"DEBUG"	2308	"2026-07-16 12:10:06.279"	"Application::ExitInstance - Closing database connection..."
"DEBUG"	2308	"2026-07-16 12:10:06.279"	"Application::ExitInstance - Deleting caches..."
"DEBUG"	3020	"2026-07-16 12:10:51.777"	"Application::InitInstance - Configuration loaded."
"DEBUG"	3020	"2026-07-16 12:10:51.777"	"Creating work queue Asynchronous task queue"
"DEBUG"	3020	"2026-07-16 12:10:51.777"	"Starting work queue Asynchronous task queue"
"DEBUG"	3020	"2026-07-16 12:10:51.777"	"Started work queue Asynchronous task queue"
"APPLICATION"	3020	"2026-07-16 12:10:51.777"	"Starting servers..."
"DEBUG"	3020	"2026-07-16 12:10:51.886"	"Creating work queue Server queue"
"DEBUG"	3020	"2026-07-16 12:10:51.886"	"Starting work queue Server queue"
"DEBUG"	3020	"2026-07-16 12:10:51.886"	"Started work queue Server queue"
"DEBUG"	3020	"2026-07-16 12:10:51.886"	"Adding task Scheduler to work queue Server queue"
"DEBUG"	3020	"2026-07-16 12:10:51.886"	"Adding task IOService to work queue Server queue"
"DEBUG"	3020	"2026-07-16 12:10:51.902"	"Creating work queue SMTP delivery queue"
"DEBUG"	3020	"2026-07-16 12:10:51.902"	"Starting work queue SMTP delivery queue"
"DEBUG"	3020	"2026-07-16 12:10:51.902"	"Started work queue SMTP delivery queue"
"DEBUG"	3020	"2026-07-16 12:10:51.902"	"Adding task SMTPDeliveryManager to work queue Server queue"
"DEBUG"	3020	"2026-07-16 12:10:51.902"	"Creating work queue External fetch queue"
"DEBUG"	3020	"2026-07-16 12:10:51.902"	"Starting work queue External fetch queue"
"DEBUG"	3020	"2026-07-16 12:10:51.902"	"Started work queue External fetch queue"
"DEBUG"	3020	"2026-07-16 12:10:51.902"	"Adding task ExternalFetchManager to work queue Server queue"
"DEBUG"	3700	"2026-07-16 12:10:51.934"	"Running worker in work queue Asynchronous task queue"
"DEBUG"	3704	"2026-07-16 12:10:51.934"	"Running worker in work queue Asynchronous task queue"
"DEBUG"	3708	"2026-07-16 12:10:51.934"	"Running worker in work queue Asynchronous task queue"
"DEBUG"	3712	"2026-07-16 12:10:51.934"	"Running worker in work queue Asynchronous task queue"
"DEBUG"	3716	"2026-07-16 12:10:51.934"	"Running worker in work queue Asynchronous task queue"
"DEBUG"	3720	"2026-07-16 12:10:51.934"	"Running worker in work queue Asynchronous task queue"
"DEBUG"	3724	"2026-07-16 12:10:51.934"	"Running worker in work queue Asynchronous task queue"
"DEBUG"	3728	"2026-07-16 12:10:51.934"	"Running worker in work queue Asynchronous task queue"
"DEBUG"	3732	"2026-07-16 12:10:51.934"	"Running worker in work queue Asynchronous task queue"
"DEBUG"	3736	"2026-07-16 12:10:51.934"	"Running worker in work queue Asynchronous task queue"
"DEBUG"	3740	"2026-07-16 12:10:51.934"	"Running worker in work queue Asynchronous task queue"
"DEBUG"	3744	"2026-07-16 12:10:51.934"	"Running worker in work queue Asynchronous task queue"
"DEBUG"	3748	"2026-07-16 12:10:51.934"	"Running worker in work queue Asynchronous task queue"
"DEBUG"	3752	"2026-07-16 12:10:51.934"	"Running worker in work queue Asynchronous task queue"
"DEBUG"	3756	"2026-07-16 12:10:51.934"	"Running worker in work queue Asynchronous task queue"
"DEBUG"	3784	"2026-07-16 12:10:51.980"	"Running worker in work queue Server queue"
"DEBUG"	3788	"2026-07-16 12:10:51.980"	"Running worker in work queue Server queue"
"DEBUG"	3788	"2026-07-16 12:10:51.980"	"Executing task Scheduler in work queue Server queue"
"DEBUG"	3792	"2026-07-16 12:10:51.980"	"Running worker in work queue Server queue"
"DEBUG"	3792	"2026-07-16 12:10:51.980"	"Executing task IOService in work queue Server queue"
"DEBUG"	3792	"2026-07-16 12:10:51.980"	"IOService::Start()"
"DEBUG"	3796	"2026-07-16 12:10:51.980"	"Running worker in work queue Server queue"
"DEBUG"	3796	"2026-07-16 12:10:51.980"	"Executing task SMTPDeliveryManager in work queue Server queue"
"DEBUG"	3796	"2026-07-16 12:10:51.980"	"SMTPDeliveryManager::Start()"
"DEBUG"	3784	"2026-07-16 12:10:51.996"	"Executing task ExternalFetchManager in work queue Server queue"
"APPLICATION"	3020	"2026-07-16 12:10:51.996"	"Servers started."
"DEBUG"	3784	"2026-07-16 12:10:51.996"	"ExternalFetchManager::Start()"
"DEBUG"	3800	"2026-07-16 12:10:52.011"	"Running worker in work queue SMTP delivery queue"
"DEBUG"	3804	"2026-07-16 12:10:52.011"	"Running worker in work queue SMTP delivery queue"
"DEBUG"	3816	"2026-07-16 12:10:52.011"	"Running worker in work queue SMTP delivery queue"
"DEBUG"	3808	"2026-07-16 12:10:52.011"	"Running worker in work queue SMTP delivery queue"
"DEBUG"	3812	"2026-07-16 12:10:52.011"	"Running worker in work queue SMTP delivery queue"
"DEBUG"	3820	"2026-07-16 12:10:52.011"	"Running worker in work queue SMTP delivery queue"
"DEBUG"	3824	"2026-07-16 12:10:52.011"	"Running worker in work queue SMTP delivery queue"
"DEBUG"	3832	"2026-07-16 12:10:52.011"	"Running worker in work queue SMTP delivery queue"
"DEBUG"	3876	"2026-07-16 12:10:52.011"	"Running worker in work queue External fetch queue"
"DEBUG"	3836	"2026-07-16 12:10:52.011"	"Running worker in work queue SMTP delivery queue"
"DEBUG"	3840	"2026-07-16 12:10:52.011"	"Running worker in work queue External fetch queue"
"DEBUG"	3844	"2026-07-16 12:10:52.011"	"Running worker in work queue External fetch queue"
"DEBUG"	3848	"2026-07-16 12:10:52.011"	"Running worker in work queue External fetch queue"
"DEBUG"	3856	"2026-07-16 12:10:52.011"	"Running worker in work queue External fetch queue"
"DEBUG"	3852	"2026-07-16 12:10:52.011"	"Running worker in work queue External fetch queue"
"DEBUG"	3860	"2026-07-16 12:10:52.011"	"Running worker in work queue External fetch queue"
"DEBUG"	3864	"2026-07-16 12:10:52.011"	"Running worker in work queue External fetch queue"
"DEBUG"	3868	"2026-07-16 12:10:52.011"	"Running worker in work queue External fetch queue"
"DEBUG"	3872	"2026-07-16 12:10:52.011"	"Running worker in work queue External fetch queue"
"DEBUG"	3828	"2026-07-16 12:10:52.011"	"Running worker in work queue SMTP delivery queue"
"DEBUG"	3880	"2026-07-16 12:10:52.011"	"Running worker in work queue External fetch queue"
"DEBUG"	3884	"2026-07-16 12:10:52.011"	"Running worker in work queue External fetch queue"
"DEBUG"	3892	"2026-07-16 12:10:52.011"	"Running worker in work queue External fetch queue"
"DEBUG"	3888	"2026-07-16 12:10:52.011"	"Running worker in work queue External fetch queue"
"DEBUG"	3896	"2026-07-16 12:10:52.011"	"Running worker in work queue External fetch queue"
"DEBUG"	3792	"2026-07-16 12:10:52.043"	"Creating session 1"
"DEBUG"	3792	"2026-07-16 12:10:52.058"	"Creating session 2"
"DEBUG"	3792	"2026-07-16 12:10:52.058"	"Creating session 3"
"DEBUG"	3792	"2026-07-16 12:10:52.058"	"Creating session 4"
"DEBUG"	3792	"2026-07-16 12:10:52.058"	"Creating work queue IOCPQueue"
"DEBUG"	3792	"2026-07-16 12:10:52.058"	"Starting work queue IOCPQueue"
"DEBUG"	3792	"2026-07-16 12:10:52.058"	"Started work queue IOCPQueue"
"DEBUG"	3792	"2026-07-16 12:10:52.058"	"Adding task IOCPQueueWorkerTask to work queue IOCPQueue"
"DEBUG"	3792	"2026-07-16 12:10:52.058"	"Adding task IOCPQueueWorkerTask to work queue IOCPQueue"
"DEBUG"	3792	"2026-07-16 12:10:52.058"	"Adding task IOCPQueueWorkerTask to work queue IOCPQueue"
"DEBUG"	3792	"2026-07-16 12:10:52.058"	"Adding task IOCPQueueWorkerTask to work queue IOCPQueue"
"DEBUG"	3792	"2026-07-16 12:10:52.058"	"Adding task IOCPQueueWorkerTask to work queue IOCPQueue"
"DEBUG"	3792	"2026-07-16 12:10:52.058"	"Adding task IOCPQueueWorkerTask to work queue IOCPQueue"
"DEBUG"	3792	"2026-07-16 12:10:52.058"	"Adding task IOCPQueueWorkerTask to work queue IOCPQueue"
"DEBUG"	3792	"2026-07-16 12:10:52.058"	"Adding task IOCPQueueWorkerTask to work queue IOCPQueue"
"DEBUG"	3792	"2026-07-16 12:10:52.058"	"Adding task IOCPQueueWorkerTask to work queue IOCPQueue"
"DEBUG"	3792	"2026-07-16 12:10:52.058"	"Adding task IOCPQueueWorkerTask to work queue IOCPQueue"
"DEBUG"	3792	"2026-07-16 12:10:52.058"	"Adding task IOCPQueueWorkerTask to work queue IOCPQueue"
"DEBUG"	3792	"2026-07-16 12:10:52.058"	"Adding task IOCPQueueWorkerTask to work queue IOCPQueue"
"DEBUG"	3792	"2026-07-16 12:10:52.058"	"Adding task IOCPQueueWorkerTask to work queue IOCPQueue"
"DEBUG"	3792	"2026-07-16 12:10:52.058"	"Adding task IOCPQueueWorkerTask to work queue IOCPQueue"
"DEBUG"	3792	"2026-07-16 12:10:52.058"	"Adding task IOCPQueueWorkerTask to work queue IOCPQueue"
"DEBUG"	3940	"2026-07-16 12:10:52.184"	"Running worker in work queue IOCPQueue"
"DEBUG"	3940	"2026-07-16 12:10:52.184"	"Executing task IOCPQueueWorkerTask in work queue IOCPQueue"
"DEBUG"	3944	"2026-07-16 12:10:52.184"	"Running worker in work queue IOCPQueue"
"DEBUG"	3944	"2026-07-16 12:10:52.184"	"Executing task IOCPQueueWorkerTask in work queue IOCPQueue"
"DEBUG"	3948	"2026-07-16 12:10:52.184"	"Running worker in work queue IOCPQueue"
"DEBUG"	3948	"2026-07-16 12:10:52.184"	"Executing task IOCPQueueWorkerTask in work queue IOCPQueue"
"DEBUG"	3952	"2026-07-16 12:10:52.184"	"Running worker in work queue IOCPQueue"
"DEBUG"	3952	"2026-07-16 12:10:52.184"	"Executing task IOCPQueueWorkerTask in work queue IOCPQueue"
"DEBUG"	3956	"2026-07-16 12:10:52.184"	"Running worker in work queue IOCPQueue"
"DEBUG"	3956	"2026-07-16 12:10:52.184"	"Executing task IOCPQueueWorkerTask in work queue IOCPQueue"
"DEBUG"	3960	"2026-07-16 12:10:52.184"	"Running worker in work queue IOCPQueue"
"DEBUG"	3960	"2026-07-16 12:10:52.184"	"Executing task IOCPQueueWorkerTask in work queue IOCPQueue"
"DEBUG"	3964	"2026-07-16 12:10:52.184"	"Running worker in work queue IOCPQueue"
"DEBUG"	3964	"2026-07-16 12:10:52.184"	"Executing task IOCPQueueWorkerTask in work queue IOCPQueue"
"DEBUG"	3968	"2026-07-16 12:10:52.184"	"Running worker in work queue IOCPQueue"
"DEBUG"	3968	"2026-07-16 12:10:52.184"	"Executing task IOCPQueueWorkerTask in work queue IOCPQueue"
"DEBUG"	3972	"2026-07-16 12:10:52.184"	"Running worker in work queue IOCPQueue"
"DEBUG"	3972	"2026-07-16 12:10:52.184"	"Executing task IOCPQueueWorkerTask in work queue IOCPQueue"
"DEBUG"	3976	"2026-07-16 12:10:52.184"	"Running worker in work queue IOCPQueue"
"DEBUG"	3976	"2026-07-16 12:10:52.184"	"Executing task IOCPQueueWorkerTask in work queue IOCPQueue"
"DEBUG"	3980	"2026-07-16 12:10:52.184"	"Running worker in work queue IOCPQueue"
"DEBUG"	3980	"2026-07-16 12:10:52.184"	"Executing task IOCPQueueWorkerTask in work queue IOCPQueue"
"DEBUG"	3984	"2026-07-16 12:10:52.184"	"Running worker in work queue IOCPQueue"
"DEBUG"	3984	"2026-07-16 12:10:52.184"	"Executing task IOCPQueueWorkerTask in work queue IOCPQueue"
"DEBUG"	3988	"2026-07-16 12:10:52.184"	"Running worker in work queue IOCPQueue"
"DEBUG"	3988	"2026-07-16 12:10:52.184"	"Executing task IOCPQueueWorkerTask in work queue IOCPQueue"
"DEBUG"	3992	"2026-07-16 12:10:52.184"	"Running worker in work queue IOCPQueue"
"DEBUG"	3992	"2026-07-16 12:10:52.184"	"Executing task IOCPQueueWorkerTask in work queue IOCPQueue"
"DEBUG"	3996	"2026-07-16 12:10:52.199"	"Running worker in work queue IOCPQueue"
"DEBUG"	3996	"2026-07-16 12:10:52.199"	"Executing task IOCPQueueWorkerTask in work queue IOCPQueue"
"DEBUG"	2492	"2026-07-16 12:16:19.371"	"Received shutdown-request from Windows."
"APPLICATION"	2492	"2026-07-16 12:16:19.371"	"Stopping servers..."
"DEBUG"	2492	"2026-07-16 12:16:19.371"	"Application::StopServers() - Removing server work queue"
"DEBUG"	2492	"2026-07-16 12:16:19.371"	"WorkQueueManager::RemoveQueue - Server queue"
"DEBUG"	2492	"2026-07-16 12:16:19.371"	"Stopping working queue Server queue."
"DEBUG"	2492	"2026-07-16 12:16:19.371"	"Interupt and join threads in working queue Server queue"
"DEBUG"	3796	"2026-07-16 12:16:19.386"	"Worker exited in work queue Server queue"
"DEBUG"	3792	"2026-07-16 12:16:19.402"	"IOService::Stop()"
"DEBUG"	3992	"2026-07-16 12:16:19.402"	"TCP - AcceptEx failed. Error code: 995, Message: 스레드 종료 또는 응용 프로그램 요청 때문에 I/O 작업이 취소되었습니다"
"DEBUG"	3992	"2026-07-16 12:16:19.402"	"Ending session 1"
"DEBUG"	3988	"2026-07-16 12:16:19.402"	"TCP - AcceptEx failed. Error code: 995, Message: 스레드 종료 또는 응용 프로그램 요청 때문에 I/O 작업이 취소되었습니다"
"DEBUG"	3988	"2026-07-16 12:16:19.420"	"Ending session 2"
"DEBUG"	3784	"2026-07-16 12:16:19.420"	"Worker exited in work queue Server queue"
"DEBUG"	3988	"2026-07-16 12:16:19.420"	"TCP - AcceptEx failed. Error code: 995, Message: 스레드 종료 또는 응용 프로그램 요청 때문에 I/O 작업이 취소되었습니다"
"DEBUG"	3988	"2026-07-16 12:16:19.420"	"Ending session 3"
"DEBUG"	3988	"2026-07-16 12:16:19.420"	"TCP - AcceptEx failed. Error code: 995, Message: 스레드 종료 또는 응용 프로그램 요청 때문에 I/O 작업이 취소되었습니다"
"DEBUG"	3792	"2026-07-16 12:16:19.420"	"IOService::DoWork() - removing Queue IOCP Queue"
"DEBUG"	3988	"2026-07-16 12:16:19.420"	"Ending session 4"
"DEBUG"	3792	"2026-07-16 12:16:19.420"	"WorkQueueManager::RemoveQueue - IOCPQueue"
"DEBUG"	3792	"2026-07-16 12:16:19.420"	"Stopping working queue IOCPQueue."
"DEBUG"	3792	"2026-07-16 12:16:19.420"	"Interupt and join threads in working queue IOCPQueue"
"DEBUG"	3788	"2026-07-16 12:16:19.420"	"Worker exited in work queue Server queue"
"DEBUG"	3992	"2026-07-16 12:16:19.449"	"Worker exited in work queue IOCPQueue"
"DEBUG"	3988	"2026-07-16 12:16:19.449"	"Worker exited in work queue IOCPQueue"
"DEBUG"	3996	"2026-07-16 12:16:19.449"	"Worker exited in work queue IOCPQueue"
"DEBUG"	2492	"2026-07-16 12:16:19.465"	"Still 2 remaining threads in queue Server queue. First task: IOService"
"DEBUG"	3984	"2026-07-16 12:16:19.465"	"Worker exited in work queue IOCPQueue"
"DEBUG"	3980	"2026-07-16 12:16:19.480"	"Worker exited in work queue IOCPQueue"
"DEBUG"	3976	"2026-07-16 12:16:19.511"	"Worker exited in work queue IOCPQueue"
"DEBUG"	3972	"2026-07-16 12:16:19.527"	"Worker exited in work queue IOCPQueue"
"DEBUG"	3968	"2026-07-16 12:16:19.543"	"Worker exited in work queue IOCPQueue"
"DEBUG"	3792	"2026-07-16 12:16:19.543"	"Still 8 remaining threads in queue IOCPQueue. First task: IOCPQueueWorkerTask"
"DEBUG"	2492	"2026-07-16 12:16:19.746"	"Still 1 remaining threads in queue Server queue. First task: IOService"
"DEBUG"	3964	"2026-07-16 12:16:19.808"	"Worker exited in work queue IOCPQueue"
"DEBUG"	3960	"2026-07-16 12:16:19.808"	"Worker exited in work queue IOCPQueue"
"DEBUG"	3956	"2026-07-16 12:16:19.808"	"Worker exited in work queue IOCPQueue"
"DEBUG"	3952	"2026-07-16 12:16:19.808"	"Worker exited in work queue IOCPQueue"
"DEBUG"	3948	"2026-07-16 12:16:19.808"	"Worker exited in work queue IOCPQueue"
"DEBUG"	3944	"2026-07-16 12:16:19.808"	"Worker exited in work queue IOCPQueue"
"DEBUG"	3940	"2026-07-16 12:16:19.808"	"Worker exited in work queue IOCPQueue"
"DEBUG"	3792	"2026-07-16 12:16:19.808"	"All threads are joined in queue IOCPQueue."
"DEBUG"	3792	"2026-07-16 12:16:19.808"	"WorkQueueManager::RemoveQueue - Stopped IOCPQueue"
"DEBUG"	3792	"2026-07-16 12:16:19.808"	"WorkQueueManager::RemoveQueue - Erased IOCPQueue"
"DEBUG"	3792	"2026-07-16 12:16:19.808"	"IOService::Stop() - Complete"
"DEBUG"	3792	"2026-07-16 12:16:19.808"	"Destructing work queue IOCPQueue"
"DEBUG"	3792	"2026-07-16 12:16:20.012"	"Worker exited in work queue Server queue"
"DEBUG"	2492	"2026-07-16 12:16:20.012"	"All threads are joined in queue Server queue."
"DEBUG"	2492	"2026-07-16 12:16:20.012"	"WorkQueueManager::RemoveQueue - Stopped Server queue"
"DEBUG"	2492	"2026-07-16 12:16:20.012"	"WorkQueueManager::RemoveQueue - Erased Server queue"
"DEBUG"	2492	"2026-07-16 12:16:20.012"	"Destructing work queue Server queue"
"DEBUG"	2492	"2026-07-16 12:16:20.012"	"Application::StopServers() - Clearing caches"
"DEBUG"	2492	"2026-07-16 12:16:20.012"	"Application::StopServers() - Destructing IOCP"
"DEBUG"	2492	"2026-07-16 12:16:20.012"	"IOService::~IOService - Destructing"
"DEBUG"	2492	"2026-07-16 12:16:20.012"	"TCPServer::~TCPServer"
"DEBUG"	2492	"2026-07-16 12:16:20.012"	"TCPServer::~TCPServer"
"DEBUG"	2492	"2026-07-16 12:16:20.012"	"TCPServer::~TCPServer"
"DEBUG"	2492	"2026-07-16 12:16:20.012"	"TCPServer::~TCPServer"
"DEBUG"	2492	"2026-07-16 12:16:20.012"	"Application::StopServers() - Destructing DeliveryManager"
"DEBUG"	2492	"2026-07-16 12:16:20.012"	"WorkQueueManager::RemoveQueue - SMTP delivery queue"
"DEBUG"	2492	"2026-07-16 12:16:20.012"	"Stopping working queue SMTP delivery queue."
"DEBUG"	2492	"2026-07-16 12:16:20.012"	"Interupt and join threads in working queue SMTP delivery queue"
"DEBUG"	3828	"2026-07-16 12:16:20.012"	"Worker exited in work queue SMTP delivery queue"
"DEBUG"	3836	"2026-07-16 12:16:20.012"	"Worker exited in work queue SMTP delivery queue"
"DEBUG"	3832	"2026-07-16 12:16:20.012"	"Worker exited in work queue SMTP delivery queue"
"DEBUG"	3824	"2026-07-16 12:16:20.012"	"Worker exited in work queue SMTP delivery queue"
"DEBUG"	3820	"2026-07-16 12:16:20.012"	"Worker exited in work queue SMTP delivery queue"
"DEBUG"	3812	"2026-07-16 12:16:20.012"	"Worker exited in work queue SMTP delivery queue"
"DEBUG"	3808	"2026-07-16 12:16:20.012"	"Worker exited in work queue SMTP delivery queue"
"DEBUG"	3816	"2026-07-16 12:16:20.012"	"Worker exited in work queue SMTP delivery queue"
"DEBUG"	3804	"2026-07-16 12:16:20.012"	"Worker exited in work queue SMTP delivery queue"
"DEBUG"	3800	"2026-07-16 12:16:20.012"	"Worker exited in work queue SMTP delivery queue"
"DEBUG"	2492	"2026-07-16 12:16:20.012"	"All threads are joined in queue SMTP delivery queue."
"DEBUG"	2492	"2026-07-16 12:16:20.012"	"WorkQueueManager::RemoveQueue - Stopped SMTP delivery queue"
"DEBUG"	2492	"2026-07-16 12:16:20.012"	"WorkQueueManager::RemoveQueue - Erased SMTP delivery queue"
"DEBUG"	2492	"2026-07-16 12:16:20.012"	"Destructing work queue SMTP delivery queue"
"DEBUG"	2492	"2026-07-16 12:16:20.012"	"Application::StopServers() - Destructing FetchManager"
"DEBUG"	2492	"2026-07-16 12:16:20.012"	"ExternalFetchManager::~ExternalFetchManager"
"DEBUG"	2492	"2026-07-16 12:16:20.012"	"WorkQueueManager::RemoveQueue - External fetch queue"
"DEBUG"	2492	"2026-07-16 12:16:20.028"	"Stopping working queue External fetch queue."
"DEBUG"	2492	"2026-07-16 12:16:20.028"	"Interupt and join threads in working queue External fetch queue"
"DEBUG"	3896	"2026-07-16 12:16:20.028"	"Worker exited in work queue External fetch queue"
"DEBUG"	3888	"2026-07-16 12:16:20.028"	"Worker exited in work queue External fetch queue"
"DEBUG"	3892	"2026-07-16 12:16:20.028"	"Worker exited in work queue External fetch queue"
"DEBUG"	3884	"2026-07-16 12:16:20.028"	"Worker exited in work queue External fetch queue"
"DEBUG"	3880	"2026-07-16 12:16:20.028"	"Worker exited in work queue External fetch queue"
"DEBUG"	3872	"2026-07-16 12:16:20.028"	"Worker exited in work queue External fetch queue"
"DEBUG"	3868	"2026-07-16 12:16:20.028"	"Worker exited in work queue External fetch queue"
"DEBUG"	3864	"2026-07-16 12:16:20.028"	"Worker exited in work queue External fetch queue"
"DEBUG"	3860	"2026-07-16 12:16:20.028"	"Worker exited in work queue External fetch queue"
"DEBUG"	3852	"2026-07-16 12:16:20.028"	"Worker exited in work queue External fetch queue"
"DEBUG"	3856	"2026-07-16 12:16:20.028"	"Worker exited in work queue External fetch queue"
"DEBUG"	3848	"2026-07-16 12:16:20.028"	"Worker exited in work queue External fetch queue"
"DEBUG"	3844	"2026-07-16 12:16:20.028"	"Worker exited in work queue External fetch queue"
"DEBUG"	3840	"2026-07-16 12:16:20.028"	"Worker exited in work queue External fetch queue"
"DEBUG"	3876	"2026-07-16 12:16:20.028"	"Worker exited in work queue External fetch queue"
"DEBUG"	2492	"2026-07-16 12:16:20.028"	"All threads are joined in queue External fetch queue."
"DEBUG"	2492	"2026-07-16 12:16:20.028"	"WorkQueueManager::RemoveQueue - Stopped External fetch queue"
"DEBUG"	2492	"2026-07-16 12:16:20.028"	"WorkQueueManager::RemoveQueue - Erased External fetch queue"
"DEBUG"	2492	"2026-07-16 12:16:20.028"	"Destructing work queue External fetch queue"
"DEBUG"	2492	"2026-07-16 12:16:20.028"	"ExternalFetchManager::~ExternalFetchManager - Removed queue"
"DEBUG"	2492	"2026-07-16 12:16:20.028"	"Application::StopServers() - Destructing Scheduler"
"DEBUG"	2492	"2026-07-16 12:16:20.028"	"Application::StopServers() - Destructing Rest"
"APPLICATION"	2492	"2026-07-16 12:16:20.028"	"Servers stopped."
"DEBUG"	2492	"2026-07-16 12:16:20.028"	"WorkQueueManager::RemoveQueue - Maintenance queue"
"DEBUG"	2492	"2026-07-16 12:16:20.043"	"Stopping working queue Maintenance queue."
"DEBUG"	2492	"2026-07-16 12:16:20.043"	"Interupt and join threads in working queue Maintenance queue"
"DEBUG"	3428	"2026-07-16 12:16:20.043"	"Worker exited in work queue Maintenance queue"
"DEBUG"	3424	"2026-07-16 12:16:20.043"	"Worker exited in work queue Maintenance queue"
"DEBUG"	3420	"2026-07-16 12:16:20.043"	"Worker exited in work queue Maintenance queue"
"DEBUG"	3416	"2026-07-16 12:16:20.043"	"Worker exited in work queue Maintenance queue"
"DEBUG"	3412	"2026-07-16 12:16:20.043"	"Worker exited in work queue Maintenance queue"
"DEBUG"	2492	"2026-07-16 12:16:20.043"	"All threads are joined in queue Maintenance queue."
"DEBUG"	2492	"2026-07-16 12:16:20.043"	"WorkQueueManager::RemoveQueue - Stopped Maintenance queue"
"DEBUG"	2492	"2026-07-16 12:16:20.043"	"WorkQueueManager::RemoveQueue - Erased Maintenance queue"
"DEBUG"	2492	"2026-07-16 12:16:20.043"	"Destructing work queue Maintenance queue"
"DEBUG"	2492	"2026-07-16 12:16:20.043"	"WorkQueueManager::RemoveQueue - Asynchronous task queue"
"DEBUG"	2492	"2026-07-16 12:16:20.043"	"Stopping working queue Asynchronous task queue."
"DEBUG"	2492	"2026-07-16 12:16:20.043"	"Interupt and join threads in working queue Asynchronous task queue"
"DEBUG"	3756	"2026-07-16 12:16:20.043"	"Worker exited in work queue Asynchronous task queue"
"DEBUG"	3752	"2026-07-16 12:16:20.043"	"Worker exited in work queue Asynchronous task queue"
"DEBUG"	3748	"2026-07-16 12:16:20.043"	"Worker exited in work queue Asynchronous task queue"
"DEBUG"	3744	"2026-07-16 12:16:20.043"	"Worker exited in work queue Asynchronous task queue"
"DEBUG"	3740	"2026-07-16 12:16:20.043"	"Worker exited in work queue Asynchronous task queue"
"DEBUG"	3736	"2026-07-16 12:16:20.043"	"Worker exited in work queue Asynchronous task queue"
"DEBUG"	3732	"2026-07-16 12:16:20.043"	"Worker exited in work queue Asynchronous task queue"
"DEBUG"	3728	"2026-07-16 12:16:20.043"	"Worker exited in work queue Asynchronous task queue"
"DEBUG"	3724	"2026-07-16 12:16:20.043"	"Worker exited in work queue Asynchronous task queue"
"DEBUG"	3720	"2026-07-16 12:16:20.043"	"Worker exited in work queue Asynchronous task queue"
"DEBUG"	3716	"2026-07-16 12:16:20.043"	"Worker exited in work queue Asynchronous task queue"
"DEBUG"	3712	"2026-07-16 12:16:20.043"	"Worker exited in work queue Asynchronous task queue"
"DEBUG"	3708	"2026-07-16 12:16:20.059"	"Worker exited in work queue Asynchronous task queue"
"DEBUG"	3704	"2026-07-16 12:16:20.059"	"Worker exited in work queue Asynchronous task queue"
"DEBUG"	3700	"2026-07-16 12:16:20.059"	"Worker exited in work queue Asynchronous task queue"
"DEBUG"	2492	"2026-07-16 12:16:20.059"	"Still 1 remaining threads in queue Asynchronous task queue. First task: <Unknown>"
"DEBUG"	2492	"2026-07-16 12:16:20.324"	"All threads are joined in queue Asynchronous task queue."
"DEBUG"	2492	"2026-07-16 12:16:20.324"	"WorkQueueManager::RemoveQueue - Stopped Asynchronous task queue"
"DEBUG"	2492	"2026-07-16 12:16:20.324"	"WorkQueueManager::RemoveQueue - Erased Asynchronous task queue"
"DEBUG"	2492	"2026-07-16 12:16:20.324"	"Destructing work queue Asynchronous task queue"
"DEBUG"	2492	"2026-07-16 12:16:20.324"	"Application::ExitInstance - Closing database connection..."
"DEBUG"	2492	"2026-07-16 12:16:20.324"	"Application::ExitInstance - Deleting caches..."
"DEBUG"	2932	"2026-07-16 12:17:07.015"	"Application::InitInstance - Configuration loaded."
"DEBUG"	2932	"2026-07-16 12:17:07.015"	"Creating work queue Asynchronous task queue"
"DEBUG"	2932	"2026-07-16 12:17:07.015"	"Starting work queue Asynchronous task queue"
"DEBUG"	2932	"2026-07-16 12:17:07.015"	"Started work queue Asynchronous task queue"
"APPLICATION"	2932	"2026-07-16 12:17:07.015"	"Starting servers..."
"DEBUG"	3604	"2026-07-16 12:17:07.062"	"Running worker in work queue Asynchronous task queue"
"DEBUG"	3608	"2026-07-16 12:17:07.062"	"Running worker in work queue Asynchronous task queue"
"DEBUG"	3612	"2026-07-16 12:17:07.062"	"Running worker in work queue Asynchronous task queue"
"DEBUG"	2932	"2026-07-16 12:17:07.062"	"Creating work queue Server queue"
"DEBUG"	2932	"2026-07-16 12:17:07.062"	"Starting work queue Server queue"
"DEBUG"	2932	"2026-07-16 12:17:07.062"	"Started work queue Server queue"
"DEBUG"	3616	"2026-07-16 12:17:07.062"	"Running worker in work queue Asynchronous task queue"
"DEBUG"	3620	"2026-07-16 12:17:07.062"	"Running worker in work queue Asynchronous task queue"
"DEBUG"	2932	"2026-07-16 12:17:07.062"	"Adding task Scheduler to work queue Server queue"
"DEBUG"	3648	"2026-07-16 12:17:07.078"	"Running worker in work queue Asynchronous task queue"
"DEBUG"	3628	"2026-07-16 12:17:07.062"	"Running worker in work queue Asynchronous task queue"
"DEBUG"	3632	"2026-07-16 12:17:07.062"	"Running worker in work queue Asynchronous task queue"
"DEBUG"	3636	"2026-07-16 12:17:07.062"	"Running worker in work queue Asynchronous task queue"
"DEBUG"	3640	"2026-07-16 12:17:07.062"	"Running worker in work queue Asynchronous task queue"
"DEBUG"	3624	"2026-07-16 12:17:07.062"	"Running worker in work queue Asynchronous task queue"
"DEBUG"	3644	"2026-07-16 12:17:07.078"	"Running worker in work queue Asynchronous task queue"
"DEBUG"	3652	"2026-07-16 12:17:07.078"	"Running worker in work queue Asynchronous task queue"
"DEBUG"	3656	"2026-07-16 12:17:07.078"	"Running worker in work queue Asynchronous task queue"
"DEBUG"	3660	"2026-07-16 12:17:07.078"	"Running worker in work queue Asynchronous task queue"
"DEBUG"	2932	"2026-07-16 12:17:07.078"	"Adding task IOService to work queue Server queue"
"DEBUG"	2932	"2026-07-16 12:17:07.078"	"Creating work queue SMTP delivery queue"
"DEBUG"	2932	"2026-07-16 12:17:07.078"	"Starting work queue SMTP delivery queue"
"DEBUG"	2932	"2026-07-16 12:17:07.078"	"Started work queue SMTP delivery queue"
"DEBUG"	2932	"2026-07-16 12:17:07.078"	"Adding task SMTPDeliveryManager to work queue Server queue"
"DEBUG"	2932	"2026-07-16 12:17:07.078"	"Creating work queue External fetch queue"
"DEBUG"	2932	"2026-07-16 12:17:07.078"	"Starting work queue External fetch queue"
"DEBUG"	2932	"2026-07-16 12:17:07.078"	"Started work queue External fetch queue"
"DEBUG"	2932	"2026-07-16 12:17:07.078"	"Adding task ExternalFetchManager to work queue Server queue"
"DEBUG"	3700	"2026-07-16 12:17:07.109"	"Running worker in work queue Server queue"
"DEBUG"	3696	"2026-07-16 12:17:07.109"	"Running worker in work queue Server queue"
"DEBUG"	3696	"2026-07-16 12:17:07.109"	"Executing task IOService in work queue Server queue"
"DEBUG"	3700	"2026-07-16 12:17:07.109"	"Executing task Scheduler in work queue Server queue"
"DEBUG"	3708	"2026-07-16 12:17:07.109"	"Running worker in work queue Server queue"
"DEBUG"	3708	"2026-07-16 12:17:07.109"	"Executing task SMTPDeliveryManager in work queue Server queue"
"DEBUG"	3708	"2026-07-16 12:17:07.109"	"SMTPDeliveryManager::Start()"
"DEBUG"	3696	"2026-07-16 12:17:07.109"	"IOService::Start()"
"DEBUG"	3704	"2026-07-16 12:17:07.109"	"Running worker in work queue Server queue"
"DEBUG"	3704	"2026-07-16 12:17:07.125"	"Executing task ExternalFetchManager in work queue Server queue"
"DEBUG"	3704	"2026-07-16 12:17:07.125"	"ExternalFetchManager::Start()"
"APPLICATION"	2932	"2026-07-16 12:17:07.125"	"Servers started."
"DEBUG"	3712	"2026-07-16 12:17:07.125"	"Running worker in work queue SMTP delivery queue"
"DEBUG"	3716	"2026-07-16 12:17:07.125"	"Running worker in work queue SMTP delivery queue"
"DEBUG"	3720	"2026-07-16 12:17:07.125"	"Running worker in work queue SMTP delivery queue"
"DEBUG"	3724	"2026-07-16 12:17:07.125"	"Running worker in work queue SMTP delivery queue"
"DEBUG"	3728	"2026-07-16 12:17:07.125"	"Running worker in work queue SMTP delivery queue"
"DEBUG"	3732	"2026-07-16 12:17:07.125"	"Running worker in work queue SMTP delivery queue"
"DEBUG"	3736	"2026-07-16 12:17:07.125"	"Running worker in work queue SMTP delivery queue"
"DEBUG"	3744	"2026-07-16 12:17:07.125"	"Running worker in work queue SMTP delivery queue"
"DEBUG"	3740	"2026-07-16 12:17:07.125"	"Running worker in work queue SMTP delivery queue"
"DEBUG"	3748	"2026-07-16 12:17:07.125"	"Running worker in work queue SMTP delivery queue"
"DEBUG"	3756	"2026-07-16 12:17:07.125"	"Running worker in work queue External fetch queue"
"DEBUG"	3752	"2026-07-16 12:17:07.125"	"Running worker in work queue External fetch queue"
"DEBUG"	3788	"2026-07-16 12:17:07.125"	"Running worker in work queue External fetch queue"
"DEBUG"	3760	"2026-07-16 12:17:07.125"	"Running worker in work queue External fetch queue"
"DEBUG"	3772	"2026-07-16 12:17:07.125"	"Running worker in work queue External fetch queue"
"DEBUG"	3768	"2026-07-16 12:17:07.125"	"Running worker in work queue External fetch queue"
"DEBUG"	3780	"2026-07-16 12:17:07.125"	"Running worker in work queue External fetch queue"
"DEBUG"	3776	"2026-07-16 12:17:07.125"	"Running worker in work queue External fetch queue"
"DEBUG"	3784	"2026-07-16 12:17:07.125"	"Running worker in work queue External fetch queue"
"DEBUG"	3792	"2026-07-16 12:17:07.125"	"Running worker in work queue External fetch queue"
"DEBUG"	3764	"2026-07-16 12:17:07.125"	"Running worker in work queue External fetch queue"
"DEBUG"	3796	"2026-07-16 12:17:07.125"	"Running worker in work queue External fetch queue"
"DEBUG"	3800	"2026-07-16 12:17:07.125"	"Running worker in work queue External fetch queue"
"DEBUG"	3808	"2026-07-16 12:17:07.125"	"Running worker in work queue External fetch queue"
"DEBUG"	3804	"2026-07-16 12:17:07.125"	"Running worker in work queue External fetch queue"
"DEBUG"	3696	"2026-07-16 12:17:07.312"	"Creating session 1"
"DEBUG"	3696	"2026-07-16 12:17:07.328"	"Creating session 2"
"DEBUG"	3696	"2026-07-16 12:17:07.328"	"Creating session 3"
"DEBUG"	3696	"2026-07-16 12:17:07.328"	"Creating session 4"
"DEBUG"	3696	"2026-07-16 12:17:07.328"	"Creating work queue IOCPQueue"
"DEBUG"	3696	"2026-07-16 12:17:07.328"	"Starting work queue IOCPQueue"
"DEBUG"	3696	"2026-07-16 12:17:07.328"	"Started work queue IOCPQueue"
"DEBUG"	3696	"2026-07-16 12:17:07.328"	"Adding task IOCPQueueWorkerTask to work queue IOCPQueue"
"DEBUG"	3696	"2026-07-16 12:17:07.328"	"Adding task IOCPQueueWorkerTask to work queue IOCPQueue"
"DEBUG"	3696	"2026-07-16 12:17:07.328"	"Adding task IOCPQueueWorkerTask to work queue IOCPQueue"
"DEBUG"	3696	"2026-07-16 12:17:07.328"	"Adding task IOCPQueueWorkerTask to work queue IOCPQueue"
"DEBUG"	3696	"2026-07-16 12:17:07.328"	"Adding task IOCPQueueWorkerTask to work queue IOCPQueue"
"DEBUG"	3696	"2026-07-16 12:17:07.328"	"Adding task IOCPQueueWorkerTask to work queue IOCPQueue"
"DEBUG"	3696	"2026-07-16 12:17:07.328"	"Adding task IOCPQueueWorkerTask to work queue IOCPQueue"
"DEBUG"	3696	"2026-07-16 12:17:07.328"	"Adding task IOCPQueueWorkerTask to work queue IOCPQueue"
"DEBUG"	3696	"2026-07-16 12:17:07.328"	"Adding task IOCPQueueWorkerTask to work queue IOCPQueue"
"DEBUG"	3696	"2026-07-16 12:17:07.328"	"Adding task IOCPQueueWorkerTask to work queue IOCPQueue"
"DEBUG"	3696	"2026-07-16 12:17:07.328"	"Adding task IOCPQueueWorkerTask to work queue IOCPQueue"
"DEBUG"	3696	"2026-07-16 12:17:07.328"	"Adding task IOCPQueueWorkerTask to work queue IOCPQueue"
"DEBUG"	3696	"2026-07-16 12:17:07.328"	"Adding task IOCPQueueWorkerTask to work queue IOCPQueue"
"DEBUG"	3696	"2026-07-16 12:17:07.328"	"Adding task IOCPQueueWorkerTask to work queue IOCPQueue"
"DEBUG"	3696	"2026-07-16 12:17:07.328"	"Adding task IOCPQueueWorkerTask to work queue IOCPQueue"
"DEBUG"	3856	"2026-07-16 12:17:07.453"	"Running worker in work queue IOCPQueue"
"DEBUG"	3856	"2026-07-16 12:17:07.453"	"Executing task IOCPQueueWorkerTask in work queue IOCPQueue"
"DEBUG"	3860	"2026-07-16 12:17:07.484"	"Running worker in work queue IOCPQueue"
"DEBUG"	3860	"2026-07-16 12:17:07.500"	"Executing task IOCPQueueWorkerTask in work queue IOCPQueue"
"DEBUG"	3864	"2026-07-16 12:17:07.500"	"Running worker in work queue IOCPQueue"
"DEBUG"	3864	"2026-07-16 12:17:07.515"	"Executing task IOCPQueueWorkerTask in work queue IOCPQueue"
"DEBUG"	3868	"2026-07-16 12:17:07.515"	"Running worker in work queue IOCPQueue"
"DEBUG"	3868	"2026-07-16 12:17:07.515"	"Executing task IOCPQueueWorkerTask in work queue IOCPQueue"
"DEBUG"	3872	"2026-07-16 12:17:07.515"	"Running worker in work queue IOCPQueue"
"DEBUG"	3872	"2026-07-16 12:17:07.515"	"Executing task IOCPQueueWorkerTask in work queue IOCPQueue"
"DEBUG"	3876	"2026-07-16 12:17:07.515"	"Running worker in work queue IOCPQueue"
"DEBUG"	3876	"2026-07-16 12:17:07.515"	"Executing task IOCPQueueWorkerTask in work queue IOCPQueue"
"DEBUG"	3880	"2026-07-16 12:17:07.515"	"Running worker in work queue IOCPQueue"
"DEBUG"	3880	"2026-07-16 12:17:07.515"	"Executing task IOCPQueueWorkerTask in work queue IOCPQueue"
"DEBUG"	3884	"2026-07-16 12:17:07.515"	"Running worker in work queue IOCPQueue"
"DEBUG"	3884	"2026-07-16 12:17:07.515"	"Executing task IOCPQueueWorkerTask in work queue IOCPQueue"
"DEBUG"	3888	"2026-07-16 12:17:07.515"	"Running worker in work queue IOCPQueue"
"DEBUG"	3888	"2026-07-16 12:17:07.515"	"Executing task IOCPQueueWorkerTask in work queue IOCPQueue"
"DEBUG"	3892	"2026-07-16 12:17:07.515"	"Running worker in work queue IOCPQueue"
"DEBUG"	3892	"2026-07-16 12:17:07.515"	"Executing task IOCPQueueWorkerTask in work queue IOCPQueue"
"DEBUG"	3896	"2026-07-16 12:17:07.515"	"Running worker in work queue IOCPQueue"
"DEBUG"	3896	"2026-07-16 12:17:07.515"	"Executing task IOCPQueueWorkerTask in work queue IOCPQueue"
"DEBUG"	3900	"2026-07-16 12:17:07.515"	"Running worker in work queue IOCPQueue"
"DEBUG"	3900	"2026-07-16 12:17:07.515"	"Executing task IOCPQueueWorkerTask in work queue IOCPQueue"
"DEBUG"	3904	"2026-07-16 12:17:07.515"	"Running worker in work queue IOCPQueue"
"DEBUG"	3904	"2026-07-16 12:17:07.515"	"Executing task IOCPQueueWorkerTask in work queue IOCPQueue"
"DEBUG"	3908	"2026-07-16 12:17:07.515"	"Running worker in work queue IOCPQueue"
"DEBUG"	3908	"2026-07-16 12:17:07.515"	"Executing task IOCPQueueWorkerTask in work queue IOCPQueue"
"DEBUG"	3912	"2026-07-16 12:17:07.515"	"Running worker in work queue IOCPQueue"
"DEBUG"	3912	"2026-07-16 12:17:07.531"	"Executing task IOCPQueueWorkerTask in work queue IOCPQueue"
"DEBUG"	2448	"2026-07-16 12:55:59.079"	"Received shutdown-request from Windows."
"APPLICATION"	2448	"2026-07-16 12:55:59.079"	"Stopping servers..."
"DEBUG"	2448	"2026-07-16 12:55:59.079"	"Application::StopServers() - Removing server work queue"
"DEBUG"	2448	"2026-07-16 12:55:59.079"	"WorkQueueManager::RemoveQueue - Server queue"
"DEBUG"	2448	"2026-07-16 12:55:59.079"	"Stopping working queue Server queue."
"DEBUG"	2448	"2026-07-16 12:55:59.079"	"Interupt and join threads in working queue Server queue"
"DEBUG"	3704	"2026-07-16 12:55:59.094"	"Worker exited in work queue Server queue"
"DEBUG"	2448	"2026-07-16 12:55:59.126"	"Still 3 remaining threads in queue Server queue. First task: Scheduler"
"DEBUG"	3696	"2026-07-16 12:55:59.126"	"IOService::Stop()"
"DEBUG"	3908	"2026-07-16 12:55:59.126"	"TCP - AcceptEx failed. Error code: 995, Message: 스레드 종료 또는 응용 프로그램 요청 때문에 I/O 작업이 취소되었습니다"
"DEBUG"	3904	"2026-07-16 12:55:59.126"	"TCP - AcceptEx failed. Error code: 995, Message: 스레드 종료 또는 응용 프로그램 요청 때문에 I/O 작업이 취소되었습니다"
"DEBUG"	3908	"2026-07-16 12:55:59.126"	"Ending session 1"
"DEBUG"	3900	"2026-07-16 12:55:59.126"	"TCP - AcceptEx failed. Error code: 995, Message: 스레드 종료 또는 응용 프로그램 요청 때문에 I/O 작업이 취소되었습니다"
"DEBUG"	3896	"2026-07-16 12:55:59.126"	"TCP - AcceptEx failed. Error code: 995, Message: 스레드 종료 또는 응용 프로그램 요청 때문에 I/O 작업이 취소되었습니다"
"DEBUG"	3696	"2026-07-16 12:55:59.126"	"IOService::DoWork() - removing Queue IOCP Queue"
"DEBUG"	3904	"2026-07-16 12:55:59.126"	"Ending session 2"
"DEBUG"	3900	"2026-07-16 12:55:59.126"	"Ending session 3"
"DEBUG"	3896	"2026-07-16 12:55:59.126"	"Ending session 4"
"DEBUG"	3696	"2026-07-16 12:55:59.126"	"WorkQueueManager::RemoveQueue - IOCPQueue"
"DEBUG"	3696	"2026-07-16 12:55:59.126"	"Stopping working queue IOCPQueue."
"DEBUG"	3696	"2026-07-16 12:55:59.126"	"Interupt and join threads in working queue IOCPQueue"
"DEBUG"	3896	"2026-07-16 12:55:59.157"	"Worker exited in work queue IOCPQueue"
"DEBUG"	3900	"2026-07-16 12:55:59.157"	"Worker exited in work queue IOCPQueue"
"DEBUG"	3904	"2026-07-16 12:55:59.157"	"Worker exited in work queue IOCPQueue"
"DEBUG"	3908	"2026-07-16 12:55:59.157"	"Worker exited in work queue IOCPQueue"
"DEBUG"	3912	"2026-07-16 12:55:59.157"	"Worker exited in work queue IOCPQueue"
"DEBUG"	3892	"2026-07-16 12:55:59.221"	"Worker exited in work queue IOCPQueue"
"DEBUG"	3888	"2026-07-16 12:55:59.251"	"Worker exited in work queue IOCPQueue"
"DEBUG"	3884	"2026-07-16 12:55:59.282"	"Worker exited in work queue IOCPQueue"
"DEBUG"	3880	"2026-07-16 12:55:59.313"	"Worker exited in work queue IOCPQueue"
"DEBUG"	3876	"2026-07-16 12:55:59.329"	"Worker exited in work queue IOCPQueue"
"DEBUG"	3872	"2026-07-16 12:55:59.392"	"Worker exited in work queue IOCPQueue"
"DEBUG"	3696	"2026-07-16 12:55:59.392"	"Still 5 remaining threads in queue IOCPQueue. First task: IOCPQueueWorkerTask"
"DEBUG"	3708	"2026-07-16 12:55:59.423"	"Worker exited in work queue Server queue"
"DEBUG"	3700	"2026-07-16 12:55:59.423"	"Worker exited in work queue Server queue"
"DEBUG"	2448	"2026-07-16 12:55:59.470"	"Still 1 remaining threads in queue Server queue. First task: IOService"
"DEBUG"	3868	"2026-07-16 12:55:59.657"	"Worker exited in work queue IOCPQueue"
"DEBUG"	3864	"2026-07-16 12:55:59.657"	"Worker exited in work queue IOCPQueue"
"DEBUG"	3860	"2026-07-16 12:55:59.657"	"Worker exited in work queue IOCPQueue"
"DEBUG"	3856	"2026-07-16 12:55:59.657"	"Worker exited in work queue IOCPQueue"
"DEBUG"	3696	"2026-07-16 12:55:59.657"	"All threads are joined in queue IOCPQueue."
"DEBUG"	3696	"2026-07-16 12:55:59.673"	"WorkQueueManager::RemoveQueue - Stopped IOCPQueue"
"DEBUG"	3696	"2026-07-16 12:55:59.673"	"WorkQueueManager::RemoveQueue - Erased IOCPQueue"
"DEBUG"	3696	"2026-07-16 12:55:59.673"	"IOService::Stop() - Complete"
"DEBUG"	3696	"2026-07-16 12:55:59.673"	"Destructing work queue IOCPQueue"
"DEBUG"	3696	"2026-07-16 12:55:59.735"	"Worker exited in work queue Server queue"
"DEBUG"	2448	"2026-07-16 12:55:59.735"	"All threads are joined in queue Server queue."
"DEBUG"	2448	"2026-07-16 12:55:59.735"	"WorkQueueManager::RemoveQueue - Stopped Server queue"
"DEBUG"	2448	"2026-07-16 12:55:59.735"	"WorkQueueManager::RemoveQueue - Erased Server queue"
"DEBUG"	2448	"2026-07-16 12:55:59.735"	"Destructing work queue Server queue"
"DEBUG"	2448	"2026-07-16 12:55:59.735"	"Application::StopServers() - Clearing caches"
"DEBUG"	2448	"2026-07-16 12:55:59.735"	"Application::StopServers() - Destructing IOCP"
"DEBUG"	2448	"2026-07-16 12:55:59.735"	"IOService::~IOService - Destructing"
"DEBUG"	2448	"2026-07-16 12:55:59.735"	"TCPServer::~TCPServer"
"DEBUG"	2448	"2026-07-16 12:55:59.735"	"TCPServer::~TCPServer"
"DEBUG"	2448	"2026-07-16 12:55:59.735"	"TCPServer::~TCPServer"
"DEBUG"	2448	"2026-07-16 12:55:59.735"	"TCPServer::~TCPServer"
"DEBUG"	2448	"2026-07-16 12:55:59.735"	"Application::StopServers() - Destructing DeliveryManager"
"DEBUG"	2448	"2026-07-16 12:55:59.735"	"WorkQueueManager::RemoveQueue - SMTP delivery queue"
"DEBUG"	2448	"2026-07-16 12:55:59.735"	"Stopping working queue SMTP delivery queue."
"DEBUG"	2448	"2026-07-16 12:55:59.735"	"Interupt and join threads in working queue SMTP delivery queue"
"DEBUG"	3748	"2026-07-16 12:55:59.735"	"Worker exited in work queue SMTP delivery queue"
"DEBUG"	3740	"2026-07-16 12:55:59.757"	"Worker exited in work queue SMTP delivery queue"
"DEBUG"	3744	"2026-07-16 12:55:59.757"	"Worker exited in work queue SMTP delivery queue"
"DEBUG"	3736	"2026-07-16 12:55:59.757"	"Worker exited in work queue SMTP delivery queue"
"DEBUG"	3732	"2026-07-16 12:55:59.757"	"Worker exited in work queue SMTP delivery queue"
"DEBUG"	3728	"2026-07-16 12:55:59.757"	"Worker exited in work queue SMTP delivery queue"
"DEBUG"	3724	"2026-07-16 12:55:59.757"	"Worker exited in work queue SMTP delivery queue"
"DEBUG"	3720	"2026-07-16 12:55:59.757"	"Worker exited in work queue SMTP delivery queue"
"DEBUG"	3716	"2026-07-16 12:55:59.757"	"Worker exited in work queue SMTP delivery queue"
"DEBUG"	3712	"2026-07-16 12:55:59.767"	"Worker exited in work queue SMTP delivery queue"
"DEBUG"	2448	"2026-07-16 12:55:59.767"	"Still 1 remaining threads in queue SMTP delivery queue. First task: <Unknown>"
"DEBUG"	2448	"2026-07-16 12:56:00.033"	"All threads are joined in queue SMTP delivery queue."
"DEBUG"	2448	"2026-07-16 12:56:00.033"	"WorkQueueManager::RemoveQueue - Stopped SMTP delivery queue"
"DEBUG"	2448	"2026-07-16 12:56:00.033"	"WorkQueueManager::RemoveQueue - Erased SMTP delivery queue"
"DEBUG"	2448	"2026-07-16 12:56:00.033"	"Destructing work queue SMTP delivery queue"
"DEBUG"	2448	"2026-07-16 12:56:00.033"	"Application::StopServers() - Destructing FetchManager"
"DEBUG"	2448	"2026-07-16 12:56:00.033"	"ExternalFetchManager::~ExternalFetchManager"
"DEBUG"	2448	"2026-07-16 12:56:00.033"	"WorkQueueManager::RemoveQueue - External fetch queue"
"DEBUG"	2448	"2026-07-16 12:56:00.033"	"Stopping working queue External fetch queue."
"DEBUG"	2448	"2026-07-16 12:56:00.033"	"Interupt and join threads in working queue External fetch queue"
"DEBUG"	3804	"2026-07-16 12:56:00.033"	"Worker exited in work queue External fetch queue"
"DEBUG"	3808	"2026-07-16 12:56:00.033"	"Worker exited in work queue External fetch queue"
"DEBUG"	3800	"2026-07-16 12:56:00.033"	"Worker exited in work queue External fetch queue"
"DEBUG"	3796	"2026-07-16 12:56:00.033"	"Worker exited in work queue External fetch queue"
"DEBUG"	3764	"2026-07-16 12:56:00.033"	"Worker exited in work queue External fetch queue"
"DEBUG"	3792	"2026-07-16 12:56:00.033"	"Worker exited in work queue External fetch queue"
"DEBUG"	3784	"2026-07-16 12:56:00.033"	"Worker exited in work queue External fetch queue"
"DEBUG"	3776	"2026-07-16 12:56:00.033"	"Worker exited in work queue External fetch queue"
"DEBUG"	3780	"2026-07-16 12:56:00.033"	"Worker exited in work queue External fetch queue"
"DEBUG"	3768	"2026-07-16 12:56:00.033"	"Worker exited in work queue External fetch queue"
"DEBUG"	3772	"2026-07-16 12:56:00.033"	"Worker exited in work queue External fetch queue"
"DEBUG"	3760	"2026-07-16 12:56:00.033"	"Worker exited in work queue External fetch queue"
"DEBUG"	3788	"2026-07-16 12:56:00.033"	"Worker exited in work queue External fetch queue"
"DEBUG"	3752	"2026-07-16 12:56:00.033"	"Worker exited in work queue External fetch queue"
"DEBUG"	3756	"2026-07-16 12:56:00.033"	"Worker exited in work queue External fetch queue"
"DEBUG"	2448	"2026-07-16 12:56:00.033"	"All threads are joined in queue External fetch queue."
"DEBUG"	2448	"2026-07-16 12:56:00.033"	"WorkQueueManager::RemoveQueue - Stopped External fetch queue"
"DEBUG"	2448	"2026-07-16 12:56:00.048"	"WorkQueueManager::RemoveQueue - Erased External fetch queue"
"DEBUG"	2448	"2026-07-16 12:56:00.048"	"Destructing work queue External fetch queue"
"DEBUG"	2448	"2026-07-16 12:56:00.048"	"ExternalFetchManager::~ExternalFetchManager - Removed queue"
"DEBUG"	2448	"2026-07-16 12:56:00.048"	"Application::StopServers() - Destructing Scheduler"
"DEBUG"	2448	"2026-07-16 12:56:00.048"	"Application::StopServers() - Destructing Rest"
"APPLICATION"	2448	"2026-07-16 12:56:00.048"	"Servers stopped."
"DEBUG"	2448	"2026-07-16 12:56:00.048"	"WorkQueueManager::RemoveQueue - Maintenance queue"
"DEBUG"	2448	"2026-07-16 12:56:00.048"	"Stopping working queue Maintenance queue."
"DEBUG"	2448	"2026-07-16 12:56:00.048"	"Interupt and join threads in working queue Maintenance queue"
"DEBUG"	3336	"2026-07-16 12:56:00.048"	"Worker exited in work queue Maintenance queue"
"DEBUG"	3332	"2026-07-16 12:56:00.048"	"Worker exited in work queue Maintenance queue"
"DEBUG"	3328	"2026-07-16 12:56:00.048"	"Worker exited in work queue Maintenance queue"
"DEBUG"	3324	"2026-07-16 12:56:00.048"	"Worker exited in work queue Maintenance queue"
"DEBUG"	3320	"2026-07-16 12:56:00.048"	"Worker exited in work queue Maintenance queue"
"DEBUG"	2448	"2026-07-16 12:56:00.048"	"All threads are joined in queue Maintenance queue."
"DEBUG"	2448	"2026-07-16 12:56:00.048"	"WorkQueueManager::RemoveQueue - Stopped Maintenance queue"
"DEBUG"	2448	"2026-07-16 12:56:00.048"	"WorkQueueManager::RemoveQueue - Erased Maintenance queue"
"DEBUG"	2448	"2026-07-16 12:56:00.048"	"Destructing work queue Maintenance queue"
"DEBUG"	2448	"2026-07-16 12:56:00.048"	"WorkQueueManager::RemoveQueue - Asynchronous task queue"
"DEBUG"	2448	"2026-07-16 12:56:00.048"	"Stopping working queue Asynchronous task queue."
"DEBUG"	2448	"2026-07-16 12:56:00.048"	"Interupt and join threads in working queue Asynchronous task queue"
"DEBUG"	3660	"2026-07-16 12:56:00.048"	"Worker exited in work queue Asynchronous task queue"
"DEBUG"	3656	"2026-07-16 12:56:00.048"	"Worker exited in work queue Asynchronous task queue"
"DEBUG"	3652	"2026-07-16 12:56:00.048"	"Worker exited in work queue Asynchronous task queue"
"DEBUG"	3644	"2026-07-16 12:56:00.048"	"Worker exited in work queue Asynchronous task queue"
"DEBUG"	3624	"2026-07-16 12:56:00.064"	"Worker exited in work queue Asynchronous task queue"
"DEBUG"	3640	"2026-07-16 12:56:00.064"	"Worker exited in work queue Asynchronous task queue"
"DEBUG"	3636	"2026-07-16 12:56:00.064"	"Worker exited in work queue Asynchronous task queue"
"DEBUG"	3632	"2026-07-16 12:56:00.064"	"Worker exited in work queue Asynchronous task queue"
"DEBUG"	3628	"2026-07-16 12:56:00.064"	"Worker exited in work queue Asynchronous task queue"
"DEBUG"	3648	"2026-07-16 12:56:00.064"	"Worker exited in work queue Asynchronous task queue"
"DEBUG"	3620	"2026-07-16 12:56:00.064"	"Worker exited in work queue Asynchronous task queue"
"DEBUG"	3616	"2026-07-16 12:56:00.064"	"Worker exited in work queue Asynchronous task queue"
"DEBUG"	3612	"2026-07-16 12:56:00.064"	"Worker exited in work queue Asynchronous task queue"
"DEBUG"	3608	"2026-07-16 12:56:00.064"	"Worker exited in work queue Asynchronous task queue"
"DEBUG"	3604	"2026-07-16 12:56:00.064"	"Worker exited in work queue Asynchronous task queue"
"DEBUG"	2448	"2026-07-16 12:56:00.064"	"Still 1 remaining threads in queue Asynchronous task queue. First task: <Unknown>"
"DEBUG"	2448	"2026-07-16 12:56:00.329"	"All threads are joined in queue Asynchronous task queue."
"DEBUG"	2448	"2026-07-16 12:56:00.329"	"WorkQueueManager::RemoveQueue - Stopped Asynchronous task queue"
"DEBUG"	2448	"2026-07-16 12:56:00.329"	"WorkQueueManager::RemoveQueue - Erased Asynchronous task queue"
"DEBUG"	2448	"2026-07-16 12:56:00.329"	"Destructing work queue Asynchronous task queue"
"DEBUG"	2448	"2026-07-16 12:56:00.329"	"Application::ExitInstance - Closing database connection..."
"DEBUG"	2448	"2026-07-16 12:56:00.329"	"Application::ExitInstance - Deleting caches..."
"DEBUG"	2520	"2026-07-16 12:58:25.976"	"Application::InitInstance - Configuration loaded."
"DEBUG"	2520	"2026-07-16 12:58:25.976"	"Creating work queue Asynchronous task queue"
"DEBUG"	2520	"2026-07-16 12:58:25.992"	"Starting work queue Asynchronous task queue"
"DEBUG"	2520	"2026-07-16 12:58:25.992"	"Started work queue Asynchronous task queue"
"APPLICATION"	2520	"2026-07-16 12:58:25.992"	"Starting servers..."
"DEBUG"	3700	"2026-07-16 12:58:26.117"	"Running worker in work queue Asynchronous task queue"
"DEBUG"	3704	"2026-07-16 12:58:26.117"	"Running worker in work queue Asynchronous task queue"
"DEBUG"	3708	"2026-07-16 12:58:26.132"	"Running worker in work queue Asynchronous task queue"
"DEBUG"	3712	"2026-07-16 12:58:26.132"	"Running worker in work queue Asynchronous task queue"
"DEBUG"	3716	"2026-07-16 12:58:26.132"	"Running worker in work queue Asynchronous task queue"
"DEBUG"	3724	"2026-07-16 12:58:26.132"	"Running worker in work queue Asynchronous task queue"
"DEBUG"	3728	"2026-07-16 12:58:26.132"	"Running worker in work queue Asynchronous task queue"
"DEBUG"	3732	"2026-07-16 12:58:26.132"	"Running worker in work queue Asynchronous task queue"
"DEBUG"	3736	"2026-07-16 12:58:26.132"	"Running worker in work queue Asynchronous task queue"
"DEBUG"	3740	"2026-07-16 12:58:26.132"	"Running worker in work queue Asynchronous task queue"
"DEBUG"	3744	"2026-07-16 12:58:26.132"	"Running worker in work queue Asynchronous task queue"
"DEBUG"	3752	"2026-07-16 12:58:26.148"	"Running worker in work queue Asynchronous task queue"
"DEBUG"	3748	"2026-07-16 12:58:26.148"	"Running worker in work queue Asynchronous task queue"
"DEBUG"	2520	"2026-07-16 12:58:26.148"	"Creating work queue Server queue"
"DEBUG"	2520	"2026-07-16 12:58:26.148"	"Starting work queue Server queue"
"DEBUG"	2520	"2026-07-16 12:58:26.148"	"Started work queue Server queue"
"DEBUG"	2520	"2026-07-16 12:58:26.148"	"Adding task Scheduler to work queue Server queue"
"DEBUG"	3756	"2026-07-16 12:58:26.148"	"Running worker in work queue Asynchronous task queue"
"DEBUG"	2520	"2026-07-16 12:58:26.148"	"Adding task IOService to work queue Server queue"
"DEBUG"	2520	"2026-07-16 12:58:26.148"	"Creating work queue SMTP delivery queue"
"DEBUG"	2520	"2026-07-16 12:58:26.148"	"Starting work queue SMTP delivery queue"
"DEBUG"	2520	"2026-07-16 12:58:26.163"	"Started work queue SMTP delivery queue"
"DEBUG"	2520	"2026-07-16 12:58:26.163"	"Adding task SMTPDeliveryManager to work queue Server queue"
"DEBUG"	2520	"2026-07-16 12:58:26.163"	"Creating work queue External fetch queue"
"DEBUG"	2520	"2026-07-16 12:58:26.163"	"Starting work queue External fetch queue"
"DEBUG"	2520	"2026-07-16 12:58:26.163"	"Started work queue External fetch queue"
"DEBUG"	2520	"2026-07-16 12:58:26.179"	"Adding task ExternalFetchManager to work queue Server queue"
"DEBUG"	3720	"2026-07-16 12:58:26.398"	"Running worker in work queue Asynchronous task queue"
"DEBUG"	3784	"2026-07-16 12:58:26.398"	"Running worker in work queue Server queue"
"DEBUG"	3784	"2026-07-16 12:58:26.398"	"Executing task Scheduler in work queue Server queue"
"DEBUG"	3788	"2026-07-16 12:58:26.398"	"Running worker in work queue Server queue"
"DEBUG"	3788	"2026-07-16 12:58:26.398"	"Executing task IOService in work queue Server queue"
"DEBUG"	3788	"2026-07-16 12:58:26.398"	"IOService::Start()"
"DEBUG"	3792	"2026-07-16 12:58:26.398"	"Running worker in work queue Server queue"
"DEBUG"	3792	"2026-07-16 12:58:26.398"	"Executing task SMTPDeliveryManager in work queue Server queue"
"DEBUG"	3792	"2026-07-16 12:58:26.398"	"SMTPDeliveryManager::Start()"
"DEBUG"	3796	"2026-07-16 12:58:26.414"	"Running worker in work queue Server queue"
"DEBUG"	3796	"2026-07-16 12:58:26.414"	"Executing task ExternalFetchManager in work queue Server queue"
"APPLICATION"	2520	"2026-07-16 12:58:26.414"	"Servers started."
"DEBUG"	3796	"2026-07-16 12:58:26.414"	"ExternalFetchManager::Start()"
"DEBUG"	3804	"2026-07-16 12:58:26.414"	"Running worker in work queue SMTP delivery queue"
"DEBUG"	3808	"2026-07-16 12:58:26.429"	"Running worker in work queue SMTP delivery queue"
"DEBUG"	3812	"2026-07-16 12:58:26.429"	"Running worker in work queue SMTP delivery queue"
"DEBUG"	3816	"2026-07-16 12:58:26.429"	"Running worker in work queue SMTP delivery queue"
"DEBUG"	3820	"2026-07-16 12:58:26.429"	"Running worker in work queue SMTP delivery queue"
"DEBUG"	3824	"2026-07-16 12:58:26.429"	"Running worker in work queue SMTP delivery queue"
"DEBUG"	3828	"2026-07-16 12:58:26.429"	"Running worker in work queue SMTP delivery queue"
"DEBUG"	3832	"2026-07-16 12:58:26.429"	"Running worker in work queue SMTP delivery queue"
"DEBUG"	3836	"2026-07-16 12:58:26.429"	"Running worker in work queue SMTP delivery queue"
"DEBUG"	3840	"2026-07-16 12:58:26.429"	"Running worker in work queue SMTP delivery queue"
"DEBUG"	3844	"2026-07-16 12:58:26.429"	"Running worker in work queue External fetch queue"
"DEBUG"	3848	"2026-07-16 12:58:26.429"	"Running worker in work queue External fetch queue"
"DEBUG"	3852	"2026-07-16 12:58:26.429"	"Running worker in work queue External fetch queue"
"DEBUG"	3856	"2026-07-16 12:58:26.445"	"Running worker in work queue External fetch queue"
"DEBUG"	3860	"2026-07-16 12:58:26.445"	"Running worker in work queue External fetch queue"
"DEBUG"	3864	"2026-07-16 12:58:26.445"	"Running worker in work queue External fetch queue"
"DEBUG"	3868	"2026-07-16 12:58:26.445"	"Running worker in work queue External fetch queue"
"DEBUG"	3876	"2026-07-16 12:58:26.445"	"Running worker in work queue External fetch queue"
"DEBUG"	3872	"2026-07-16 12:58:26.445"	"Running worker in work queue External fetch queue"
"DEBUG"	3884	"2026-07-16 12:58:26.445"	"Running worker in work queue External fetch queue"
"DEBUG"	3880	"2026-07-16 12:58:26.445"	"Running worker in work queue External fetch queue"
"DEBUG"	3892	"2026-07-16 12:58:26.445"	"Running worker in work queue External fetch queue"
"DEBUG"	3888	"2026-07-16 12:58:26.445"	"Running worker in work queue External fetch queue"
"DEBUG"	3900	"2026-07-16 12:58:26.445"	"Running worker in work queue External fetch queue"
"DEBUG"	3896	"2026-07-16 12:58:26.445"	"Running worker in work queue External fetch queue"
"DEBUG"	3788	"2026-07-16 12:58:26.476"	"Creating session 1"
"DEBUG"	3788	"2026-07-16 12:58:26.476"	"Creating session 2"
"DEBUG"	3788	"2026-07-16 12:58:26.491"	"Creating session 3"
"DEBUG"	3788	"2026-07-16 12:58:26.491"	"Creating session 4"
"DEBUG"	3788	"2026-07-16 12:58:26.491"	"Creating work queue IOCPQueue"
"DEBUG"	3788	"2026-07-16 12:58:26.491"	"Starting work queue IOCPQueue"
"DEBUG"	3788	"2026-07-16 12:58:26.491"	"Started work queue IOCPQueue"
"DEBUG"	3788	"2026-07-16 12:58:26.491"	"Adding task IOCPQueueWorkerTask to work queue IOCPQueue"
"DEBUG"	3788	"2026-07-16 12:58:26.491"	"Adding task IOCPQueueWorkerTask to work queue IOCPQueue"
"DEBUG"	3788	"2026-07-16 12:58:26.491"	"Adding task IOCPQueueWorkerTask to work queue IOCPQueue"
"DEBUG"	3788	"2026-07-16 12:58:26.491"	"Adding task IOCPQueueWorkerTask to work queue IOCPQueue"
"DEBUG"	3788	"2026-07-16 12:58:26.491"	"Adding task IOCPQueueWorkerTask to work queue IOCPQueue"
"DEBUG"	3788	"2026-07-16 12:58:26.491"	"Adding task IOCPQueueWorkerTask to work queue IOCPQueue"
"DEBUG"	3788	"2026-07-16 12:58:26.491"	"Adding task IOCPQueueWorkerTask to work queue IOCPQueue"
"DEBUG"	3788	"2026-07-16 12:58:26.491"	"Adding task IOCPQueueWorkerTask to work queue IOCPQueue"
"DEBUG"	3788	"2026-07-16 12:58:26.491"	"Adding task IOCPQueueWorkerTask to work queue IOCPQueue"
"DEBUG"	3788	"2026-07-16 12:58:26.491"	"Adding task IOCPQueueWorkerTask to work queue IOCPQueue"
"DEBUG"	3788	"2026-07-16 12:58:26.507"	"Adding task IOCPQueueWorkerTask to work queue IOCPQueue"
"DEBUG"	3788	"2026-07-16 12:58:26.507"	"Adding task IOCPQueueWorkerTask to work queue IOCPQueue"
"DEBUG"	3788	"2026-07-16 12:58:26.507"	"Adding task IOCPQueueWorkerTask to work queue IOCPQueue"
"DEBUG"	3788	"2026-07-16 12:58:26.507"	"Adding task IOCPQueueWorkerTask to work queue IOCPQueue"
"DEBUG"	3788	"2026-07-16 12:58:26.507"	"Adding task IOCPQueueWorkerTask to work queue IOCPQueue"
"DEBUG"	3956	"2026-07-16 12:58:26.758"	"Running worker in work queue IOCPQueue"
"DEBUG"	3956	"2026-07-16 12:58:26.758"	"Executing task IOCPQueueWorkerTask in work queue IOCPQueue"
"DEBUG"	3960	"2026-07-16 12:58:26.758"	"Running worker in work queue IOCPQueue"
"DEBUG"	3960	"2026-07-16 12:58:26.758"	"Executing task IOCPQueueWorkerTask in work queue IOCPQueue"
"DEBUG"	3964	"2026-07-16 12:58:26.758"	"Running worker in work queue IOCPQueue"
"DEBUG"	3964	"2026-07-16 12:58:26.758"	"Executing task IOCPQueueWorkerTask in work queue IOCPQueue"
"DEBUG"	3976	"2026-07-16 12:58:26.773"	"Running worker in work queue IOCPQueue"
"DEBUG"	3976	"2026-07-16 12:58:26.773"	"Executing task IOCPQueueWorkerTask in work queue IOCPQueue"
"DEBUG"	3980	"2026-07-16 12:58:26.773"	"Running worker in work queue IOCPQueue"
"DEBUG"	3980	"2026-07-16 12:58:26.773"	"Executing task IOCPQueueWorkerTask in work queue IOCPQueue"
"DEBUG"	3984	"2026-07-16 12:58:26.773"	"Running worker in work queue IOCPQueue"
"DEBUG"	3984	"2026-07-16 12:58:26.773"	"Executing task IOCPQueueWorkerTask in work queue IOCPQueue"
"DEBUG"	3988	"2026-07-16 12:58:26.773"	"Running worker in work queue IOCPQueue"
"DEBUG"	3988	"2026-07-16 12:58:26.773"	"Executing task IOCPQueueWorkerTask in work queue IOCPQueue"
"DEBUG"	3992	"2026-07-16 12:58:26.773"	"Running worker in work queue IOCPQueue"
"DEBUG"	3992	"2026-07-16 12:58:26.773"	"Executing task IOCPQueueWorkerTask in work queue IOCPQueue"
"DEBUG"	3996	"2026-07-16 12:58:26.773"	"Running worker in work queue IOCPQueue"
"DEBUG"	3996	"2026-07-16 12:58:26.773"	"Executing task IOCPQueueWorkerTask in work queue IOCPQueue"
"DEBUG"	4000	"2026-07-16 12:58:26.773"	"Running worker in work queue IOCPQueue"
"DEBUG"	4000	"2026-07-16 12:58:26.773"	"Executing task IOCPQueueWorkerTask in work queue IOCPQueue"
"DEBUG"	4004	"2026-07-16 12:58:26.773"	"Running worker in work queue IOCPQueue"
"DEBUG"	4004	"2026-07-16 12:58:26.773"	"Executing task IOCPQueueWorkerTask in work queue IOCPQueue"
"DEBUG"	4008	"2026-07-16 12:58:26.773"	"Running worker in work queue IOCPQueue"
"DEBUG"	4008	"2026-07-16 12:58:26.773"	"Executing task IOCPQueueWorkerTask in work queue IOCPQueue"
"DEBUG"	4012	"2026-07-16 12:58:26.789"	"Running worker in work queue IOCPQueue"
"DEBUG"	4012	"2026-07-16 12:58:26.789"	"Executing task IOCPQueueWorkerTask in work queue IOCPQueue"
"DEBUG"	4016	"2026-07-16 12:58:26.789"	"Running worker in work queue IOCPQueue"
"DEBUG"	4016	"2026-07-16 12:58:26.789"	"Executing task IOCPQueueWorkerTask in work queue IOCPQueue"
"DEBUG"	4020	"2026-07-16 12:58:26.789"	"Running worker in work queue IOCPQueue"
"DEBUG"	4020	"2026-07-16 12:58:26.789"	"Executing task IOCPQueueWorkerTask in work queue IOCPQueue"
"DEBUG"	2388	"2026-07-16 13:03:22.190"	"Received shutdown-request from Windows."
"APPLICATION"	2388	"2026-07-16 13:03:22.190"	"Stopping servers..."
"DEBUG"	2388	"2026-07-16 13:03:22.190"	"Application::StopServers() - Removing server work queue"
"DEBUG"	2388	"2026-07-16 13:03:22.190"	"WorkQueueManager::RemoveQueue - Server queue"
"DEBUG"	2388	"2026-07-16 13:03:22.190"	"Stopping working queue Server queue."
"DEBUG"	2388	"2026-07-16 13:03:22.190"	"Interupt and join threads in working queue Server queue"
"DEBUG"	3784	"2026-07-16 13:03:22.221"	"Worker exited in work queue Server queue"
"DEBUG"	2388	"2026-07-16 13:03:22.237"	"Still 3 remaining threads in queue Server queue. First task: ExternalFetchManager"
"DEBUG"	3788	"2026-07-16 13:03:22.393"	"IOService::Stop()"
"DEBUG"	4012	"2026-07-16 13:03:22.393"	"TCP - AcceptEx failed. Error code: 995, Message: 스레드 종료 또는 응용 프로그램 요청 때문에 I/O 작업이 취소되었습니다"
"DEBUG"	4016	"2026-07-16 13:03:22.393"	"TCP - AcceptEx failed. Error code: 995, Message: 스레드 종료 또는 응용 프로그램 요청 때문에 I/O 작업이 취소되었습니다"
"DEBUG"	4012	"2026-07-16 13:03:22.393"	"Ending session 2"
"DEBUG"	4016	"2026-07-16 13:03:22.393"	"Ending session 1"
"DEBUG"	4008	"2026-07-16 13:03:22.393"	"TCP - AcceptEx failed. Error code: 995, Message: 스레드 종료 또는 응용 프로그램 요청 때문에 I/O 작업이 취소되었습니다"
"DEBUG"	4008	"2026-07-16 13:03:22.409"	"Ending session 3"
"DEBUG"	4004	"2026-07-16 13:03:22.409"	"TCP - AcceptEx failed. Error code: 995, Message: 스레드 종료 또는 응용 프로그램 요청 때문에 I/O 작업이 취소되었습니다"
"DEBUG"	4004	"2026-07-16 13:03:22.409"	"Ending session 4"
"DEBUG"	3788	"2026-07-16 13:03:22.409"	"IOService::DoWork() - removing Queue IOCP Queue"
"DEBUG"	3788	"2026-07-16 13:03:22.409"	"WorkQueueManager::RemoveQueue - IOCPQueue"
"DEBUG"	3788	"2026-07-16 13:03:22.409"	"Stopping working queue IOCPQueue."
"DEBUG"	3788	"2026-07-16 13:03:22.409"	"Interupt and join threads in working queue IOCPQueue"
"DEBUG"	4008	"2026-07-16 13:03:22.471"	"Worker exited in work queue IOCPQueue"
"DEBUG"	4004	"2026-07-16 13:03:22.471"	"Worker exited in work queue IOCPQueue"
"DEBUG"	4016	"2026-07-16 13:03:22.471"	"Worker exited in work queue IOCPQueue"
"DEBUG"	4020	"2026-07-16 13:03:22.471"	"Worker exited in work queue IOCPQueue"
"DEBUG"	4000	"2026-07-16 13:03:22.534"	"Worker exited in work queue IOCPQueue"
"DEBUG"	3792	"2026-07-16 13:03:22.565"	"Worker exited in work queue Server queue"
"DEBUG"	3796	"2026-07-16 13:03:22.565"	"Worker exited in work queue Server queue"
"DEBUG"	4012	"2026-07-16 13:03:22.596"	"Worker exited in work queue IOCPQueue"
"DEBUG"	2388	"2026-07-16 13:03:22.612"	"Still 1 remaining threads in queue Server queue. First task: IOService"
"DEBUG"	3996	"2026-07-16 13:03:22.628"	"Worker exited in work queue IOCPQueue"
"DEBUG"	3992	"2026-07-16 13:03:22.674"	"Worker exited in work queue IOCPQueue"
"DEBUG"	3988	"2026-07-16 13:03:22.706"	"Worker exited in work queue IOCPQueue"
"DEBUG"	3984	"2026-07-16 13:03:22.721"	"Worker exited in work queue IOCPQueue"
"DEBUG"	3980	"2026-07-16 13:03:22.753"	"Worker exited in work queue IOCPQueue"
"DEBUG"	3976	"2026-07-16 13:03:22.768"	"Worker exited in work queue IOCPQueue"
"DEBUG"	3964	"2026-07-16 13:03:22.799"	"Worker exited in work queue IOCPQueue"
"DEBUG"	3960	"2026-07-16 13:03:22.815"	"Worker exited in work queue IOCPQueue"
"DEBUG"	3788	"2026-07-16 13:03:22.847"	"Still 8 remaining threads in queue IOCPQueue. First task: IOCPQueueWorkerTask"
"DEBUG"	2388	"2026-07-16 13:03:22.925"	"Still 1 remaining threads in queue Server queue. First task: IOService"
"DEBUG"	3956	"2026-07-16 13:03:23.112"	"Worker exited in work queue IOCPQueue"
"DEBUG"	3788	"2026-07-16 13:03:23.112"	"All threads are joined in queue IOCPQueue."
"DEBUG"	3788	"2026-07-16 13:03:23.112"	"WorkQueueManager::RemoveQueue - Stopped IOCPQueue"
"DEBUG"	3788	"2026-07-16 13:03:23.112"	"WorkQueueManager::RemoveQueue - Erased IOCPQueue"
"DEBUG"	3788	"2026-07-16 13:03:23.112"	"IOService::Stop() - Complete"
"DEBUG"	3788	"2026-07-16 13:03:23.112"	"Destructing work queue IOCPQueue"
"DEBUG"	3788	"2026-07-16 13:03:23.190"	"Worker exited in work queue Server queue"
"DEBUG"	2388	"2026-07-16 13:03:23.190"	"All threads are joined in queue Server queue."
"DEBUG"	2388	"2026-07-16 13:03:23.190"	"WorkQueueManager::RemoveQueue - Stopped Server queue"
"DEBUG"	2388	"2026-07-16 13:03:23.190"	"WorkQueueManager::RemoveQueue - Erased Server queue"
"DEBUG"	2388	"2026-07-16 13:03:23.190"	"Destructing work queue Server queue"
"DEBUG"	2388	"2026-07-16 13:03:23.190"	"Application::StopServers() - Clearing caches"
"DEBUG"	2388	"2026-07-16 13:03:23.190"	"Application::StopServers() - Destructing IOCP"
"DEBUG"	2388	"2026-07-16 13:03:23.190"	"IOService::~IOService - Destructing"
"DEBUG"	2388	"2026-07-16 13:03:23.190"	"TCPServer::~TCPServer"
"DEBUG"	2388	"2026-07-16 13:03:23.190"	"TCPServer::~TCPServer"
"DEBUG"	2388	"2026-07-16 13:03:23.190"	"TCPServer::~TCPServer"
"DEBUG"	2388	"2026-07-16 13:03:23.190"	"TCPServer::~TCPServer"
"DEBUG"	2388	"2026-07-16 13:03:23.190"	"Application::StopServers() - Destructing DeliveryManager"
"DEBUG"	2388	"2026-07-16 13:03:23.190"	"WorkQueueManager::RemoveQueue - SMTP delivery queue"
"DEBUG"	2388	"2026-07-16 13:03:23.190"	"Stopping working queue SMTP delivery queue."
"DEBUG"	2388	"2026-07-16 13:03:23.190"	"Interupt and join threads in working queue SMTP delivery queue"
"DEBUG"	3840	"2026-07-16 13:03:23.190"	"Worker exited in work queue SMTP delivery queue"
"DEBUG"	3836	"2026-07-16 13:03:23.190"	"Worker exited in work queue SMTP delivery queue"
"DEBUG"	3832	"2026-07-16 13:03:23.190"	"Worker exited in work queue SMTP delivery queue"
"DEBUG"	3828	"2026-07-16 13:03:23.190"	"Worker exited in work queue SMTP delivery queue"
"DEBUG"	3824	"2026-07-16 13:03:23.206"	"Worker exited in work queue SMTP delivery queue"
"DEBUG"	3820	"2026-07-16 13:03:23.206"	"Worker exited in work queue SMTP delivery queue"
"DEBUG"	3816	"2026-07-16 13:03:23.206"	"Worker exited in work queue SMTP delivery queue"
"DEBUG"	3812	"2026-07-16 13:03:23.206"	"Worker exited in work queue SMTP delivery queue"
"DEBUG"	3808	"2026-07-16 13:03:23.206"	"Worker exited in work queue SMTP delivery queue"
"DEBUG"	3804	"2026-07-16 13:03:23.206"	"Worker exited in work queue SMTP delivery queue"
"DEBUG"	2388	"2026-07-16 13:03:23.206"	"Still 1 remaining threads in queue SMTP delivery queue. First task: <Unknown>"
"DEBUG"	2388	"2026-07-16 13:03:23.471"	"All threads are joined in queue SMTP delivery queue."
"DEBUG"	2388	"2026-07-16 13:03:23.471"	"WorkQueueManager::RemoveQueue - Stopped SMTP delivery queue"
"DEBUG"	2388	"2026-07-16 13:03:23.471"	"WorkQueueManager::RemoveQueue - Erased SMTP delivery queue"
"DEBUG"	2388	"2026-07-16 13:03:23.471"	"Destructing work queue SMTP delivery queue"
"DEBUG"	2388	"2026-07-16 13:03:23.471"	"Application::StopServers() - Destructing FetchManager"
"DEBUG"	2388	"2026-07-16 13:03:23.471"	"ExternalFetchManager::~ExternalFetchManager"
"DEBUG"	2388	"2026-07-16 13:03:23.471"	"WorkQueueManager::RemoveQueue - External fetch queue"
"DEBUG"	2388	"2026-07-16 13:03:23.471"	"Stopping working queue External fetch queue."
"DEBUG"	2388	"2026-07-16 13:03:23.471"	"Interupt and join threads in working queue External fetch queue"
"DEBUG"	3896	"2026-07-16 13:03:23.471"	"Worker exited in work queue External fetch queue"
"DEBUG"	3900	"2026-07-16 13:03:23.471"	"Worker exited in work queue External fetch queue"
"DEBUG"	3888	"2026-07-16 13:03:23.471"	"Worker exited in work queue External fetch queue"
"DEBUG"	3892	"2026-07-16 13:03:23.471"	"Worker exited in work queue External fetch queue"
"DEBUG"	3880	"2026-07-16 13:03:23.471"	"Worker exited in work queue External fetch queue"
"DEBUG"	3884	"2026-07-16 13:03:23.471"	"Worker exited in work queue External fetch queue"
"DEBUG"	3872	"2026-07-16 13:03:23.471"	"Worker exited in work queue External fetch queue"
"DEBUG"	3876	"2026-07-16 13:03:23.471"	"Worker exited in work queue External fetch queue"
"DEBUG"	3868	"2026-07-16 13:03:23.487"	"Worker exited in work queue External fetch queue"
"DEBUG"	3864	"2026-07-16 13:03:23.487"	"Worker exited in work queue External fetch queue"
"DEBUG"	3860	"2026-07-16 13:03:23.487"	"Worker exited in work queue External fetch queue"
"DEBUG"	3856	"2026-07-16 13:03:23.487"	"Worker exited in work queue External fetch queue"
"DEBUG"	3852	"2026-07-16 13:03:23.503"	"Worker exited in work queue External fetch queue"
"DEBUG"	3848	"2026-07-16 13:03:23.503"	"Worker exited in work queue External fetch queue"
"DEBUG"	3844	"2026-07-16 13:03:23.503"	"Worker exited in work queue External fetch queue"
"DEBUG"	2388	"2026-07-16 13:03:23.503"	"Still 2 remaining threads in queue External fetch queue. First task: <Unknown>"
"DEBUG"	2388	"2026-07-16 13:03:23.768"	"All threads are joined in queue External fetch queue."
"DEBUG"	2388	"2026-07-16 13:03:23.768"	"WorkQueueManager::RemoveQueue - Stopped External fetch queue"
"DEBUG"	2388	"2026-07-16 13:03:23.768"	"WorkQueueManager::RemoveQueue - Erased External fetch queue"
"DEBUG"	2388	"2026-07-16 13:03:23.768"	"Destructing work queue External fetch queue"
"DEBUG"	2388	"2026-07-16 13:03:23.768"	"ExternalFetchManager::~ExternalFetchManager - Removed queue"
"DEBUG"	2388	"2026-07-16 13:03:23.768"	"Application::StopServers() - Destructing Scheduler"
"DEBUG"	2388	"2026-07-16 13:03:23.768"	"Application::StopServers() - Destructing Rest"
"APPLICATION"	2388	"2026-07-16 13:03:23.768"	"Servers stopped."
"DEBUG"	2388	"2026-07-16 13:03:23.768"	"WorkQueueManager::RemoveQueue - Maintenance queue"
"DEBUG"	2388	"2026-07-16 13:03:23.768"	"Stopping working queue Maintenance queue."
"DEBUG"	2388	"2026-07-16 13:03:23.768"	"Interupt and join threads in working queue Maintenance queue"
"DEBUG"	3332	"2026-07-16 13:03:23.768"	"Worker exited in work queue Maintenance queue"
"DEBUG"	3324	"2026-07-16 13:03:23.768"	"Worker exited in work queue Maintenance queue"
"DEBUG"	3328	"2026-07-16 13:03:23.768"	"Worker exited in work queue Maintenance queue"
"DEBUG"	3320	"2026-07-16 13:03:23.768"	"Worker exited in work queue Maintenance queue"
"DEBUG"	3316	"2026-07-16 13:03:23.768"	"Worker exited in work queue Maintenance queue"
"DEBUG"	2388	"2026-07-16 13:03:23.768"	"All threads are joined in queue Maintenance queue."
"DEBUG"	2388	"2026-07-16 13:03:23.768"	"WorkQueueManager::RemoveQueue - Stopped Maintenance queue"
"DEBUG"	2388	"2026-07-16 13:03:23.768"	"WorkQueueManager::RemoveQueue - Erased Maintenance queue"
"DEBUG"	2388	"2026-07-16 13:03:23.768"	"Destructing work queue Maintenance queue"
"DEBUG"	2388	"2026-07-16 13:03:23.768"	"WorkQueueManager::RemoveQueue - Asynchronous task queue"
"DEBUG"	2388	"2026-07-16 13:03:23.768"	"Stopping working queue Asynchronous task queue."
"DEBUG"	2388	"2026-07-16 13:03:23.768"	"Interupt and join threads in working queue Asynchronous task queue"
"DEBUG"	3720	"2026-07-16 13:03:23.768"	"Worker exited in work queue Asynchronous task queue"
"DEBUG"	3756	"2026-07-16 13:03:23.768"	"Worker exited in work queue Asynchronous task queue"
"DEBUG"	3748	"2026-07-16 13:03:23.784"	"Worker exited in work queue Asynchronous task queue"
"DEBUG"	3752	"2026-07-16 13:03:23.784"	"Worker exited in work queue Asynchronous task queue"
"DEBUG"	3744	"2026-07-16 13:03:23.784"	"Worker exited in work queue Asynchronous task queue"
"DEBUG"	3740	"2026-07-16 13:03:23.784"	"Worker exited in work queue Asynchronous task queue"
"DEBUG"	3736	"2026-07-16 13:03:23.784"	"Worker exited in work queue Asynchronous task queue"
"DEBUG"	3732	"2026-07-16 13:03:23.784"	"Worker exited in work queue Asynchronous task queue"
"DEBUG"	3728	"2026-07-16 13:03:23.784"	"Worker exited in work queue Asynchronous task queue"
"DEBUG"	3724	"2026-07-16 13:03:23.784"	"Worker exited in work queue Asynchronous task queue"
"DEBUG"	3716	"2026-07-16 13:03:23.784"	"Worker exited in work queue Asynchronous task queue"
"DEBUG"	3712	"2026-07-16 13:03:23.784"	"Worker exited in work queue Asynchronous task queue"
"DEBUG"	3708	"2026-07-16 13:03:23.784"	"Worker exited in work queue Asynchronous task queue"
"DEBUG"	3704	"2026-07-16 13:03:23.800"	"Worker exited in work queue Asynchronous task queue"
"DEBUG"	3700	"2026-07-16 13:03:23.800"	"Worker exited in work queue Asynchronous task queue"
"DEBUG"	2388	"2026-07-16 13:03:23.800"	"Still 1 remaining threads in queue Asynchronous task queue. First task: <Unknown>"
"DEBUG"	2388	"2026-07-16 13:03:24.065"	"All threads are joined in queue Asynchronous task queue."
"DEBUG"	2388	"2026-07-16 13:03:24.065"	"WorkQueueManager::RemoveQueue - Stopped Asynchronous task queue"
"DEBUG"	2388	"2026-07-16 13:03:24.065"	"WorkQueueManager::RemoveQueue - Erased Asynchronous task queue"
"DEBUG"	2388	"2026-07-16 13:03:24.065"	"Destructing work queue Asynchronous task queue"
"DEBUG"	2388	"2026-07-16 13:03:24.065"	"Application::ExitInstance - Closing database connection..."
"DEBUG"	2388	"2026-07-16 13:03:24.065"	"Application::ExitInstance - Deleting caches..."
"DEBUG"	2968	"2026-07-16 13:06:10.590"	"Application::InitInstance - Configuration loaded."
"DEBUG"	2968	"2026-07-16 13:06:10.590"	"Creating work queue Asynchronous task queue"
"DEBUG"	2968	"2026-07-16 13:06:10.590"	"Starting work queue Asynchronous task queue"
"DEBUG"	2968	"2026-07-16 13:06:10.590"	"Started work queue Asynchronous task queue"
"APPLICATION"	2968	"2026-07-16 13:06:10.590"	"Starting servers..."
"DEBUG"	3692	"2026-07-16 13:06:10.652"	"Running worker in work queue Asynchronous task queue"
"DEBUG"	3696	"2026-07-16 13:06:10.668"	"Running worker in work queue Asynchronous task queue"
"DEBUG"	3700	"2026-07-16 13:06:10.668"	"Running worker in work queue Asynchronous task queue"
"DEBUG"	3708	"2026-07-16 13:06:10.668"	"Running worker in work queue Asynchronous task queue"
"DEBUG"	3704	"2026-07-16 13:06:10.668"	"Running worker in work queue Asynchronous task queue"
"DEBUG"	3712	"2026-07-16 13:06:10.668"	"Running worker in work queue Asynchronous task queue"
"DEBUG"	2968	"2026-07-16 13:06:10.668"	"Creating work queue Server queue"
"DEBUG"	2968	"2026-07-16 13:06:10.683"	"Starting work queue Server queue"
"DEBUG"	2968	"2026-07-16 13:06:10.683"	"Started work queue Server queue"
"DEBUG"	2968	"2026-07-16 13:06:10.683"	"Adding task Scheduler to work queue Server queue"
"DEBUG"	2968	"2026-07-16 13:06:10.683"	"Adding task IOService to work queue Server queue"
"DEBUG"	2968	"2026-07-16 13:06:10.683"	"Creating work queue SMTP delivery queue"
"DEBUG"	2968	"2026-07-16 13:06:10.683"	"Starting work queue SMTP delivery queue"
"DEBUG"	2968	"2026-07-16 13:06:10.699"	"Started work queue SMTP delivery queue"
"DEBUG"	2968	"2026-07-16 13:06:10.699"	"Adding task SMTPDeliveryManager to work queue Server queue"
"DEBUG"	2968	"2026-07-16 13:06:10.699"	"Creating work queue External fetch queue"
"DEBUG"	2968	"2026-07-16 13:06:10.699"	"Starting work queue External fetch queue"
"DEBUG"	2968	"2026-07-16 13:06:10.699"	"Started work queue External fetch queue"
"DEBUG"	2968	"2026-07-16 13:06:10.699"	"Adding task ExternalFetchManager to work queue Server queue"
"DEBUG"	3716	"2026-07-16 13:06:10.840"	"Running worker in work queue Asynchronous task queue"
"DEBUG"	3724	"2026-07-16 13:06:10.840"	"Running worker in work queue Asynchronous task queue"
"DEBUG"	3728	"2026-07-16 13:06:10.840"	"Running worker in work queue Asynchronous task queue"
"DEBUG"	3732	"2026-07-16 13:06:10.840"	"Running worker in work queue Asynchronous task queue"
"DEBUG"	3736	"2026-07-16 13:06:10.840"	"Running worker in work queue Asynchronous task queue"
"DEBUG"	3740	"2026-07-16 13:06:10.840"	"Running worker in work queue Asynchronous task queue"
"DEBUG"	3744	"2026-07-16 13:06:10.840"	"Running worker in work queue Asynchronous task queue"
"DEBUG"	3748	"2026-07-16 13:06:10.840"	"Running worker in work queue Asynchronous task queue"
"DEBUG"	3720	"2026-07-16 13:06:10.840"	"Running worker in work queue Asynchronous task queue"
"DEBUG"	3792	"2026-07-16 13:06:10.855"	"Running worker in work queue Server queue"
"DEBUG"	3800	"2026-07-16 13:06:10.855"	"Running worker in work queue Server queue"
"DEBUG"	3796	"2026-07-16 13:06:10.855"	"Running worker in work queue Server queue"
"DEBUG"	3796	"2026-07-16 13:06:10.855"	"Executing task IOService in work queue Server queue"
"DEBUG"	3796	"2026-07-16 13:06:10.855"	"IOService::Start()"
"DEBUG"	3804	"2026-07-16 13:06:10.855"	"Running worker in work queue Server queue"
"DEBUG"	3804	"2026-07-16 13:06:10.855"	"Executing task ExternalFetchManager in work queue Server queue"
"DEBUG"	3804	"2026-07-16 13:06:10.855"	"ExternalFetchManager::Start()"
"DEBUG"	3792	"2026-07-16 13:06:10.855"	"Executing task Scheduler in work queue Server queue"
"DEBUG"	3800	"2026-07-16 13:06:10.855"	"Executing task SMTPDeliveryManager in work queue Server queue"
"DEBUG"	3800	"2026-07-16 13:06:10.855"	"SMTPDeliveryManager::Start()"
"APPLICATION"	2968	"2026-07-16 13:06:10.855"	"Servers started."
"DEBUG"	3808	"2026-07-16 13:06:10.855"	"Running worker in work queue SMTP delivery queue"
"DEBUG"	3812	"2026-07-16 13:06:10.855"	"Running worker in work queue SMTP delivery queue"
"DEBUG"	3816	"2026-07-16 13:06:10.855"	"Running worker in work queue SMTP delivery queue"
"DEBUG"	3820	"2026-07-16 13:06:10.855"	"Running worker in work queue SMTP delivery queue"
"DEBUG"	3824	"2026-07-16 13:06:10.855"	"Running worker in work queue SMTP delivery queue"
"DEBUG"	3828	"2026-07-16 13:06:10.855"	"Running worker in work queue SMTP delivery queue"
"DEBUG"	3832	"2026-07-16 13:06:10.855"	"Running worker in work queue SMTP delivery queue"
"DEBUG"	3836	"2026-07-16 13:06:10.855"	"Running worker in work queue SMTP delivery queue"
"DEBUG"	3844	"2026-07-16 13:06:10.855"	"Running worker in work queue SMTP delivery queue"
"DEBUG"	3848	"2026-07-16 13:06:10.855"	"Running worker in work queue SMTP delivery queue"
"DEBUG"	3852	"2026-07-16 13:06:10.855"	"Running worker in work queue External fetch queue"
"DEBUG"	3856	"2026-07-16 13:06:10.855"	"Running worker in work queue External fetch queue"
"DEBUG"	3860	"2026-07-16 13:06:10.855"	"Running worker in work queue External fetch queue"
"DEBUG"	3864	"2026-07-16 13:06:10.855"	"Running worker in work queue External fetch queue"
"DEBUG"	3872	"2026-07-16 13:06:10.871"	"Running worker in work queue External fetch queue"
"DEBUG"	3868	"2026-07-16 13:06:10.871"	"Running worker in work queue External fetch queue"
"DEBUG"	3876	"2026-07-16 13:06:10.871"	"Running worker in work queue External fetch queue"
"DEBUG"	3884	"2026-07-16 13:06:10.871"	"Running worker in work queue External fetch queue"
"DEBUG"	3888	"2026-07-16 13:06:10.871"	"Running worker in work queue External fetch queue"
"DEBUG"	3892	"2026-07-16 13:06:10.871"	"Running worker in work queue External fetch queue"
"DEBUG"	3880	"2026-07-16 13:06:10.871"	"Running worker in work queue External fetch queue"
"DEBUG"	3900	"2026-07-16 13:06:10.871"	"Running worker in work queue External fetch queue"
"DEBUG"	3904	"2026-07-16 13:06:10.871"	"Running worker in work queue External fetch queue"
"DEBUG"	3896	"2026-07-16 13:06:10.871"	"Running worker in work queue External fetch queue"
"DEBUG"	3908	"2026-07-16 13:06:10.871"	"Running worker in work queue External fetch queue"
"DEBUG"	3796	"2026-07-16 13:06:10.933"	"Creating session 1"
"DEBUG"	3796	"2026-07-16 13:06:10.949"	"Creating session 2"
"DEBUG"	3796	"2026-07-16 13:06:10.949"	"Creating session 3"
"DEBUG"	3796	"2026-07-16 13:06:10.949"	"Creating session 4"
"DEBUG"	3796	"2026-07-16 13:06:10.949"	"Creating work queue IOCPQueue"
"DEBUG"	3796	"2026-07-16 13:06:10.949"	"Starting work queue IOCPQueue"
"DEBUG"	3796	"2026-07-16 13:06:10.949"	"Started work queue IOCPQueue"
"DEBUG"	3796	"2026-07-16 13:06:10.949"	"Adding task IOCPQueueWorkerTask to work queue IOCPQueue"
"DEBUG"	3796	"2026-07-16 13:06:10.949"	"Adding task IOCPQueueWorkerTask to work queue IOCPQueue"
"DEBUG"	3796	"2026-07-16 13:06:10.949"	"Adding task IOCPQueueWorkerTask to work queue IOCPQueue"
"DEBUG"	3796	"2026-07-16 13:06:10.949"	"Adding task IOCPQueueWorkerTask to work queue IOCPQueue"
"DEBUG"	3796	"2026-07-16 13:06:10.949"	"Adding task IOCPQueueWorkerTask to work queue IOCPQueue"
"DEBUG"	3796	"2026-07-16 13:06:10.949"	"Adding task IOCPQueueWorkerTask to work queue IOCPQueue"
"DEBUG"	3796	"2026-07-16 13:06:10.949"	"Adding task IOCPQueueWorkerTask to work queue IOCPQueue"
"DEBUG"	3796	"2026-07-16 13:06:10.949"	"Adding task IOCPQueueWorkerTask to work queue IOCPQueue"
"DEBUG"	3796	"2026-07-16 13:06:10.949"	"Adding task IOCPQueueWorkerTask to work queue IOCPQueue"
"DEBUG"	3796	"2026-07-16 13:06:10.949"	"Adding task IOCPQueueWorkerTask to work queue IOCPQueue"
"DEBUG"	3796	"2026-07-16 13:06:10.949"	"Adding task IOCPQueueWorkerTask to work queue IOCPQueue"
"DEBUG"	3796	"2026-07-16 13:06:10.949"	"Adding task IOCPQueueWorkerTask to work queue IOCPQueue"
"DEBUG"	3796	"2026-07-16 13:06:10.949"	"Adding task IOCPQueueWorkerTask to work queue IOCPQueue"
"DEBUG"	3796	"2026-07-16 13:06:10.949"	"Adding task IOCPQueueWorkerTask to work queue IOCPQueue"
"DEBUG"	3796	"2026-07-16 13:06:10.949"	"Adding task IOCPQueueWorkerTask to work queue IOCPQueue"
"DEBUG"	3940	"2026-07-16 13:06:10.980"	"Running worker in work queue IOCPQueue"
"DEBUG"	3940	"2026-07-16 13:06:10.980"	"Executing task IOCPQueueWorkerTask in work queue IOCPQueue"
"DEBUG"	3944	"2026-07-16 13:06:10.980"	"Running worker in work queue IOCPQueue"
"DEBUG"	3944	"2026-07-16 13:06:10.980"	"Executing task IOCPQueueWorkerTask in work queue IOCPQueue"
"DEBUG"	3952	"2026-07-16 13:06:10.980"	"Running worker in work queue IOCPQueue"
"DEBUG"	3952	"2026-07-16 13:06:10.996"	"Executing task IOCPQueueWorkerTask in work queue IOCPQueue"
"DEBUG"	3948	"2026-07-16 13:06:10.980"	"Running worker in work queue IOCPQueue"
"DEBUG"	3948	"2026-07-16 13:06:10.996"	"Executing task IOCPQueueWorkerTask in work queue IOCPQueue"
"DEBUG"	3956	"2026-07-16 13:06:10.996"	"Running worker in work queue IOCPQueue"
"DEBUG"	3956	"2026-07-16 13:06:10.996"	"Executing task IOCPQueueWorkerTask in work queue IOCPQueue"
"DEBUG"	3960	"2026-07-16 13:06:10.996"	"Running worker in work queue IOCPQueue"
"DEBUG"	3960	"2026-07-16 13:06:10.996"	"Executing task IOCPQueueWorkerTask in work queue IOCPQueue"
"DEBUG"	3964	"2026-07-16 13:06:10.996"	"Running worker in work queue IOCPQueue"
"DEBUG"	3964	"2026-07-16 13:06:10.996"	"Executing task IOCPQueueWorkerTask in work queue IOCPQueue"
"DEBUG"	3972	"2026-07-16 13:06:10.996"	"Running worker in work queue IOCPQueue"
"DEBUG"	3972	"2026-07-16 13:06:10.996"	"Executing task IOCPQueueWorkerTask in work queue IOCPQueue"
"DEBUG"	3968	"2026-07-16 13:06:10.996"	"Running worker in work queue IOCPQueue"
"DEBUG"	3968	"2026-07-16 13:06:10.996"	"Executing task IOCPQueueWorkerTask in work queue IOCPQueue"
"DEBUG"	3976	"2026-07-16 13:06:10.996"	"Running worker in work queue IOCPQueue"
"DEBUG"	3980	"2026-07-16 13:06:10.996"	"Running worker in work queue IOCPQueue"
"DEBUG"	3976	"2026-07-16 13:06:10.996"	"Executing task IOCPQueueWorkerTask in work queue IOCPQueue"
"DEBUG"	3980	"2026-07-16 13:06:10.996"	"Executing task IOCPQueueWorkerTask in work queue IOCPQueue"
"DEBUG"	3984	"2026-07-16 13:06:10.996"	"Running worker in work queue IOCPQueue"
"DEBUG"	3988	"2026-07-16 13:06:10.996"	"Running worker in work queue IOCPQueue"
"DEBUG"	3992	"2026-07-16 13:06:10.996"	"Running worker in work queue IOCPQueue"
"DEBUG"	3996	"2026-07-16 13:06:10.996"	"Running worker in work queue IOCPQueue"
"DEBUG"	3984	"2026-07-16 13:06:10.996"	"Executing task IOCPQueueWorkerTask in work queue IOCPQueue"
"DEBUG"	3988	"2026-07-16 13:06:10.996"	"Executing task IOCPQueueWorkerTask in work queue IOCPQueue"
"DEBUG"	3992	"2026-07-16 13:06:10.996"	"Executing task IOCPQueueWorkerTask in work queue IOCPQueue"
"DEBUG"	3996	"2026-07-16 13:06:10.996"	"Executing task IOCPQueueWorkerTask in work queue IOCPQueue"
"DEBUG"	2452	"2026-07-16 13:07:52.590"	"Received shutdown-request from Windows."
"APPLICATION"	2452	"2026-07-16 13:07:52.590"	"Stopping servers..."
"DEBUG"	2452	"2026-07-16 13:07:52.605"	"Application::StopServers() - Removing server work queue"
"DEBUG"	2452	"2026-07-16 13:07:52.605"	"WorkQueueManager::RemoveQueue - Server queue"
"DEBUG"	2452	"2026-07-16 13:07:52.605"	"Stopping working queue Server queue."
"DEBUG"	2452	"2026-07-16 13:07:52.605"	"Interupt and join threads in working queue Server queue"
"DEBUG"	3796	"2026-07-16 13:07:52.621"	"IOService::Stop()"
"DEBUG"	3988	"2026-07-16 13:07:52.637"	"TCP - AcceptEx failed. Error code: 995, Message: 스레드 종료 또는 응용 프로그램 요청 때문에 I/O 작업이 취소되었습니다"
"DEBUG"	3988	"2026-07-16 13:07:52.637"	"Ending session 2"
"DEBUG"	3984	"2026-07-16 13:07:52.637"	"TCP - AcceptEx failed. Error code: 995, Message: 스레드 종료 또는 응용 프로그램 요청 때문에 I/O 작업이 취소되었습니다"
"DEBUG"	3984	"2026-07-16 13:07:52.637"	"Ending session 3"
"DEBUG"	3796	"2026-07-16 13:07:52.637"	"IOService::DoWork() - removing Queue IOCP Queue"
"DEBUG"	3984	"2026-07-16 13:07:52.637"	"TCP - AcceptEx failed. Error code: 995, Message: 스레드 종료 또는 응용 프로그램 요청 때문에 I/O 작업이 취소되었습니다"
"DEBUG"	3984	"2026-07-16 13:07:52.637"	"Ending session 4"
"DEBUG"	3796	"2026-07-16 13:07:52.637"	"WorkQueueManager::RemoveQueue - IOCPQueue"
"DEBUG"	3796	"2026-07-16 13:07:52.652"	"Stopping working queue IOCPQueue."
"DEBUG"	3992	"2026-07-16 13:07:52.652"	"TCP - AcceptEx failed. Error code: 995, Message: 스레드 종료 또는 응용 프로그램 요청 때문에 I/O 작업이 취소되었습니다"
"DEBUG"	3796	"2026-07-16 13:07:52.652"	"Interupt and join threads in working queue IOCPQueue"
"DEBUG"	3992	"2026-07-16 13:07:52.652"	"Ending session 1"
"DEBUG"	3792	"2026-07-16 13:07:52.730"	"Worker exited in work queue Server queue"
"DEBUG"	3804	"2026-07-16 13:07:52.746"	"Worker exited in work queue Server queue"
"DEBUG"	3996	"2026-07-16 13:07:52.746"	"Worker exited in work queue IOCPQueue"
"DEBUG"	3800	"2026-07-16 13:07:52.746"	"Worker exited in work queue Server queue"
"DEBUG"	3984	"2026-07-16 13:07:52.793"	"Worker exited in work queue IOCPQueue"
"DEBUG"	3988	"2026-07-16 13:07:52.793"	"Worker exited in work queue IOCPQueue"
"DEBUG"	3992	"2026-07-16 13:07:52.793"	"Worker exited in work queue IOCPQueue"
"DEBUG"	2452	"2026-07-16 13:07:52.793"	"Still 3 remaining threads in queue Server queue. First task: IOService"
"DEBUG"	3980	"2026-07-16 13:07:52.808"	"Worker exited in work queue IOCPQueue"
"DEBUG"	3976	"2026-07-16 13:07:52.824"	"Worker exited in work queue IOCPQueue"
"DEBUG"	3968	"2026-07-16 13:07:52.855"	"Worker exited in work queue IOCPQueue"
"DEBUG"	3972	"2026-07-16 13:07:52.855"	"Worker exited in work queue IOCPQueue"
"DEBUG"	3964	"2026-07-16 13:07:52.902"	"Worker exited in work queue IOCPQueue"
"DEBUG"	3960	"2026-07-16 13:07:52.917"	"Worker exited in work queue IOCPQueue"
"DEBUG"	3956	"2026-07-16 13:07:52.933"	"Worker exited in work queue IOCPQueue"
"DEBUG"	3948	"2026-07-16 13:07:52.949"	"Worker exited in work queue IOCPQueue"
"DEBUG"	3952	"2026-07-16 13:07:52.949"	"Worker exited in work queue IOCPQueue"
"DEBUG"	3944	"2026-07-16 13:07:52.949"	"Worker exited in work queue IOCPQueue"
"DEBUG"	3940	"2026-07-16 13:07:52.964"	"Worker exited in work queue IOCPQueue"
"DEBUG"	3796	"2026-07-16 13:07:52.964"	"Still 7 remaining threads in queue IOCPQueue. First task: <Unknown>"
"DEBUG"	2452	"2026-07-16 13:07:53.074"	"Still 1 remaining threads in queue Server queue. First task: IOService"
"DEBUG"	3796	"2026-07-16 13:07:53.230"	"All threads are joined in queue IOCPQueue."
"DEBUG"	3796	"2026-07-16 13:07:53.230"	"WorkQueueManager::RemoveQueue - Stopped IOCPQueue"
"DEBUG"	3796	"2026-07-16 13:07:53.230"	"WorkQueueManager::RemoveQueue - Erased IOCPQueue"
"DEBUG"	3796	"2026-07-16 13:07:53.230"	"IOService::Stop() - Complete"
"DEBUG"	3796	"2026-07-16 13:07:53.230"	"Destructing work queue IOCPQueue"
"DEBUG"	3796	"2026-07-16 13:07:53.340"	"Worker exited in work queue Server queue"
"DEBUG"	2452	"2026-07-16 13:07:53.340"	"All threads are joined in queue Server queue."
"DEBUG"	2452	"2026-07-16 13:07:53.340"	"WorkQueueManager::RemoveQueue - Stopped Server queue"
"DEBUG"	2452	"2026-07-16 13:07:53.340"	"WorkQueueManager::RemoveQueue - Erased Server queue"
"DEBUG"	2452	"2026-07-16 13:07:53.340"	"Destructing work queue Server queue"
"DEBUG"	2452	"2026-07-16 13:07:53.340"	"Application::StopServers() - Clearing caches"
"DEBUG"	2452	"2026-07-16 13:07:53.340"	"Application::StopServers() - Destructing IOCP"
"DEBUG"	2452	"2026-07-16 13:07:53.340"	"IOService::~IOService - Destructing"
"DEBUG"	2452	"2026-07-16 13:07:53.340"	"TCPServer::~TCPServer"
"DEBUG"	2452	"2026-07-16 13:07:53.340"	"TCPServer::~TCPServer"
"DEBUG"	2452	"2026-07-16 13:07:53.340"	"TCPServer::~TCPServer"
"DEBUG"	2452	"2026-07-16 13:07:53.340"	"TCPServer::~TCPServer"
"DEBUG"	2452	"2026-07-16 13:07:53.340"	"Application::StopServers() - Destructing DeliveryManager"
"DEBUG"	2452	"2026-07-16 13:07:53.340"	"WorkQueueManager::RemoveQueue - SMTP delivery queue"
"DEBUG"	2452	"2026-07-16 13:07:53.340"	"Stopping working queue SMTP delivery queue."
"DEBUG"	2452	"2026-07-16 13:07:53.340"	"Interupt and join threads in working queue SMTP delivery queue"
"DEBUG"	3848	"2026-07-16 13:07:53.355"	"Worker exited in work queue SMTP delivery queue"
"DEBUG"	3844	"2026-07-16 13:07:53.355"	"Worker exited in work queue SMTP delivery queue"
"DEBUG"	3836	"2026-07-16 13:07:53.355"	"Worker exited in work queue SMTP delivery queue"
"DEBUG"	3832	"2026-07-16 13:07:53.355"	"Worker exited in work queue SMTP delivery queue"
"DEBUG"	3828	"2026-07-16 13:07:53.355"	"Worker exited in work queue SMTP delivery queue"
"DEBUG"	3824	"2026-07-16 13:07:53.355"	"Worker exited in work queue SMTP delivery queue"
"DEBUG"	3820	"2026-07-16 13:07:53.355"	"Worker exited in work queue SMTP delivery queue"
"DEBUG"	3816	"2026-07-16 13:07:53.355"	"Worker exited in work queue SMTP delivery queue"
"DEBUG"	3812	"2026-07-16 13:07:53.355"	"Worker exited in work queue SMTP delivery queue"
"DEBUG"	3808	"2026-07-16 13:07:53.355"	"Worker exited in work queue SMTP delivery queue"
"DEBUG"	2452	"2026-07-16 13:07:53.355"	"Still 1 remaining threads in queue SMTP delivery queue. First task: <Unknown>"
"DEBUG"	2452	"2026-07-16 13:07:53.621"	"All threads are joined in queue SMTP delivery queue."
"DEBUG"	2452	"2026-07-16 13:07:53.621"	"WorkQueueManager::RemoveQueue - Stopped SMTP delivery queue"
"DEBUG"	2452	"2026-07-16 13:07:53.621"	"WorkQueueManager::RemoveQueue - Erased SMTP delivery queue"
"DEBUG"	2452	"2026-07-16 13:07:53.621"	"Destructing work queue SMTP delivery queue"
"DEBUG"	2452	"2026-07-16 13:07:53.621"	"Application::StopServers() - Destructing FetchManager"
"DEBUG"	2452	"2026-07-16 13:07:53.621"	"ExternalFetchManager::~ExternalFetchManager"
"DEBUG"	2452	"2026-07-16 13:07:53.621"	"WorkQueueManager::RemoveQueue - External fetch queue"
"DEBUG"	2452	"2026-07-16 13:07:53.621"	"Stopping working queue External fetch queue."
"DEBUG"	2452	"2026-07-16 13:07:53.621"	"Interupt and join threads in working queue External fetch queue"
"DEBUG"	3908	"2026-07-16 13:07:53.621"	"Worker exited in work queue External fetch queue"
"DEBUG"	3896	"2026-07-16 13:07:53.621"	"Worker exited in work queue External fetch queue"
"DEBUG"	3904	"2026-07-16 13:07:53.621"	"Worker exited in work queue External fetch queue"
"DEBUG"	3900	"2026-07-16 13:07:53.621"	"Worker exited in work queue External fetch queue"
"DEBUG"	3880	"2026-07-16 13:07:53.621"	"Worker exited in work queue External fetch queue"
"DEBUG"	3892	"2026-07-16 13:07:53.621"	"Worker exited in work queue External fetch queue"
"DEBUG"	3888	"2026-07-16 13:07:53.621"	"Worker exited in work queue External fetch queue"
"DEBUG"	3884	"2026-07-16 13:07:53.621"	"Worker exited in work queue External fetch queue"
"DEBUG"	3876	"2026-07-16 13:07:53.621"	"Worker exited in work queue External fetch queue"
"DEBUG"	3868	"2026-07-16 13:07:53.621"	"Worker exited in work queue External fetch queue"
"DEBUG"	3872	"2026-07-16 13:07:53.621"	"Worker exited in work queue External fetch queue"
"DEBUG"	3864	"2026-07-16 13:07:53.621"	"Worker exited in work queue External fetch queue"
"DEBUG"	3860	"2026-07-16 13:07:53.621"	"Worker exited in work queue External fetch queue"
"DEBUG"	3856	"2026-07-16 13:07:53.621"	"Worker exited in work queue External fetch queue"
"DEBUG"	3852	"2026-07-16 13:07:53.621"	"Worker exited in work queue External fetch queue"
"DEBUG"	2452	"2026-07-16 13:07:53.636"	"All threads are joined in queue External fetch queue."
"DEBUG"	2452	"2026-07-16 13:07:53.636"	"WorkQueueManager::RemoveQueue - Stopped External fetch queue"
"DEBUG"	2452	"2026-07-16 13:07:53.636"	"WorkQueueManager::RemoveQueue - Erased External fetch queue"
"DEBUG"	2452	"2026-07-16 13:07:53.636"	"Destructing work queue External fetch queue"
"DEBUG"	2452	"2026-07-16 13:07:53.636"	"ExternalFetchManager::~ExternalFetchManager - Removed queue"
"DEBUG"	2452	"2026-07-16 13:07:53.636"	"Application::StopServers() - Destructing Scheduler"
"DEBUG"	2452	"2026-07-16 13:07:53.636"	"Application::StopServers() - Destructing Rest"
"APPLICATION"	2452	"2026-07-16 13:07:53.636"	"Servers stopped."
"DEBUG"	2452	"2026-07-16 13:07:53.636"	"WorkQueueManager::RemoveQueue - Maintenance queue"
"DEBUG"	2452	"2026-07-16 13:07:53.636"	"Stopping working queue Maintenance queue."
"DEBUG"	2452	"2026-07-16 13:07:53.636"	"Interupt and join threads in working queue Maintenance queue"
"DEBUG"	3392	"2026-07-16 13:07:53.636"	"Worker exited in work queue Maintenance queue"
"DEBUG"	3388	"2026-07-16 13:07:53.636"	"Worker exited in work queue Maintenance queue"
"DEBUG"	3384	"2026-07-16 13:07:53.636"	"Worker exited in work queue Maintenance queue"
"DEBUG"	3376	"2026-07-16 13:07:53.636"	"Worker exited in work queue Maintenance queue"
"DEBUG"	3380	"2026-07-16 13:07:53.636"	"Worker exited in work queue Maintenance queue"
"DEBUG"	2452	"2026-07-16 13:07:53.636"	"All threads are joined in queue Maintenance queue."
"DEBUG"	2452	"2026-07-16 13:07:53.636"	"WorkQueueManager::RemoveQueue - Stopped Maintenance queue"
"DEBUG"	2452	"2026-07-16 13:07:53.636"	"WorkQueueManager::RemoveQueue - Erased Maintenance queue"
"DEBUG"	2452	"2026-07-16 13:07:53.636"	"Destructing work queue Maintenance queue"
"DEBUG"	2452	"2026-07-16 13:07:53.636"	"WorkQueueManager::RemoveQueue - Asynchronous task queue"
"DEBUG"	2452	"2026-07-16 13:07:53.636"	"Stopping working queue Asynchronous task queue."
"DEBUG"	2452	"2026-07-16 13:07:53.636"	"Interupt and join threads in working queue Asynchronous task queue"
"DEBUG"	3720	"2026-07-16 13:07:53.636"	"Worker exited in work queue Asynchronous task queue"
"DEBUG"	3748	"2026-07-16 13:07:53.652"	"Worker exited in work queue Asynchronous task queue"
"DEBUG"	3744	"2026-07-16 13:07:53.652"	"Worker exited in work queue Asynchronous task queue"
"DEBUG"	3740	"2026-07-16 13:07:53.652"	"Worker exited in work queue Asynchronous task queue"
"DEBUG"	3736	"2026-07-16 13:07:53.652"	"Worker exited in work queue Asynchronous task queue"
"DEBUG"	3732	"2026-07-16 13:07:53.652"	"Worker exited in work queue Asynchronous task queue"
"DEBUG"	3728	"2026-07-16 13:07:53.652"	"Worker exited in work queue Asynchronous task queue"
"DEBUG"	3724	"2026-07-16 13:07:53.652"	"Worker exited in work queue Asynchronous task queue"
"DEBUG"	3716	"2026-07-16 13:07:53.652"	"Worker exited in work queue Asynchronous task queue"
"DEBUG"	3692	"2026-07-16 13:07:53.652"	"Worker exited in work queue Asynchronous task queue"
"DEBUG"	3712	"2026-07-16 13:07:53.652"	"Worker exited in work queue Asynchronous task queue"
"DEBUG"	3704	"2026-07-16 13:07:53.652"	"Worker exited in work queue Asynchronous task queue"
"DEBUG"	3708	"2026-07-16 13:07:53.652"	"Worker exited in work queue Asynchronous task queue"
"DEBUG"	3700	"2026-07-16 13:07:53.652"	"Worker exited in work queue Asynchronous task queue"
"DEBUG"	3696	"2026-07-16 13:07:53.652"	"Worker exited in work queue Asynchronous task queue"
"DEBUG"	2452	"2026-07-16 13:07:53.652"	"Still 1 remaining threads in queue Asynchronous task queue. First task: <Unknown>"
"DEBUG"	2452	"2026-07-16 13:07:53.918"	"All threads are joined in queue Asynchronous task queue."
"DEBUG"	2452	"2026-07-16 13:07:53.918"	"WorkQueueManager::RemoveQueue - Stopped Asynchronous task queue"
"DEBUG"	2452	"2026-07-16 13:07:53.918"	"WorkQueueManager::RemoveQueue - Erased Asynchronous task queue"
"DEBUG"	2452	"2026-07-16 13:07:53.918"	"Destructing work queue Asynchronous task queue"
"DEBUG"	2452	"2026-07-16 13:07:53.918"	"Application::ExitInstance - Closing database connection..."
"DEBUG"	2452	"2026-07-16 13:07:53.918"	"Application::ExitInstance - Deleting caches..."
"DEBUG"	2892	"2026-07-16 13:08:37.095"	"Application::InitInstance - Configuration loaded."
"DEBUG"	2892	"2026-07-16 13:08:37.095"	"Creating work queue Asynchronous task queue"
"DEBUG"	2892	"2026-07-16 13:08:37.095"	"Starting work queue Asynchronous task queue"
"DEBUG"	2892	"2026-07-16 13:08:37.095"	"Started work queue Asynchronous task queue"
"APPLICATION"	2892	"2026-07-16 13:08:37.095"	"Starting servers..."
"DEBUG"	2892	"2026-07-16 13:08:37.220"	"Creating work queue Server queue"
"DEBUG"	2892	"2026-07-16 13:08:37.220"	"Starting work queue Server queue"
"DEBUG"	2892	"2026-07-16 13:08:37.220"	"Started work queue Server queue"
"DEBUG"	2892	"2026-07-16 13:08:37.220"	"Adding task Scheduler to work queue Server queue"
"DEBUG"	2892	"2026-07-16 13:08:37.236"	"Adding task IOService to work queue Server queue"
"DEBUG"	2892	"2026-07-16 13:08:37.236"	"Creating work queue SMTP delivery queue"
"DEBUG"	2892	"2026-07-16 13:08:37.236"	"Starting work queue SMTP delivery queue"
"DEBUG"	2892	"2026-07-16 13:08:37.236"	"Started work queue SMTP delivery queue"
"DEBUG"	2892	"2026-07-16 13:08:37.236"	"Adding task SMTPDeliveryManager to work queue Server queue"
"DEBUG"	2892	"2026-07-16 13:08:37.236"	"Creating work queue External fetch queue"
"DEBUG"	2892	"2026-07-16 13:08:37.236"	"Starting work queue External fetch queue"
"DEBUG"	2892	"2026-07-16 13:08:37.251"	"Started work queue External fetch queue"
"DEBUG"	2892	"2026-07-16 13:08:37.251"	"Adding task ExternalFetchManager to work queue Server queue"
"DEBUG"	3660	"2026-07-16 13:08:37.267"	"Running worker in work queue Asynchronous task queue"
"DEBUG"	3664	"2026-07-16 13:08:37.267"	"Running worker in work queue Asynchronous task queue"
"DEBUG"	3668	"2026-07-16 13:08:37.267"	"Running worker in work queue Asynchronous task queue"
"DEBUG"	3672	"2026-07-16 13:08:37.267"	"Running worker in work queue Asynchronous task queue"
"DEBUG"	3676	"2026-07-16 13:08:37.267"	"Running worker in work queue Asynchronous task queue"
"DEBUG"	3680	"2026-07-16 13:08:37.282"	"Running worker in work queue Asynchronous task queue"
"DEBUG"	3684	"2026-07-16 13:08:37.282"	"Running worker in work queue Asynchronous task queue"
"DEBUG"	3688	"2026-07-16 13:08:37.282"	"Running worker in work queue Asynchronous task queue"
"DEBUG"	3692	"2026-07-16 13:08:37.282"	"Running worker in work queue Asynchronous task queue"
"DEBUG"	3696	"2026-07-16 13:08:37.282"	"Running worker in work queue Asynchronous task queue"
"DEBUG"	3700	"2026-07-16 13:08:37.282"	"Running worker in work queue Asynchronous task queue"
"DEBUG"	3704	"2026-07-16 13:08:37.282"	"Running worker in work queue Asynchronous task queue"
"DEBUG"	3708	"2026-07-16 13:08:37.282"	"Running worker in work queue Asynchronous task queue"
"DEBUG"	3712	"2026-07-16 13:08:37.282"	"Running worker in work queue Asynchronous task queue"
"DEBUG"	3716	"2026-07-16 13:08:37.282"	"Running worker in work queue Asynchronous task queue"
"DEBUG"	3732	"2026-07-16 13:08:37.532"	"Running worker in work queue Server queue"
"DEBUG"	3732	"2026-07-16 13:08:37.532"	"Executing task Scheduler in work queue Server queue"
"DEBUG"	3736	"2026-07-16 13:08:37.532"	"Running worker in work queue Server queue"
"DEBUG"	3736	"2026-07-16 13:08:37.550"	"Executing task IOService in work queue Server queue"
"DEBUG"	3736	"2026-07-16 13:08:37.550"	"IOService::Start()"
"DEBUG"	3740	"2026-07-16 13:08:37.532"	"Running worker in work queue Server queue"
"DEBUG"	3740	"2026-07-16 13:08:37.550"	"Executing task SMTPDeliveryManager in work queue Server queue"
"DEBUG"	3744	"2026-07-16 13:08:37.532"	"Running worker in work queue Server queue"
"DEBUG"	3744	"2026-07-16 13:08:37.566"	"Executing task ExternalFetchManager in work queue Server queue"
"DEBUG"	3744	"2026-07-16 13:08:37.566"	"ExternalFetchManager::Start()"
"DEBUG"	3740	"2026-07-16 13:08:37.566"	"SMTPDeliveryManager::Start()"
"APPLICATION"	2892	"2026-07-16 13:08:37.566"	"Servers started."
"DEBUG"	3748	"2026-07-16 13:08:37.566"	"Running worker in work queue SMTP delivery queue"
"DEBUG"	3752	"2026-07-16 13:08:37.581"	"Running worker in work queue SMTP delivery queue"
"DEBUG"	3756	"2026-07-16 13:08:37.581"	"Running worker in work queue SMTP delivery queue"
"DEBUG"	3760	"2026-07-16 13:08:37.581"	"Running worker in work queue SMTP delivery queue"
"DEBUG"	3764	"2026-07-16 13:08:37.581"	"Running worker in work queue SMTP delivery queue"
"DEBUG"	3768	"2026-07-16 13:08:37.581"	"Running worker in work queue SMTP delivery queue"
"DEBUG"	3772	"2026-07-16 13:08:37.704"	"Running worker in work queue SMTP delivery queue"
"DEBUG"	3776	"2026-07-16 13:08:37.720"	"Running worker in work queue SMTP delivery queue"
"DEBUG"	3780	"2026-07-16 13:08:37.720"	"Running worker in work queue SMTP delivery queue"
"DEBUG"	3784	"2026-07-16 13:08:37.720"	"Running worker in work queue SMTP delivery queue"
"DEBUG"	3788	"2026-07-16 13:08:37.720"	"Running worker in work queue External fetch queue"
"DEBUG"	3792	"2026-07-16 13:08:37.720"	"Running worker in work queue External fetch queue"
"DEBUG"	3796	"2026-07-16 13:08:37.720"	"Running worker in work queue External fetch queue"
"DEBUG"	3800	"2026-07-16 13:08:37.720"	"Running worker in work queue External fetch queue"
"DEBUG"	3808	"2026-07-16 13:08:37.720"	"Running worker in work queue External fetch queue"
"DEBUG"	3804	"2026-07-16 13:08:37.720"	"Running worker in work queue External fetch queue"
"DEBUG"	3812	"2026-07-16 13:08:37.736"	"Running worker in work queue External fetch queue"
"DEBUG"	3816	"2026-07-16 13:08:37.736"	"Running worker in work queue External fetch queue"
"DEBUG"	3824	"2026-07-16 13:08:37.736"	"Running worker in work queue External fetch queue"
"DEBUG"	3820	"2026-07-16 13:08:37.736"	"Running worker in work queue External fetch queue"
"DEBUG"	3832	"2026-07-16 13:08:37.736"	"Running worker in work queue External fetch queue"
"DEBUG"	3836	"2026-07-16 13:08:37.736"	"Running worker in work queue External fetch queue"
"DEBUG"	3828	"2026-07-16 13:08:37.736"	"Running worker in work queue External fetch queue"
"DEBUG"	3840	"2026-07-16 13:08:37.736"	"Running worker in work queue External fetch queue"
"DEBUG"	3844	"2026-07-16 13:08:37.736"	"Running worker in work queue External fetch queue"
"DEBUG"	3736	"2026-07-16 13:08:37.938"	"Creating session 1"
"DEBUG"	3736	"2026-07-16 13:08:37.938"	"Creating session 2"
"DEBUG"	3736	"2026-07-16 13:08:37.938"	"Creating session 3"
"DEBUG"	3736	"2026-07-16 13:08:37.938"	"Creating session 4"
"DEBUG"	3736	"2026-07-16 13:08:37.938"	"Creating work queue IOCPQueue"
"DEBUG"	3736	"2026-07-16 13:08:37.938"	"Starting work queue IOCPQueue"
"DEBUG"	3736	"2026-07-16 13:08:37.954"	"Started work queue IOCPQueue"
"DEBUG"	3736	"2026-07-16 13:08:37.954"	"Adding task IOCPQueueWorkerTask to work queue IOCPQueue"
"DEBUG"	3736	"2026-07-16 13:08:37.954"	"Adding task IOCPQueueWorkerTask to work queue IOCPQueue"
"DEBUG"	3736	"2026-07-16 13:08:37.954"	"Adding task IOCPQueueWorkerTask to work queue IOCPQueue"
"DEBUG"	3736	"2026-07-16 13:08:37.954"	"Adding task IOCPQueueWorkerTask to work queue IOCPQueue"
"DEBUG"	3736	"2026-07-16 13:08:37.954"	"Adding task IOCPQueueWorkerTask to work queue IOCPQueue"
"DEBUG"	3736	"2026-07-16 13:08:37.954"	"Adding task IOCPQueueWorkerTask to work queue IOCPQueue"
"DEBUG"	3736	"2026-07-16 13:08:37.954"	"Adding task IOCPQueueWorkerTask to work queue IOCPQueue"
"DEBUG"	3736	"2026-07-16 13:08:37.954"	"Adding task IOCPQueueWorkerTask to work queue IOCPQueue"
"DEBUG"	3736	"2026-07-16 13:08:37.954"	"Adding task IOCPQueueWorkerTask to work queue IOCPQueue"
"DEBUG"	3736	"2026-07-16 13:08:37.954"	"Adding task IOCPQueueWorkerTask to work queue IOCPQueue"
"DEBUG"	3736	"2026-07-16 13:08:37.954"	"Adding task IOCPQueueWorkerTask to work queue IOCPQueue"
"DEBUG"	3736	"2026-07-16 13:08:37.954"	"Adding task IOCPQueueWorkerTask to work queue IOCPQueue"
"DEBUG"	3736	"2026-07-16 13:08:37.954"	"Adding task IOCPQueueWorkerTask to work queue IOCPQueue"
"DEBUG"	3736	"2026-07-16 13:08:37.954"	"Adding task IOCPQueueWorkerTask to work queue IOCPQueue"
"DEBUG"	3736	"2026-07-16 13:08:37.954"	"Adding task IOCPQueueWorkerTask to work queue IOCPQueue"
"DEBUG"	3916	"2026-07-16 13:08:38.220"	"Running worker in work queue IOCPQueue"
"DEBUG"	3916	"2026-07-16 13:08:38.220"	"Executing task IOCPQueueWorkerTask in work queue IOCPQueue"
"DEBUG"	3924	"2026-07-16 13:08:38.235"	"Running worker in work queue IOCPQueue"
"DEBUG"	3924	"2026-07-16 13:08:38.235"	"Executing task IOCPQueueWorkerTask in work queue IOCPQueue"
"DEBUG"	3920	"2026-07-16 13:08:38.235"	"Running worker in work queue IOCPQueue"
"DEBUG"	3920	"2026-07-16 13:08:38.235"	"Executing task IOCPQueueWorkerTask in work queue IOCPQueue"
"DEBUG"	3928	"2026-07-16 13:08:38.235"	"Running worker in work queue IOCPQueue"
"DEBUG"	3928	"2026-07-16 13:08:38.235"	"Executing task IOCPQueueWorkerTask in work queue IOCPQueue"
"DEBUG"	3932	"2026-07-16 13:08:38.235"	"Running worker in work queue IOCPQueue"
"DEBUG"	3932	"2026-07-16 13:08:38.235"	"Executing task IOCPQueueWorkerTask in work queue IOCPQueue"
"DEBUG"	3936	"2026-07-16 13:08:38.235"	"Running worker in work queue IOCPQueue"
"DEBUG"	3940	"2026-07-16 13:08:38.235"	"Running worker in work queue IOCPQueue"
"DEBUG"	3940	"2026-07-16 13:08:38.235"	"Executing task IOCPQueueWorkerTask in work queue IOCPQueue"
"DEBUG"	3944	"2026-07-16 13:08:38.235"	"Running worker in work queue IOCPQueue"
"DEBUG"	3944	"2026-07-16 13:08:38.235"	"Executing task IOCPQueueWorkerTask in work queue IOCPQueue"
"DEBUG"	3936	"2026-07-16 13:08:38.235"	"Executing task IOCPQueueWorkerTask in work queue IOCPQueue"
"DEBUG"	3948	"2026-07-16 13:08:38.235"	"Running worker in work queue IOCPQueue"
"DEBUG"	3948	"2026-07-16 13:08:38.235"	"Executing task IOCPQueueWorkerTask in work queue IOCPQueue"
"DEBUG"	3952	"2026-07-16 13:08:38.235"	"Running worker in work queue IOCPQueue"
"DEBUG"	3956	"2026-07-16 13:08:38.235"	"Running worker in work queue IOCPQueue"
"DEBUG"	3960	"2026-07-16 13:08:38.235"	"Running worker in work queue IOCPQueue"
"DEBUG"	3960	"2026-07-16 13:08:38.251"	"Executing task IOCPQueueWorkerTask in work queue IOCPQueue"
"DEBUG"	3952	"2026-07-16 13:08:38.235"	"Executing task IOCPQueueWorkerTask in work queue IOCPQueue"
"DEBUG"	3964	"2026-07-16 13:08:38.235"	"Running worker in work queue IOCPQueue"
"DEBUG"	3964	"2026-07-16 13:08:38.251"	"Executing task IOCPQueueWorkerTask in work queue IOCPQueue"
"DEBUG"	3968	"2026-07-16 13:08:38.235"	"Running worker in work queue IOCPQueue"
"DEBUG"	3968	"2026-07-16 13:08:38.251"	"Executing task IOCPQueueWorkerTask in work queue IOCPQueue"
"DEBUG"	3956	"2026-07-16 13:08:38.235"	"Executing task IOCPQueueWorkerTask in work queue IOCPQueue"
"DEBUG"	3972	"2026-07-16 13:08:38.235"	"Running worker in work queue IOCPQueue"
"DEBUG"	3972	"2026-07-16 13:08:38.251"	"Executing task IOCPQueueWorkerTask in work queue IOCPQueue"
"DEBUG"	3972	"2026-07-16 13:34:20.612"	"Creating session 5"
"TCPIP"	3972	"2026-07-16 13:34:20.612"	"TCP - 10.0.0.128 connected to 10.0.0.128:587."
"DEBUG"	3972	"2026-07-16 13:34:20.628"	"TCP connection started for session 4"
"SMTPD"	3972	4	"2026-07-16 13:34:20.628"	"10.0.0.128"	"SENT: 220 WIN-2F1VNVRVM11 ESMTP"
"SMTPD"	3956	4	"2026-07-16 13:34:20.763"	"10.0.0.128"	"RECEIVED: EHLO [10.0.0.128]"
"SMTPD"	3956	4	"2026-07-16 13:34:20.773"	"10.0.0.128"	"SENT: 250-WIN-2F1VNVRVM11[nl]250-SIZE 20480000[nl]250-AUTH LOGIN[nl]250 HELP"
"SMTPD"	3968	4	"2026-07-16 13:34:20.794"	"10.0.0.128"	"RECEIVED: AUTH LOGIN"
"SMTPD"	3968	4	"2026-07-16 13:34:20.794"	"10.0.0.128"	"SENT: 334 VXNlcm5hbWU6"
"SMTPD"	3972	4	"2026-07-16 13:34:20.794"	"10.0.0.128"	"RECEIVED: YkBoaS54eXo="
"SMTPD"	3972	4	"2026-07-16 13:34:20.794"	"10.0.0.128"	"SENT: 334 UGFzc3dvcmQ6"
"SMTPD"	3956	4	"2026-07-16 13:34:32.438"	"10.0.0.128"	"RECEIVED: ***"
"SMTPD"	3956	4	"2026-07-16 13:34:32.454"	"10.0.0.128"	"SENT: 235 authenticated."
"SMTPD"	3972	4	"2026-07-16 13:34:32.471"	"10.0.0.128"	"RECEIVED: MAIL FROM:<a@hi.xyz> SIZE=318"
"SMTPD"	3972	4	"2026-07-16 13:34:32.471"	"10.0.0.128"	"SENT: 250 OK"
"SMTPD"	3968	4	"2026-07-16 13:34:32.471"	"10.0.0.128"	"RECEIVED: RCPT TO:<b@hi.xyz>"
"SMTPD"	3968	4	"2026-07-16 13:34:32.486"	"10.0.0.128"	"SENT: 250 OK"
"SMTPD"	3972	4	"2026-07-16 13:34:32.490"	"10.0.0.128"	"RECEIVED: DATA"
"SMTPD"	3972	4	"2026-07-16 13:34:32.490"	"10.0.0.128"	"SENT: 354 OK, send."
"DEBUG"	3972	"2026-07-16 13:34:32.535"	"Adding task AsynchronousTask to work queue Asynchronous task queue"
"DEBUG"	3716	"2026-07-16 13:34:32.535"	"Executing task AsynchronousTask in work queue Asynchronous task queue"
"DEBUG"	3716	"2026-07-16 13:34:32.535"	"Executing event OnAcceptMessage"
"DEBUG"	3716	"2026-07-16 13:34:32.830"	"Event completed"
"DEBUG"	3716	"2026-07-16 13:34:32.830"	"Saving message: {C58493D9-E94A-44B9-BF2B-322370DF635C}.eml"
"DEBUG"	3716	"2026-07-16 13:34:32.860"	"Requesting SMTPDeliveryManager to start message delivery"
"DEBUG"	3740	"2026-07-16 13:34:32.876"	"Adding task DeliveryTask to work queue SMTP delivery queue"
"SMTPD"	3716	4	"2026-07-16 13:34:32.876"	"10.0.0.128"	"SENT: 250 Queued (0.047 seconds)"
"DEBUG"	3956	"2026-07-16 13:34:32.893"	"Creating session 6"
"TCPIP"	3956	"2026-07-16 13:34:32.893"	"TCP - 10.0.0.128 connected to 10.0.0.128:143."
"DEBUG"	3956	"2026-07-16 13:34:32.908"	"TCP connection started for session 3"
"IMAPD"	3956	3	"2026-07-16 13:34:32.908"	"10.0.0.128"	"SENT: * OK IMAPrev1"
"DEBUG"	3784	"2026-07-16 13:34:33.004"	"Executing task DeliveryTask in work queue SMTP delivery queue"
"IMAPD"	3964	3	"2026-07-16 13:34:33.052"	"10.0.0.128"	"RECEIVED: 81 capability"
"IMAPD"	3964	3	"2026-07-16 13:34:33.067"	"10.0.0.128"	"SENT: * CAPABILITY IMAP4 IMAP4rev1 CHILDREN IDLE QUOTA SORT ACL NAMESPACE RIGHTS=texk[nl]81 OK CAPABILITY completed"
"DEBUG"	3784	"2026-07-16 13:34:33.067"	"Delivering message..."
"APPLICATION"	3784	"2026-07-16 13:34:33.067"	"SMTPDeliverer - Message 31: Delivering message from a@hi.xyz to b@hi.xyz. File: C:\Program Files (x86)\hMailServer\Data\{C58493D9-E94A-44B9-BF2B-322370DF635C}.eml"
"IMAPD"	3968	3	"2026-07-16 13:34:33.098"	"10.0.0.128"	"RECEIVED: 83 login "a@hi.xyz" ***"
"IMAPD"	3968	3	"2026-07-16 13:34:33.152"	"10.0.0.128"	"SENT: 83 OK LOGIN completed"
"IMAPD"	3968	3	"2026-07-16 13:34:33.152"	"10.0.0.128"	"RECEIVED: 84 capability"
"IMAPD"	3968	3	"2026-07-16 13:34:33.152"	"10.0.0.128"	"SENT: * CAPABILITY IMAP4 IMAP4rev1 CHILDREN IDLE QUOTA SORT ACL NAMESPACE RIGHTS=texk[nl]84 OK CAPABILITY completed"
"DEBUG"	3784	"2026-07-16 13:34:33.162"	"Applying rules"
"IMAPD"	3964	3	"2026-07-16 13:34:33.178"	"10.0.0.128"	"RECEIVED: 85 namespace"
"IMAPD"	3964	3	"2026-07-16 13:34:33.178"	"10.0.0.128"	"SENT: * NAMESPACE (("" ".")) NIL (("#Public" "."))[nl]85 OK namespace command complete"
"IMAPD"	3964	3	"2026-07-16 13:34:33.178"	"10.0.0.128"	"RECEIVED: 86 list "" "*""
"IMAPD"	3964	3	"2026-07-16 13:34:33.178"	"10.0.0.128"	"SENT: * LIST (\HasNoChildren) "." "INBOX"[nl]* LIST (\HasNoChildren) "." "Trash"[nl]* LIST (\HasNoChildren) "." "Sent"[nl]* LIST (\HasNoChildren) "." "Junk"[nl]86 OK LIST completed"
"IMAPD"	3968	3	"2026-07-16 13:34:33.178"	"10.0.0.128"	"RECEIVED: 87 lsub "" "*""
"IMAPD"	3968	3	"2026-07-16 13:34:33.178"	"10.0.0.128"	"SENT: * LSUB (\HasNoChildren) "." "INBOX"[nl]* LSUB (\HasNoChildren) "." "Trash"[nl]* LSUB (\HasNoChildren) "." "Sent"[nl]* LSUB (\HasNoChildren) "." "Junk""
"IMAPD"	3968	3	"2026-07-16 13:34:33.194"	"10.0.0.128"	"SENT: 87 OK LSUB completed"
"IMAPD"	3944	3	"2026-07-16 13:34:33.199"	"10.0.0.128"	"RECEIVED: 88 list "" "#Public*""
"IMAPD"	3944	3	"2026-07-16 13:34:33.203"	"10.0.0.128"	"SENT: 88 OK LIST completed"
"DEBUG"	3784	"2026-07-16 13:34:33.203"	"Applying rule Phishing Filter"
"IMAPD"	3960	3	"2026-07-16 13:34:33.203"	"10.0.0.128"	"RECEIVED: 89 lsub "" "#Public*""
"IMAPD"	3960	3	"2026-07-16 13:34:33.203"	"10.0.0.128"	"SENT: "
"IMAPD"	3960	3	"2026-07-16 13:34:33.203"	"10.0.0.128"	"SENT: 89 OK LSUB completed"
"DEBUG"	3784	"2026-07-16 13:34:33.203"	"Performing local delivery"
"IMAPD"	3972	3	"2026-07-16 13:34:33.210"	"10.0.0.128"	"RECEIVED: 90 list "" "INBOX""
"IMAPD"	3972	3	"2026-07-16 13:34:33.210"	"10.0.0.128"	"SENT: * LIST (\HasNoChildren) "." "INBOX"[nl]90 OK LIST completed"
"IMAPD"	3972	3	"2026-07-16 13:34:33.210"	"10.0.0.128"	"RECEIVED: 91 append "Sent" (\Seen) {318}"
"IMAPD"	3972	3	"2026-07-16 13:34:33.218"	"10.0.0.128"	"SENT: + Ready for literal data"
"DEBUG"	3784	"2026-07-16 13:34:33.218"	"Applying rules"
"DEBUG"	3784	"2026-07-16 13:34:33.218"	"Saving message: {C58493D9-E94A-44B9-BF2B-322370DF635C}.eml"
"DEBUG"	3972	"2026-07-16 13:34:33.218"	"Saving message: {50B71E28-C5ED-42CF-ADFE-866E03CCB18F}.eml"
"DEBUG"	3784	"2026-07-16 13:34:33.227"	"Local delivery completed"
"APPLICATION"	3784	"2026-07-16 13:34:33.227"	"SMTPDeliverer - Message 31: Message delivery thread completed."
"IMAPD"	3972	3	"2026-07-16 13:34:33.243"	"10.0.0.128"	"SENT: 91 OK APPEND completed"
"DEBUG"	3956	"2026-07-16 13:34:35.613"	"Creating session 7"
"TCPIP"	3956	"2026-07-16 13:34:35.613"	"TCP - 10.0.0.128 connected to 10.0.0.128:143."
"DEBUG"	3944	"2026-07-16 13:34:35.613"	"Creating session 8"
"TCPIP"	3944	"2026-07-16 13:34:35.613"	"TCP - 10.0.0.128 connected to 10.0.0.128:143."
"DEBUG"	3956	"2026-07-16 13:34:35.613"	"TCP connection started for session 6"
"IMAPD"	3956	6	"2026-07-16 13:34:35.613"	"10.0.0.128"	"SENT: * OK IMAPrev1"
"DEBUG"	3944	"2026-07-16 13:34:35.625"	"TCP connection started for session 7"
"IMAPD"	3944	7	"2026-07-16 13:34:35.625"	"10.0.0.128"	"SENT: * OK IMAPrev1"
"IMAPD"	3956	6	"2026-07-16 13:34:35.625"	"10.0.0.128"	"RECEIVED: 11 capability"
"IMAPD"	3956	6	"2026-07-16 13:34:35.625"	"10.0.0.128"	"SENT: * CAPABILITY IMAP4 IMAP4rev1 CHILDREN IDLE QUOTA SORT ACL NAMESPACE RIGHTS=texk[nl]11 OK CAPABILITY completed"
"IMAPD"	3956	7	"2026-07-16 13:34:35.625"	"10.0.0.128"	"RECEIVED: 11 capability"
"IMAPD"	3956	7	"2026-07-16 13:34:35.625"	"10.0.0.128"	"SENT: * CAPABILITY IMAP4 IMAP4rev1 CHILDREN IDLE QUOTA SORT ACL NAMESPACE RIGHTS=texk[nl]11 OK CAPABILITY completed"
"IMAPD"	3936	6	"2026-07-16 13:34:35.642"	"10.0.0.128"	"RECEIVED: 13 login "b@hi.xyz" ***"
"IMAPD"	3936	6	"2026-07-16 13:34:35.657"	"10.0.0.128"	"SENT: 13 OK LOGIN completed"
"IMAPD"	3936	6	"2026-07-16 13:34:35.657"	"10.0.0.128"	"RECEIVED: 14 capability"
"IMAPD"	3936	6	"2026-07-16 13:34:35.657"	"10.0.0.128"	"SENT: * CAPABILITY IMAP4 IMAP4rev1 CHILDREN IDLE QUOTA SORT ACL NAMESPACE RIGHTS=texk[nl]14 OK CAPABILITY completed"
"IMAPD"	3952	6	"2026-07-16 13:34:35.657"	"10.0.0.128"	"RECEIVED: 15 namespace"
"IMAPD"	3952	6	"2026-07-16 13:34:35.666"	"10.0.0.128"	"SENT: * NAMESPACE (("" ".")) NIL (("#Public" "."))[nl]15 OK namespace command complete"
"IMAPD"	3952	6	"2026-07-16 13:34:35.666"	"10.0.0.128"	"RECEIVED: 16 list "" "*""
"IMAPD"	3960	7	"2026-07-16 13:34:35.666"	"10.0.0.128"	"RECEIVED: 13 login "b@hi.xyz" ***"
"IMAPD"	3952	6	"2026-07-16 13:34:35.666"	"10.0.0.128"	"SENT: * LIST (\HasNoChildren) "." "INBOX"[nl]* LIST (\HasNoChildren) "." "Trash"[nl]* LIST (\HasNoChildren) "." "Sent"[nl]* LIST (\HasNoChildren) "." "Junk"[nl]16 OK LIST completed"
"IMAPD"	3960	7	"2026-07-16 13:34:35.666"	"10.0.0.128"	"SENT: 13 OK LOGIN completed"
"IMAPD"	3936	6	"2026-07-16 13:34:35.673"	"10.0.0.128"	"RECEIVED: 17 lsub "" "*""
"IMAPD"	3936	6	"2026-07-16 13:34:35.673"	"10.0.0.128"	"SENT: * LSUB (\HasNoChildren) "." "INBOX"[nl]* LSUB (\HasNoChildren) "." "Trash"[nl]* LSUB (\HasNoChildren) "." "Sent"[nl]* LSUB (\HasNoChildren) "." "Junk""
"IMAPD"	3956	7	"2026-07-16 13:34:35.673"	"10.0.0.128"	"RECEIVED: 14 capability"
"IMAPD"	3936	6	"2026-07-16 13:34:35.673"	"10.0.0.128"	"SENT: 17 OK LSUB completed"
"IMAPD"	3956	7	"2026-07-16 13:34:35.673"	"10.0.0.128"	"SENT: * CAPABILITY IMAP4 IMAP4rev1 CHILDREN IDLE QUOTA SORT ACL NAMESPACE RIGHTS=texk[nl]14 OK CAPABILITY completed"
"IMAPD"	3948	7	"2026-07-16 13:34:35.673"	"10.0.0.128"	"RECEIVED: 15 select "INBOX""
"IMAPD"	3964	6	"2026-07-16 13:34:35.673"	"10.0.0.128"	"RECEIVED: 18 list "" "#Public*""
"DEBUG"	3948	"2026-07-16 13:34:35.673"	"Reading messages from database."
"IMAPD"	3964	6	"2026-07-16 13:34:35.673"	"10.0.0.128"	"SENT: 18 OK LIST completed"
"IMAPD"	3952	6	"2026-07-16 13:34:35.673"	"10.0.0.128"	"RECEIVED: 19 lsub "" "#Public*""
"IMAPD"	3952	6	"2026-07-16 13:34:35.673"	"10.0.0.128"	"SENT: "
"IMAPD"	3952	6	"2026-07-16 13:34:35.673"	"10.0.0.128"	"SENT: 19 OK LSUB completed"
"IMAPD"	3948	7	"2026-07-16 13:34:35.673"	"10.0.0.128"	"SENT: * 5 EXISTS[nl]* 5 RECENT[nl]* FLAGS (\Deleted \Seen \Draft \Answered \Flagged)[nl]* OK [UIDVALIDITY 1783903061] current uidvalidity[nl]* OK [UNSEEN 9] unseen messages[nl]* OK [UIDNEXT 10] next uid[nl]* OK [PERMANENTFLAGS (\Deleted \Seen \Draft \Answered \Flagged)] limited[nl]15 OK [READ-WRITE] SELECT completed"
"IMAPD"	3968	6	"2026-07-16 13:34:35.689"	"10.0.0.128"	"RECEIVED: 20 list "" "INBOX""
"IMAPD"	3968	6	"2026-07-16 13:34:35.689"	"10.0.0.128"	"SENT: * LIST (\HasNoChildren) "." "INBOX"[nl]20 OK LIST completed"
"IMAPD"	3968	7	"2026-07-16 13:34:35.689"	"10.0.0.128"	"RECEIVED: 16 myrights "INBOX""
"IMAPD"	3968	7	"2026-07-16 13:34:35.689"	"10.0.0.128"	"SENT: * MYRIGHTS "INBOX" lrswipkxtea[nl]16 OK Myrights complete"
"IMAPD"	3972	7	"2026-07-16 13:34:35.689"	"10.0.0.128"	"RECEIVED: 17 getacl "INBOX""
"IMAPD"	3972	7	"2026-07-16 13:34:35.689"	"10.0.0.128"	"SENT: * ACL "INBOX"[nl]17 OK GetAcl complete"
"IMAPD"	3940	7	"2026-07-16 13:34:35.689"	"10.0.0.128"	"RECEIVED: 18 getquotaroot "INBOX""
"IMAPD"	3940	7	"2026-07-16 13:34:35.689"	"10.0.0.128"	"SENT: * QUOTAROOT "INBOX" ""[nl]* QUOTA "" ()[nl]18 OK GETQUOTAROOT completed"
"IMAPD"	3956	7	"2026-07-16 13:34:35.689"	"10.0.0.128"	"RECEIVED: 19 UID fetch 1:* (FLAGS)"
"IMAPD"	3956	7	"2026-07-16 13:34:35.689"	"10.0.0.128"	"SENT: * 1 FETCH (UID 5 FLAGS (\Seen))"
"IMAPD"	3956	7	"2026-07-16 13:34:35.689"	"10.0.0.128"	"SENT: * 2 FETCH (UID 6 FLAGS (\Seen))"
"IMAPD"	3956	7	"2026-07-16 13:34:35.705"	"10.0.0.128"	"SENT: * 3 FETCH (UID 7 FLAGS (\Seen))"
"IMAPD"	3956	7	"2026-07-16 13:34:35.705"	"10.0.0.128"	"SENT: * 4 FETCH (UID 8 FLAGS (\Seen))"
"IMAPD"	3956	7	"2026-07-16 13:34:35.705"	"10.0.0.128"	"SENT: * 5 FETCH (UID 9 FLAGS ())"
"IMAPD"	3956	7	"2026-07-16 13:34:35.705"	"10.0.0.128"	"SENT: 19 OK UID completed"
"IMAPD"	3968	7	"2026-07-16 13:34:35.705"	"10.0.0.128"	"RECEIVED: 20 UID fetch 9 (UID RFC822.SIZE FLAGS BODY.PEEK[HEADER.FIELDS (From To Cc Bcc Subject Date Message-ID Priority X-Priority References Newsgroups In-Reply-To Content-Type Reply-To Received)])"
"IMAPD"	3968	7	"2026-07-16 13:34:35.737"	"10.0.0.128"	"SENT: * 5 FETCH (UID 9 RFC822.SIZE 447 FLAGS () BODY[HEADER.FIELDS (From To Cc Bcc Subject Date Message-ID Priority X-Priority References Newsgroups In-Reply-To Content-Type Reply-To Received)] {330}"
"IMAPD"	3968	7	"2026-07-16 13:34:35.737"	"10.0.0.128"	"SENT: )"
"IMAPD"	3968	7	"2026-07-16 13:34:35.737"	"10.0.0.128"	"SENT: 20 OK UID completed"
"IMAPD"	3944	7	"2026-07-16 13:34:35.982"	"10.0.0.128"	"RECEIVED: 21 UID fetch 9 (UID RFC822.SIZE BODY.PEEK[])"
"IMAPD"	3944	7	"2026-07-16 13:34:35.982"	"10.0.0.128"	"SENT: * 5 FETCH (UID 9 RFC822.SIZE 447 BODY[] {470}"
"IMAPD"	3944	7	"2026-07-16 13:34:35.982"	"10.0.0.128"	"SENT: )"
"IMAPD"	3944	7	"2026-07-16 13:34:35.982"	"10.0.0.128"	"SENT: 21 OK UID completed"
"IMAPD"	3940	7	"2026-07-16 13:34:36.026"	"10.0.0.128"	"RECEIVED: 22 UID fetch 9 (UID BODY.PEEK[HEADER.FIELDS (Content-Type Content-Transfer-Encoding)] BODY.PEEK[TEXT]<0.2048>)"
"IMAPD"	3940	7	"2026-07-16 13:34:36.026"	"10.0.0.128"	"SENT: * 5 FETCH (UID 9 BODY[HEADER.FIELDS (Content-Type Content-Transfer-Encoding)] {91}"
"IMAPD"	3940	7	"2026-07-16 13:34:36.026"	"10.0.0.128"	"SENT:  BODY[TEXT]<0> {6}"
"IMAPD"	3940	7	"2026-07-16 13:34:36.026"	"10.0.0.128"	"SENT: )"
"IMAPD"	3940	7	"2026-07-16 13:34:36.026"	"10.0.0.128"	"SENT: 22 OK UID completed"
"SMTPD"	3956	4	"2026-07-16 13:34:37.894"	"10.0.0.128"	"RECEIVED: QUIT"
"SMTPD"	3956	4	"2026-07-16 13:34:37.894"	"10.0.0.128"	"SENT: 221 goodbye"
"DEBUG"	3964	"2026-07-16 13:34:37.909"	"Ending session 4"
"IMAPD"	3964	7	"2026-07-16 13:34:38.055"	"10.0.0.128"	"RECEIVED: 23 IDLE"
"IMAPD"	3964	7	"2026-07-16 13:34:38.055"	"10.0.0.128"	"SENT: + idling"
"DEBUG"	3972	"2026-07-16 13:37:08.517"	"Creating session 9"
"TCPIP"	3972	"2026-07-16 13:37:08.533"	"TCP - 10.0.0.128 connected to 10.0.0.128:587."
"DEBUG"	3972	"2026-07-16 13:37:08.533"	"TCP connection started for session 5"
"SMTPD"	3972	5	"2026-07-16 13:37:08.533"	"10.0.0.128"	"SENT: 220 WIN-2F1VNVRVM11 ESMTP"
"SMTPD"	3968	5	"2026-07-16 13:37:08.676"	"10.0.0.128"	"RECEIVED: EHLO [10.0.0.128]"
"SMTPD"	3968	5	"2026-07-16 13:37:08.691"	"10.0.0.128"	"SENT: 250-WIN-2F1VNVRVM11[nl]250-SIZE 20480000[nl]250-AUTH LOGIN[nl]250 HELP"
"SMTPD"	3968	5	"2026-07-16 13:37:08.691"	"10.0.0.128"	"RECEIVED: AUTH LOGIN"
"SMTPD"	3968	5	"2026-07-16 13:37:08.714"	"10.0.0.128"	"SENT: 334 VXNlcm5hbWU6"
"SMTPD"	3956	5	"2026-07-16 13:37:08.714"	"10.0.0.128"	"RECEIVED: YkBoaS54eXo="
"SMTPD"	3956	5	"2026-07-16 13:37:08.714"	"10.0.0.128"	"SENT: 334 UGFzc3dvcmQ6"
"SMTPD"	3952	5	"2026-07-16 13:37:08.723"	"10.0.0.128"	"RECEIVED: ***"
"SMTPD"	3952	5	"2026-07-16 13:37:08.739"	"10.0.0.128"	"SENT: 235 authenticated."
"SMTPD"	3952	5	"2026-07-16 13:37:08.739"	"10.0.0.128"	"RECEIVED: MAIL FROM:<a@hi.xyz> SIZE=702"
"SMTPD"	3952	5	"2026-07-16 13:37:08.739"	"10.0.0.128"	"SENT: 250 OK"
"SMTPD"	3960	5	"2026-07-16 13:37:08.756"	"10.0.0.128"	"RECEIVED: RCPT TO:<b@hi.xyz>"
"SMTPD"	3960	5	"2026-07-16 13:37:08.756"	"10.0.0.128"	"SENT: 250 OK"
"SMTPD"	3956	5	"2026-07-16 13:37:08.756"	"10.0.0.128"	"RECEIVED: DATA"
"SMTPD"	3956	5	"2026-07-16 13:37:08.756"	"10.0.0.128"	"SENT: 354 OK, send."
"DEBUG"	3964	"2026-07-16 13:37:08.788"	"Adding task AsynchronousTask to work queue Asynchronous task queue"
"DEBUG"	3716	"2026-07-16 13:37:08.788"	"Executing task AsynchronousTask in work queue Asynchronous task queue"
"DEBUG"	3716	"2026-07-16 13:37:08.788"	"Executing event OnAcceptMessage"
"DEBUG"	3716	"2026-07-16 13:37:08.885"	"Event completed"
"DEBUG"	3716	"2026-07-16 13:37:08.885"	"Saving message: {94ECBEA8-4CD5-4F4E-90D9-460092A096B9}.eml"
"DEBUG"	3716	"2026-07-16 13:37:08.901"	"Requesting SMTPDeliveryManager to start message delivery"
"SMTPD"	3716	5	"2026-07-16 13:37:08.901"	"10.0.0.128"	"SENT: 250 Queued (0.032 seconds)"
"DEBUG"	3740	"2026-07-16 13:37:08.901"	"Adding task DeliveryTask to work queue SMTP delivery queue"
"DEBUG"	3784	"2026-07-16 13:37:08.901"	"Executing task DeliveryTask in work queue SMTP delivery queue"
"DEBUG"	3784	"2026-07-16 13:37:08.917"	"Delivering message..."
"APPLICATION"	3784	"2026-07-16 13:37:08.917"	"SMTPDeliverer - Message 33: Delivering message from a@hi.xyz to b@hi.xyz. File: C:\Program Files (x86)\hMailServer\Data\{94ECBEA8-4CD5-4F4E-90D9-460092A096B9}.eml"
"DEBUG"	3784	"2026-07-16 13:37:08.949"	"Applying rules"
"DEBUG"	3784	"2026-07-16 13:37:08.997"	"Applying rule Phishing Filter"
"DEBUG"	3784	"2026-07-16 13:37:08.997"	"Performing rule action"
"DEBUG"	3784	"2026-07-16 13:37:08.997"	"Performing rule action"
"DEBUG"	3784	"2026-07-16 13:37:08.997"	"Performing local delivery"
"DEBUG"	3784	"2026-07-16 13:37:09.017"	"Applying rules"
"IMAPD"	3972	3	"2026-07-16 13:37:09.061"	"10.0.0.128"	"RECEIVED: 92 append "Sent" (\Seen) {702}"
"IMAPD"	3972	3	"2026-07-16 13:37:09.078"	"10.0.0.128"	"SENT: + Ready for literal data"
"DEBUG"	3784	"2026-07-16 13:37:09.093"	"Saving message: {94ECBEA8-4CD5-4F4E-90D9-460092A096B9}.eml"
"DEBUG"	3936	"2026-07-16 13:37:09.125"	"Saving message: {534C65C0-5A9D-4C79-941A-CE569EDEE2AA}.eml"
"IMAPD"	3936	3	"2026-07-16 13:37:09.189"	"10.0.0.128"	"SENT: 92 OK APPEND completed"
"DEBUG"	3784	"2026-07-16 13:37:09.298"	"Reading messages from database."
"IMAPD"	3784	7	"2026-07-16 13:37:09.298"	"10.0.0.128"	"SENT: * 6 EXISTS"
"IMAPD"	3784	7	"2026-07-16 13:37:09.302"	"10.0.0.128"	"SENT: * 6 RECENT"
"IMAPD"	3968	7	"2026-07-16 13:37:09.302"	"10.0.0.128"	"RECEIVED: DONE"
"IMAPD"	3968	7	"2026-07-16 13:37:09.302"	"10.0.0.128"	"SENT: 23 OK IDLE terminated"
"DEBUG"	3784	"2026-07-16 13:37:09.302"	"Local delivery completed"
"APPLICATION"	3784	"2026-07-16 13:37:09.302"	"SMTPDeliverer - Message 33: Message delivery thread completed."
"IMAPD"	3964	7	"2026-07-16 13:37:09.302"	"10.0.0.128"	"RECEIVED: 24 noop"
"IMAPD"	3964	7	"2026-07-16 13:37:09.315"	"10.0.0.128"	"SENT: 24 OK NOOP completed"
"IMAPD"	3936	7	"2026-07-16 13:37:09.322"	"10.0.0.128"	"RECEIVED: 25 getquotaroot "INBOX""
"IMAPD"	3936	7	"2026-07-16 13:37:09.322"	"10.0.0.128"	"SENT: * QUOTAROOT "INBOX" ""[nl]* QUOTA "" ()[nl]25 OK GETQUOTAROOT completed"
"IMAPD"	3960	7	"2026-07-16 13:37:09.322"	"10.0.0.128"	"RECEIVED: 26 UID fetch 10:* (FLAGS)"
"IMAPD"	3960	7	"2026-07-16 13:37:09.322"	"10.0.0.128"	"SENT: * 6 FETCH (UID 10 FLAGS ())"
"IMAPD"	3960	7	"2026-07-16 13:37:09.322"	"10.0.0.128"	"SENT: 26 OK UID completed"
"IMAPD"	3936	7	"2026-07-16 13:37:09.336"	"10.0.0.128"	"RECEIVED: 27 UID fetch 10 (UID RFC822.SIZE FLAGS BODY.PEEK[HEADER.FIELDS (From To Cc Bcc Subject Date Message-ID Priority X-Priority References Newsgroups In-Reply-To Content-Type Reply-To Received)])"
"IMAPD"	3936	7	"2026-07-16 13:37:09.398"	"10.0.0.128"	"SENT: * 6 FETCH (UID 10 RFC822.SIZE 864 FLAGS () BODY[HEADER.FIELDS (From To Cc Bcc Subject Date Message-ID Priority X-Priority References Newsgroups In-Reply-To Content-Type Reply-To Received)] {330}"
"IMAPD"	3936	7	"2026-07-16 13:37:09.421"	"10.0.0.128"	"SENT: )"
"IMAPD"	3936	7	"2026-07-16 13:37:09.421"	"10.0.0.128"	"SENT: 27 OK UID completed"
"IMAPD"	3952	7	"2026-07-16 13:37:09.495"	"10.0.0.128"	"RECEIVED: 28 UID fetch 10 (UID RFC822.SIZE BODY.PEEK[])"
"IMAPD"	3952	7	"2026-07-16 13:37:09.511"	"10.0.0.128"	"SENT: * 6 FETCH (UID 10 RFC822.SIZE 864 BODY[] {887}"
"IMAPD"	3952	7	"2026-07-16 13:37:09.514"	"10.0.0.128"	"SENT: )"
"IMAPD"	3952	7	"2026-07-16 13:37:09.519"	"10.0.0.128"	"SENT: 28 OK UID completed"
"IMAPD"	3964	7	"2026-07-16 13:37:09.619"	"10.0.0.128"	"RECEIVED: 29 UID fetch 10 (UID BODY.PEEK[HEADER.FIELDS (Content-Type Content-Transfer-Encoding)] BODY.PEEK[TEXT]<0.2048>)"
"IMAPD"	3964	7	"2026-07-16 13:37:09.624"	"10.0.0.128"	"SENT: * 6 FETCH (UID 10 BODY[HEADER.FIELDS (Content-Type Content-Transfer-Encoding)] {91}"
"IMAPD"	3964	7	"2026-07-16 13:37:09.627"	"10.0.0.128"	"SENT:  BODY[TEXT]<0> {390}"
"IMAPD"	3964	7	"2026-07-16 13:37:09.627"	"10.0.0.128"	"SENT: )"
"IMAPD"	3964	7	"2026-07-16 13:37:09.627"	"10.0.0.128"	"SENT: 29 OK UID completed"
"IMAPD"	3956	7	"2026-07-16 13:37:11.017"	"10.0.0.128"	"RECEIVED: 30 noop"
"IMAPD"	3956	7	"2026-07-16 13:37:11.017"	"10.0.0.128"	"SENT: 30 OK NOOP completed"
"IMAPD"	3956	7	"2026-07-16 13:37:11.033"	"10.0.0.128"	"RECEIVED: 31 getquotaroot "INBOX""
"IMAPD"	3956	7	"2026-07-16 13:37:11.033"	"10.0.0.128"	"SENT: * QUOTAROOT "INBOX" ""[nl]* QUOTA "" ()[nl]31 OK GETQUOTAROOT completed"
"IMAPD"	3964	7	"2026-07-16 13:37:11.033"	"10.0.0.128"	"RECEIVED: 32 UID fetch 11:* (FLAGS)"
"IMAPD"	3964	7	"2026-07-16 13:37:11.033"	"10.0.0.128"	"SENT: 32 OK UID completed"
"IMAPD"	3964	7	"2026-07-16 13:37:13.144"	"10.0.0.128"	"RECEIVED: 33 IDLE"
"IMAPD"	3964	7	"2026-07-16 13:37:13.152"	"10.0.0.128"	"SENT: + idling"
"SMTPD"	3956	5	"2026-07-16 13:37:14.050"	"10.0.0.128"	"RECEIVED: QUIT"
"SMTPD"	3956	5	"2026-07-16 13:37:14.050"	"10.0.0.128"	"SENT: 221 goodbye"
"DEBUG"	3944	"2026-07-16 13:37:14.050"	"Ending session 5"
"DEBUG"	3972	"2026-07-16 13:38:26.260"	"Creating session 10"
"TCPIP"	3972	"2026-07-16 13:38:26.292"	"TCP - 10.0.0.128 connected to 10.0.0.128:587."
"DEBUG"	3972	"2026-07-16 13:38:26.292"	"TCP connection started for session 9"
"SMTPD"	3972	9	"2026-07-16 13:38:26.309"	"10.0.0.128"	"SENT: 220 WIN-2F1VNVRVM11 ESMTP"
"SMTPD"	3964	9	"2026-07-16 13:38:26.452"	"10.0.0.128"	"RECEIVED: EHLO [10.0.0.128]"
"SMTPD"	3964	9	"2026-07-16 13:38:26.456"	"10.0.0.128"	"SENT: 250-WIN-2F1VNVRVM11[nl]250-SIZE 20480000[nl]250-AUTH LOGIN[nl]250 HELP"
"SMTPD"	3964	9	"2026-07-16 13:38:26.456"	"10.0.0.128"	"RECEIVED: AUTH LOGIN"
"SMTPD"	3964	9	"2026-07-16 13:38:26.456"	"10.0.0.128"	"SENT: 334 VXNlcm5hbWU6"
"SMTPD"	3972	9	"2026-07-16 13:38:26.468"	"10.0.0.128"	"RECEIVED: YkBoaS54eXo="
"SMTPD"	3972	9	"2026-07-16 13:38:26.468"	"10.0.0.128"	"SENT: 334 UGFzc3dvcmQ6"
"SMTPD"	3944	9	"2026-07-16 13:38:26.479"	"10.0.0.128"	"RECEIVED: ***"
"SMTPD"	3944	9	"2026-07-16 13:38:26.484"	"10.0.0.128"	"SENT: 235 authenticated."
"SMTPD"	3944	9	"2026-07-16 13:38:26.491"	"10.0.0.128"	"RECEIVED: MAIL FROM:<b@hi.xyz> SIZE=689"
"SMTPD"	3944	9	"2026-07-16 13:38:26.501"	"10.0.0.128"	"SENT: 250 OK"
"SMTPD"	3972	9	"2026-07-16 13:38:26.501"	"10.0.0.128"	"RECEIVED: RCPT TO:<a@hi.xyz>"
"SMTPD"	3972	9	"2026-07-16 13:38:26.501"	"10.0.0.128"	"SENT: 250 OK"
"SMTPD"	3944	9	"2026-07-16 13:38:26.501"	"10.0.0.128"	"RECEIVED: DATA"
"SMTPD"	3944	9	"2026-07-16 13:38:26.501"	"10.0.0.128"	"SENT: 354 OK, send."
"DEBUG"	3964	"2026-07-16 13:38:26.533"	"Adding task AsynchronousTask to work queue Asynchronous task queue"
"DEBUG"	3716	"2026-07-16 13:38:26.533"	"Executing task AsynchronousTask in work queue Asynchronous task queue"
"DEBUG"	3716	"2026-07-16 13:38:26.533"	"Executing event OnAcceptMessage"
"DEBUG"	3716	"2026-07-16 13:38:26.657"	"Event completed"
"DEBUG"	3716	"2026-07-16 13:38:26.657"	"Saving message: {57B6F0B0-BFAC-4658-8675-B4FF49A3B689}.eml"
"DEBUG"	3716	"2026-07-16 13:38:26.661"	"Requesting SMTPDeliveryManager to start message delivery"
"SMTPD"	3716	9	"2026-07-16 13:38:26.661"	"10.0.0.128"	"SENT: 250 Queued (0.031 seconds)"
"DEBUG"	3740	"2026-07-16 13:38:26.661"	"Adding task DeliveryTask to work queue SMTP delivery queue"
"DEBUG"	3784	"2026-07-16 13:38:26.677"	"Executing task DeliveryTask in work queue SMTP delivery queue"
"DEBUG"	3784	"2026-07-16 13:38:26.694"	"Delivering message..."
"APPLICATION"	3784	"2026-07-16 13:38:26.758"	"SMTPDeliverer - Message 35: Delivering message from b@hi.xyz to a@hi.xyz. File: C:\Program Files (x86)\hMailServer\Data\{57B6F0B0-BFAC-4658-8675-B4FF49A3B689}.eml"
"DEBUG"	3784	"2026-07-16 13:38:26.789"	"Applying rules"
"IMAPD"	3972	6	"2026-07-16 13:38:26.836"	"10.0.0.128"	"RECEIVED: 21 append "Sent" (\Seen) {689}"
"IMAPD"	3972	6	"2026-07-16 13:38:26.836"	"10.0.0.128"	"SENT: + Ready for literal data"
"DEBUG"	3936	"2026-07-16 13:38:26.836"	"Saving message: {F2DD46CF-77E2-4C39-B918-E69D203CD960}.eml"
"IMAPD"	3936	6	"2026-07-16 13:38:26.859"	"10.0.0.128"	"SENT: 21 OK APPEND completed"
"DEBUG"	3784	"2026-07-16 13:38:26.876"	"Applying rule Phishing Filter"
"DEBUG"	3784	"2026-07-16 13:38:26.876"	"Performing rule action"
"DEBUG"	3784	"2026-07-16 13:38:26.884"	"Performing rule action"
"DEBUG"	3784	"2026-07-16 13:38:26.884"	"Performing local delivery"
"DEBUG"	3784	"2026-07-16 13:38:26.932"	"Applying rules"
"DEBUG"	3784	"2026-07-16 13:38:26.964"	"Saving message: {57B6F0B0-BFAC-4658-8675-B4FF49A3B689}.eml"
"DEBUG"	3784	"2026-07-16 13:38:26.981"	"Local delivery completed"
"APPLICATION"	3784	"2026-07-16 13:38:26.981"	"SMTPDeliverer - Message 35: Message delivery thread completed."
"SMTPD"	3936	9	"2026-07-16 13:38:31.673"	"10.0.0.128"	"RECEIVED: QUIT"
"SMTPD"	3936	9	"2026-07-16 13:38:31.673"	"10.0.0.128"	"SENT: 221 goodbye"
"DEBUG"	3964	"2026-07-16 13:38:31.673"	"Ending session 9"
"DEBUG"	3972	"2026-07-16 13:38:49.593"	"Creating session 11"
"TCPIP"	3972	"2026-07-16 13:38:49.609"	"TCP - 10.0.0.128 connected to 10.0.0.128:587."
"DEBUG"	3972	"2026-07-16 13:38:49.609"	"TCP connection started for session 10"
"SMTPD"	3972	10	"2026-07-16 13:38:49.609"	"10.0.0.128"	"SENT: 220 WIN-2F1VNVRVM11 ESMTP"
"SMTPD"	3960	10	"2026-07-16 13:38:49.768"	"10.0.0.128"	"RECEIVED: EHLO [10.0.0.128]"
"SMTPD"	3960	10	"2026-07-16 13:38:49.768"	"10.0.0.128"	"SENT: 250-WIN-2F1VNVRVM11[nl]250-SIZE 20480000[nl]250-AUTH LOGIN[nl]250 HELP"
"SMTPD"	3964	10	"2026-07-16 13:38:49.784"	"10.0.0.128"	"RECEIVED: AUTH LOGIN"
"SMTPD"	3964	10	"2026-07-16 13:38:49.784"	"10.0.0.128"	"SENT: 334 VXNlcm5hbWU6"
"SMTPD"	3972	10	"2026-07-16 13:38:49.784"	"10.0.0.128"	"RECEIVED: YkBoaS54eXo="
"SMTPD"	3972	10	"2026-07-16 13:38:49.784"	"10.0.0.128"	"SENT: 334 UGFzc3dvcmQ6"
"SMTPD"	3936	10	"2026-07-16 13:38:49.784"	"10.0.0.128"	"RECEIVED: ***"
"SMTPD"	3936	10	"2026-07-16 13:38:49.800"	"10.0.0.128"	"SENT: 235 authenticated."
"SMTPD"	3972	10	"2026-07-16 13:38:49.806"	"10.0.0.128"	"RECEIVED: MAIL FROM:<b@hi.xyz> SIZE=321"
"SMTPD"	3972	10	"2026-07-16 13:38:49.806"	"10.0.0.128"	"SENT: 250 OK"
"SMTPD"	3972	10	"2026-07-16 13:38:49.816"	"10.0.0.128"	"RECEIVED: RCPT TO:<a@hi.xyz>"
"SMTPD"	3972	10	"2026-07-16 13:38:49.816"	"10.0.0.128"	"SENT: 250 OK"
"SMTPD"	3960	10	"2026-07-16 13:38:49.816"	"10.0.0.128"	"RECEIVED: DATA"
"SMTPD"	3960	10	"2026-07-16 13:38:49.816"	"10.0.0.128"	"SENT: 354 OK, send."
"DEBUG"	3972	"2026-07-16 13:38:49.867"	"Adding task AsynchronousTask to work queue Asynchronous task queue"
"DEBUG"	3716	"2026-07-16 13:38:49.867"	"Executing task AsynchronousTask in work queue Asynchronous task queue"
"DEBUG"	3716	"2026-07-16 13:38:49.867"	"Executing event OnAcceptMessage"
"DEBUG"	3716	"2026-07-16 13:38:49.993"	"Event completed"
"DEBUG"	3716	"2026-07-16 13:38:50.008"	"Saving message: {F94EFAD9-366B-4C3B-907B-865757F0E47B}.eml"
"DEBUG"	3716	"2026-07-16 13:38:50.055"	"Requesting SMTPDeliveryManager to start message delivery"
"DEBUG"	3740	"2026-07-16 13:38:50.055"	"Adding task DeliveryTask to work queue SMTP delivery queue"
"SMTPD"	3716	10	"2026-07-16 13:38:50.071"	"10.0.0.128"	"SENT: 250 Queued (0.047 seconds)"
"DEBUG"	3784	"2026-07-16 13:38:50.071"	"Executing task DeliveryTask in work queue SMTP delivery queue"
"DEBUG"	3784	"2026-07-16 13:38:50.071"	"Delivering message..."
"APPLICATION"	3784	"2026-07-16 13:38:50.071"	"SMTPDeliverer - Message 37: Delivering message from b@hi.xyz to a@hi.xyz. File: C:\Program Files (x86)\hMailServer\Data\{F94EFAD9-366B-4C3B-907B-865757F0E47B}.eml"
"DEBUG"	3784	"2026-07-16 13:38:50.071"	"Applying rules"
"DEBUG"	3784	"2026-07-16 13:38:50.156"	"Applying rule Phishing Filter"
"DEBUG"	3784	"2026-07-16 13:38:50.156"	"Performing local delivery"
"DEBUG"	3784	"2026-07-16 13:38:50.156"	"Applying rules"
"DEBUG"	3784	"2026-07-16 13:38:50.171"	"Saving message: {F94EFAD9-366B-4C3B-907B-865757F0E47B}.eml"
"DEBUG"	3784	"2026-07-16 13:38:50.184"	"Local delivery completed"
"APPLICATION"	3784	"2026-07-16 13:38:50.200"	"SMTPDeliverer - Message 37: Message delivery thread completed."
"IMAPD"	3972	6	"2026-07-16 13:38:50.264"	"10.0.0.128"	"RECEIVED: 22 append "Sent" (\Seen) {321}"
"IMAPD"	3972	6	"2026-07-16 13:38:50.264"	"10.0.0.128"	"SENT: + Ready for literal data"
"DEBUG"	3936	"2026-07-16 13:38:50.264"	"Saving message: {B1F7E824-C264-4277-9F83-552219BA857F}.eml"
"IMAPD"	3936	6	"2026-07-16 13:38:50.280"	"10.0.0.128"	"SENT: 22 OK APPEND completed"
"SMTPD"	3960	10	"2026-07-16 13:38:55.679"	"10.0.0.128"	"RECEIVED: QUIT"
"SMTPD"	3960	10	"2026-07-16 13:38:55.679"	"10.0.0.128"	"SENT: 221 goodbye"
"DEBUG"	3936	"2026-07-16 13:38:55.679"	"Ending session 10"
"IMAPD"	3972	7	"2026-07-16 13:43:10.530"	"10.0.0.128"	"RECEIVED: DONE"
"IMAPD"	3972	7	"2026-07-16 13:43:10.532"	"10.0.0.128"	"SENT: 33 OK IDLE terminated"
"DEBUG"	3944	"2026-07-16 13:43:10.534"	"Creating session 12"
"TCPIP"	3944	"2026-07-16 13:43:10.536"	"TCP - 10.0.0.128 connected to 10.0.0.128:143."
"DEBUG"	3944	"2026-07-16 13:43:10.542"	"TCP connection started for session 8"
"IMAPD"	3944	8	"2026-07-16 13:43:10.543"	"10.0.0.128"	"SENT: * OK IMAPrev1"
"IMAPD"	3952	8	"2026-07-16 13:43:10.549"	"10.0.0.128"	"RECEIVED: 51 capability"
"IMAPD"	3960	7	"2026-07-16 13:43:10.550"	"10.0.0.128"	"RECEIVED: 34 noop"
"IMAPD"	3952	8	"2026-07-16 13:43:10.551"	"10.0.0.128"	"SENT: * CAPABILITY IMAP4 IMAP4rev1 CHILDREN IDLE QUOTA SORT ACL NAMESPACE RIGHTS=texk[nl]51 OK CAPABILITY completed"
"IMAPD"	3960	7	"2026-07-16 13:43:10.552"	"10.0.0.128"	"SENT: 34 OK NOOP completed"
"IMAPD"	3944	7	"2026-07-16 13:43:10.560"	"10.0.0.128"	"RECEIVED: 35 getquotaroot "INBOX""
"IMAPD"	3960	8	"2026-07-16 13:43:10.562"	"10.0.0.128"	"RECEIVED: 53 login "a@hi.xyz" ***"
"IMAPD"	3944	7	"2026-07-16 13:43:10.567"	"10.0.0.128"	"SENT: * QUOTAROOT "INBOX" ""[nl]* QUOTA "" ()[nl]35 OK GETQUOTAROOT completed"
"IMAPD"	3944	7	"2026-07-16 13:43:10.574"	"10.0.0.128"	"RECEIVED: 36 UID fetch 11:* (FLAGS)"
"IMAPD"	3944	7	"2026-07-16 13:43:10.577"	"10.0.0.128"	"SENT: 36 OK UID completed"
"IMAPD"	3960	8	"2026-07-16 13:43:10.586"	"10.0.0.128"	"SENT: 53 OK LOGIN completed"
"IMAPD"	3964	8	"2026-07-16 13:43:10.590"	"10.0.0.128"	"RECEIVED: 54 capability"
"IMAPD"	3964	8	"2026-07-16 13:43:10.591"	"10.0.0.128"	"SENT: * CAPABILITY IMAP4 IMAP4rev1 CHILDREN IDLE QUOTA SORT ACL NAMESPACE RIGHTS=texk[nl]54 OK CAPABILITY completed"
"IMAPD"	3960	8	"2026-07-16 13:43:10.594"	"10.0.0.128"	"RECEIVED: 55 select "INBOX""
"DEBUG"	3960	"2026-07-16 13:43:10.600"	"Reading messages from database."
"IMAPD"	3960	8	"2026-07-16 13:43:10.602"	"10.0.0.128"	"SENT: * 4 EXISTS[nl]* 4 RECENT[nl]* FLAGS (\Deleted \Seen \Draft \Answered \Flagged)[nl]* OK [UIDVALIDITY 1783903039] current uidvalidity[nl]* OK [UNSEEN 5] unseen messages[nl]* OK [UIDNEXT 7] next uid[nl]* OK [PERMANENTFLAGS (\Deleted \Seen \Draft \Answered \Flagged)] limited[nl]55 OK [READ-WRITE] SELECT completed"
"IMAPD"	3956	8	"2026-07-16 13:43:10.605"	"10.0.0.128"	"RECEIVED: 56 myrights "INBOX""
"IMAPD"	3956	8	"2026-07-16 13:43:10.606"	"10.0.0.128"	"SENT: * MYRIGHTS "INBOX" lrswipkxtea[nl]56 OK Myrights complete"
"IMAPD"	3936	8	"2026-07-16 13:43:10.610"	"10.0.0.128"	"RECEIVED: 57 getacl "INBOX""
"IMAPD"	3936	8	"2026-07-16 13:43:10.611"	"10.0.0.128"	"SENT: * ACL "INBOX"[nl]57 OK GetAcl complete"
"IMAPD"	3956	8	"2026-07-16 13:43:10.613"	"10.0.0.128"	"RECEIVED: 58 getquotaroot "INBOX""
"IMAPD"	3956	8	"2026-07-16 13:43:10.615"	"10.0.0.128"	"SENT: * QUOTAROOT "INBOX" ""[nl]* QUOTA "" ()[nl]58 OK GETQUOTAROOT completed"
"IMAPD"	3956	8	"2026-07-16 13:43:10.618"	"10.0.0.128"	"RECEIVED: 59 UID fetch 1:* (FLAGS)"
"IMAPD"	3956	8	"2026-07-16 13:43:10.619"	"10.0.0.128"	"SENT: * 1 FETCH (UID 3 FLAGS (\Seen))"
"IMAPD"	3956	8	"2026-07-16 13:43:10.621"	"10.0.0.128"	"SENT: * 2 FETCH (UID 4 FLAGS (\Seen))"
"IMAPD"	3956	8	"2026-07-16 13:43:10.622"	"10.0.0.128"	"SENT: * 3 FETCH (UID 5 FLAGS ())"
"IMAPD"	3956	8	"2026-07-16 13:43:10.623"	"10.0.0.128"	"SENT: * 4 FETCH (UID 6 FLAGS ())"
"IMAPD"	3956	8	"2026-07-16 13:43:10.624"	"10.0.0.128"	"SENT: 59 OK UID completed"
"IMAPD"	3956	8	"2026-07-16 13:43:10.627"	"10.0.0.128"	"RECEIVED: 60 UID fetch 5:6 (UID RFC822.SIZE FLAGS BODY.PEEK[HEADER.FIELDS (From To Cc Bcc Subject Date Message-ID Priority X-Priority References Newsgroups In-Reply-To Content-Type Reply-To Received)])"
"IMAPD"	3956	8	"2026-07-16 13:43:10.670"	"10.0.0.128"	"SENT: * 3 FETCH (UID 5 RFC822.SIZE 851 FLAGS () BODY[HEADER.FIELDS (From To Cc Bcc Subject Date Message-ID Priority X-Priority References Newsgroups In-Reply-To Content-Type Reply-To Received)] {329}"
"IMAPD"	3956	8	"2026-07-16 13:43:10.673"	"10.0.0.128"	"SENT: )"
"IMAPD"	3956	8	"2026-07-16 13:43:10.717"	"10.0.0.128"	"SENT: * 4 FETCH (UID 6 RFC822.SIZE 450 FLAGS () BODY[HEADER.FIELDS (From To Cc Bcc Subject Date Message-ID Priority X-Priority References Newsgroups In-Reply-To Content-Type Reply-To Received)] {330}"
"IMAPD"	3956	8	"2026-07-16 13:43:10.727"	"10.0.0.128"	"SENT: )"
"IMAPD"	3956	8	"2026-07-16 13:43:10.731"	"10.0.0.128"	"SENT: 60 OK UID completed"
"IMAPD"	3956	8	"2026-07-16 13:43:10.842"	"10.0.0.128"	"RECEIVED: 61 UID fetch 5,6 (UID RFC822.SIZE BODY.PEEK[])"
"IMAPD"	3956	8	"2026-07-16 13:43:10.844"	"10.0.0.128"	"SENT: * 3 FETCH (UID 5 RFC822.SIZE 851 BODY[] {874}"
"IMAPD"	3956	8	"2026-07-16 13:43:10.844"	"10.0.0.128"	"SENT: )"
"IMAPD"	3956	8	"2026-07-16 13:43:10.846"	"10.0.0.128"	"SENT: * 4 FETCH (UID 6 RFC822.SIZE 450 BODY[] {473}"
"IMAPD"	3956	8	"2026-07-16 13:43:10.846"	"10.0.0.128"	"SENT: )"
"IMAPD"	3956	8	"2026-07-16 13:43:10.847"	"10.0.0.128"	"SENT: 61 OK UID completed"
"IMAPD"	3960	8	"2026-07-16 13:43:10.923"	"10.0.0.128"	"RECEIVED: 62 UID fetch 5 (UID BODY.PEEK[HEADER.FIELDS (Content-Type Content-Transfer-Encoding)] BODY.PEEK[TEXT]<0.2048>)"
"IMAPD"	3960	8	"2026-07-16 13:43:10.932"	"10.0.0.128"	"SENT: * 3 FETCH (UID 5 BODY[HEADER.FIELDS (Content-Type Content-Transfer-Encoding)] {91}"
"IMAPD"	3960	8	"2026-07-16 13:43:10.939"	"10.0.0.128"	"SENT:  BODY[TEXT]<0> {378}"
"IMAPD"	3960	8	"2026-07-16 13:43:10.945"	"10.0.0.128"	"SENT: )"
"IMAPD"	3960	8	"2026-07-16 13:43:10.950"	"10.0.0.128"	"SENT: 62 OK UID completed"
"IMAPD"	3960	7	"2026-07-16 13:43:12.649"	"10.0.0.128"	"RECEIVED: 37 IDLE"
"IMAPD"	3960	7	"2026-07-16 13:43:12.649"	"10.0.0.128"	"SENT: + idling"
"IMAPD"	3952	8	"2026-07-16 13:43:12.979"	"10.0.0.128"	"RECEIVED: 63 IDLE"
"IMAPD"	3952	8	"2026-07-16 13:43:12.979"	"10.0.0.128"	"SENT: + idling"
"IMAPD"	3936	7	"2026-07-16 13:45:50.074"	"10.0.0.128"	"RECEIVED: DONE"
"IMAPD"	3936	7	"2026-07-16 13:45:50.090"	"10.0.0.128"	"SENT: 37 OK IDLE terminated"
"IMAPD"	3964	7	"2026-07-16 13:45:50.218"	"10.0.0.128"	"RECEIVED: 38 uid store 10 +Flags (\Seen)"
"IMAPD"	3964	7	"2026-07-16 13:45:50.218"	"10.0.0.128"	"SENT: * 6 FETCH (FLAGS (\Seen) UID 10)"
"IMAPD"	3964	7	"2026-07-16 13:45:50.218"	"10.0.0.128"	"SENT: 38 OK UID completed"
"IMAPD"	3944	7	"2026-07-16 13:45:50.234"	"10.0.0.128"	"RECEIVED: 39 check"
"IMAPD"	3944	7	"2026-07-16 13:45:50.250"	"10.0.0.128"	"SENT: 39 OK CHECK completed"
"IMAPD"	3952	7	"2026-07-16 13:45:52.257"	"10.0.0.128"	"RECEIVED: 40 IDLE"
"IMAPD"	3952	7	"2026-07-16 13:45:52.257"	"10.0.0.128"	"SENT: + idling"
"DEBUG"	3944	"2026-07-16 13:45:59.597"	"Creating session 13"
"TCPIP"	3944	"2026-07-16 13:45:59.597"	"TCP - 10.0.0.128 connected to 10.0.0.128:143."
"DEBUG"	3944	"2026-07-16 13:45:59.597"	"TCP connection started for session 12"
"IMAPD"	3944	12	"2026-07-16 13:45:59.597"	"10.0.0.128"	"SENT: * OK IMAPrev1"
"IMAPD"	3956	12	"2026-07-16 13:45:59.629"	"10.0.0.128"	"RECEIVED: 95 capability"
"IMAPD"	3956	12	"2026-07-16 13:45:59.629"	"10.0.0.128"	"SENT: * CAPABILITY IMAP4 IMAP4rev1 CHILDREN IDLE QUOTA SORT ACL NAMESPACE RIGHTS=texk[nl]95 OK CAPABILITY completed"
"IMAPD"	3944	12	"2026-07-16 13:45:59.629"	"10.0.0.128"	"RECEIVED: 97 login "b@hi.xyz" ***"
"IMAPD"	3944	12	"2026-07-16 13:45:59.637"	"10.0.0.128"	"SENT: 97 OK LOGIN completed"
"IMAPD"	3952	12	"2026-07-16 13:45:59.637"	"10.0.0.128"	"RECEIVED: 98 capability"
"IMAPD"	3952	12	"2026-07-16 13:45:59.637"	"10.0.0.128"	"SENT: * CAPABILITY IMAP4 IMAP4rev1 CHILDREN IDLE QUOTA SORT ACL NAMESPACE RIGHTS=texk[nl]98 OK CAPABILITY completed"
"IMAPD"	3944	12	"2026-07-16 13:45:59.646"	"10.0.0.128"	"RECEIVED: 99 select "Sent""
"DEBUG"	3944	"2026-07-16 13:45:59.646"	"Reading messages from database."
"IMAPD"	3944	12	"2026-07-16 13:45:59.655"	"10.0.0.128"	"SENT: * 6 EXISTS[nl]* 6 RECENT[nl]* FLAGS (\Deleted \Seen \Draft \Answered \Flagged)[nl]* OK [UIDVALIDITY 1783950268] current uidvalidity[nl]* OK [UIDNEXT 7] next uid[nl]* OK [PERMANENTFLAGS (\Deleted \Seen \Draft \Answered \Flagged)] limited[nl]99 OK [READ-WRITE] SELECT completed"
"IMAPD"	3972	12	"2026-07-16 13:45:59.663"	"10.0.0.128"	"RECEIVED: 100 myrights "Sent""
"IMAPD"	3972	12	"2026-07-16 13:45:59.663"	"10.0.0.128"	"SENT: * MYRIGHTS "Sent" lrswipkxtea[nl]100 OK Myrights complete"
"IMAPD"	3944	12	"2026-07-16 13:45:59.663"	"10.0.0.128"	"RECEIVED: 101 getacl "Sent""
"IMAPD"	3944	12	"2026-07-16 13:45:59.663"	"10.0.0.128"	"SENT: * ACL "Sent"[nl]101 OK GetAcl complete"
"IMAPD"	3972	12	"2026-07-16 13:45:59.663"	"10.0.0.128"	"RECEIVED: 102 getquotaroot "Sent""
"IMAPD"	3972	12	"2026-07-16 13:45:59.663"	"10.0.0.128"	"SENT: * QUOTAROOT "Sent" ""[nl]* QUOTA "" ()[nl]102 OK GETQUOTAROOT completed"
"IMAPD"	3972	12	"2026-07-16 13:45:59.679"	"10.0.0.128"	"RECEIVED: 103 UID fetch 1:* (FLAGS)"
"IMAPD"	3972	12	"2026-07-16 13:45:59.679"	"10.0.0.128"	"SENT: * 1 FETCH (UID 1 FLAGS (\Seen))"
"IMAPD"	3972	12	"2026-07-16 13:45:59.679"	"10.0.0.128"	"SENT: * 2 FETCH (UID 2 FLAGS (\Seen))"
"IMAPD"	3972	12	"2026-07-16 13:45:59.679"	"10.0.0.128"	"SENT: * 3 FETCH (UID 3 FLAGS (\Seen))"
"IMAPD"	3972	12	"2026-07-16 13:45:59.679"	"10.0.0.128"	"SENT: * 4 FETCH (UID 4 FLAGS (\Seen))"
"IMAPD"	3972	12	"2026-07-16 13:45:59.679"	"10.0.0.128"	"SENT: * 5 FETCH (UID 5 FLAGS (\Seen))"
"IMAPD"	3972	12	"2026-07-16 13:45:59.679"	"10.0.0.128"	"SENT: * 6 FETCH (UID 6 FLAGS (\Seen))"
"IMAPD"	3972	12	"2026-07-16 13:45:59.687"	"10.0.0.128"	"SENT: 103 OK UID completed"
"IMAPD"	3944	12	"2026-07-16 13:45:59.687"	"10.0.0.128"	"RECEIVED: 104 UID fetch 4:6 (UID RFC822.SIZE FLAGS BODY.PEEK[HEADER.FIELDS (From To Cc Bcc Subject Date Message-ID Priority X-Priority References Newsgroups In-Reply-To Content-Type Reply-To Received)])"
"IMAPD"	3944	12	"2026-07-16 13:45:59.727"	"10.0.0.128"	"SENT: * 4 FETCH (UID 4 RFC822.SIZE 754 FLAGS (\Seen) BODY[HEADER.FIELDS (From To Cc Bcc Subject Date Message-ID Priority X-Priority References Newsgroups In-Reply-To Content-Type Reply-To Received)] {255}"
"IMAPD"	3944	12	"2026-07-16 13:45:59.741"	"10.0.0.128"	"SENT: )"
"IMAPD"	3944	12	"2026-07-16 13:45:59.760"	"10.0.0.128"	"SENT: * 5 FETCH (UID 5 RFC822.SIZE 691 FLAGS (\Seen) BODY[HEADER.FIELDS (From To Cc Bcc Subject Date Message-ID Priority X-Priority References Newsgroups In-Reply-To Content-Type Reply-To Received)] {204}"
"IMAPD"	3944	12	"2026-07-16 13:45:59.776"	"10.0.0.128"	"SENT: )"
"IMAPD"	3944	12	"2026-07-16 13:45:59.793"	"10.0.0.128"	"SENT: * 6 FETCH (UID 6 RFC822.SIZE 323 FLAGS (\Seen) BODY[HEADER.FIELDS (From To Cc Bcc Subject Date Message-ID Priority X-Priority References Newsgroups In-Reply-To Content-Type Reply-To Received)] {205}"
"IMAPD"	3944	12	"2026-07-16 13:45:59.805"	"10.0.0.128"	"SENT: )"
"IMAPD"	3944	12	"2026-07-16 13:45:59.805"	"10.0.0.128"	"SENT: 104 OK UID completed"
"DEBUG"	3944	"2026-07-16 13:46:00.097"	"Creating session 14"
"TCPIP"	3944	"2026-07-16 13:46:00.097"	"TCP - 10.0.0.128 connected to 10.0.0.128:143."
"DEBUG"	3944	"2026-07-16 13:46:00.097"	"TCP connection started for session 13"
"IMAPD"	3944	13	"2026-07-16 13:46:00.112"	"10.0.0.128"	"SENT: * OK IMAPrev1"
"IMAPD"	3960	13	"2026-07-16 13:46:00.112"	"10.0.0.128"	"RECEIVED: 71 capability"
"IMAPD"	3960	13	"2026-07-16 13:46:00.112"	"10.0.0.128"	"SENT: * CAPABILITY IMAP4 IMAP4rev1 CHILDREN IDLE QUOTA SORT ACL NAMESPACE RIGHTS=texk[nl]71 OK CAPABILITY completed"
"IMAPD"	3964	13	"2026-07-16 13:46:00.112"	"10.0.0.128"	"RECEIVED: 73 login "a@hi.xyz" ***"
"IMAPD"	3964	13	"2026-07-16 13:46:00.112"	"10.0.0.128"	"SENT: 73 OK LOGIN completed"
"IMAPD"	3944	13	"2026-07-16 13:46:00.128"	"10.0.0.128"	"RECEIVED: 74 capability"
"IMAPD"	3944	13	"2026-07-16 13:46:00.128"	"10.0.0.128"	"SENT: * CAPABILITY IMAP4 IMAP4rev1 CHILDREN IDLE QUOTA SORT ACL NAMESPACE RIGHTS=texk[nl]74 OK CAPABILITY completed"
"IMAPD"	3960	13	"2026-07-16 13:46:00.128"	"10.0.0.128"	"RECEIVED: 75 select "Sent""
"DEBUG"	3960	"2026-07-16 13:46:00.136"	"Reading messages from database."
"IMAPD"	3960	13	"2026-07-16 13:46:00.136"	"10.0.0.128"	"SENT: * 10 EXISTS[nl]* 10 RECENT[nl]* FLAGS (\Deleted \Seen \Draft \Answered \Flagged)[nl]* OK [UIDVALIDITY 1783950217] current uidvalidity[nl]* OK [UIDNEXT 11] next uid[nl]* OK [PERMANENTFLAGS (\Deleted \Seen \Draft \Answered \Flagged)] limited[nl]75 OK [READ-WRITE] SELECT completed"
"IMAPD"	3960	13	"2026-07-16 13:46:00.136"	"10.0.0.128"	"RECEIVED: 76 myrights "Sent""
"IMAPD"	3960	13	"2026-07-16 13:46:00.136"	"10.0.0.128"	"SENT: * MYRIGHTS "Sent" lrswipkxtea[nl]76 OK Myrights complete"
"IMAPD"	3944	13	"2026-07-16 13:46:00.144"	"10.0.0.128"	"RECEIVED: 77 getacl "Sent""
"IMAPD"	3944	13	"2026-07-16 13:46:00.147"	"10.0.0.128"	"SENT: * ACL "Sent"[nl]77 OK GetAcl complete"
"IMAPD"	3944	13	"2026-07-16 13:46:00.160"	"10.0.0.128"	"RECEIVED: 78 getquotaroot "Sent""
"IMAPD"	3944	13	"2026-07-16 13:46:00.160"	"10.0.0.128"	"SENT: * QUOTAROOT "Sent" ""[nl]* QUOTA "" ()[nl]78 OK GETQUOTAROOT completed"
"IMAPD"	3964	13	"2026-07-16 13:46:00.160"	"10.0.0.128"	"RECEIVED: 79 UID fetch 1:* (FLAGS)"
"IMAPD"	3964	13	"2026-07-16 13:46:00.160"	"10.0.0.128"	"SENT: * 1 FETCH (UID 1 FLAGS (\Seen))"
"IMAPD"	3964	13	"2026-07-16 13:46:00.160"	"10.0.0.128"	"SENT: * 2 FETCH (UID 2 FLAGS (\Seen))"
"IMAPD"	3964	13	"2026-07-16 13:46:00.160"	"10.0.0.128"	"SENT: * 3 FETCH (UID 3 FLAGS (\Seen))"
"IMAPD"	3964	13	"2026-07-16 13:46:00.177"	"10.0.0.128"	"SENT: * 4 FETCH (UID 4 FLAGS (\Seen))"
"IMAPD"	3964	13	"2026-07-16 13:46:00.177"	"10.0.0.128"	"SENT: * 5 FETCH (UID 5 FLAGS (\Seen))"
"IMAPD"	3964	13	"2026-07-16 13:46:00.177"	"10.0.0.128"	"SENT: * 6 FETCH (UID 6 FLAGS (\Seen))"
"IMAPD"	3964	13	"2026-07-16 13:46:00.177"	"10.0.0.128"	"SENT: * 7 FETCH (UID 7 FLAGS (\Seen))"
"IMAPD"	3964	13	"2026-07-16 13:46:00.177"	"10.0.0.128"	"SENT: * 8 FETCH (UID 8 FLAGS (\Seen))"
"IMAPD"	3964	13	"2026-07-16 13:46:00.177"	"10.0.0.128"	"SENT: * 9 FETCH (UID 9 FLAGS (\Seen))"
"IMAPD"	3964	13	"2026-07-16 13:46:00.177"	"10.0.0.128"	"SENT: * 10 FETCH (UID 10 FLAGS (\Seen))"
"IMAPD"	3964	13	"2026-07-16 13:46:00.189"	"10.0.0.128"	"SENT: 79 OK UID completed"
"IMAPD"	3956	13	"2026-07-16 13:46:00.193"	"10.0.0.128"	"RECEIVED: 80 UID fetch 7:10 (UID RFC822.SIZE FLAGS BODY.PEEK[HEADER.FIELDS (From To Cc Bcc Subject Date Message-ID Priority X-Priority References Newsgroups In-Reply-To Content-Type Reply-To Received)])"
"IMAPD"	3956	13	"2026-07-16 13:46:00.241"	"10.0.0.128"	"SENT: * 7 FETCH (UID 7 RFC822.SIZE 754 FLAGS (\Seen) BODY[HEADER.FIELDS (From To Cc Bcc Subject Date Message-ID Priority X-Priority References Newsgroups In-Reply-To Content-Type Reply-To Received)] {255}"
"IMAPD"	3956	13	"2026-07-16 13:46:00.241"	"10.0.0.128"	"SENT: )"
"IMAPD"	3956	13	"2026-07-16 13:46:00.279"	"10.0.0.128"	"SENT: * 8 FETCH (UID 8 RFC822.SIZE 754 FLAGS (\Seen) BODY[HEADER.FIELDS (From To Cc Bcc Subject Date Message-ID Priority X-Priority References Newsgroups In-Reply-To Content-Type Reply-To Received)] {255}"
"IMAPD"	3956	13	"2026-07-16 13:46:00.291"	"10.0.0.128"	"SENT: )"
"IMAPD"	3956	13	"2026-07-16 13:46:00.307"	"10.0.0.128"	"SENT: * 9 FETCH (UID 9 RFC822.SIZE 320 FLAGS (\Seen) BODY[HEADER.FIELDS (From To Cc Bcc Subject Date Message-ID Priority X-Priority References Newsgroups In-Reply-To Content-Type Reply-To Received)] {205}"
"IMAPD"	3956	13	"2026-07-16 13:46:00.307"	"10.0.0.128"	"SENT: )"
"IMAPD"	3956	13	"2026-07-16 13:46:00.339"	"10.0.0.128"	"SENT: * 10 FETCH (UID 10 RFC822.SIZE 704 FLAGS (\Seen) BODY[HEADER.FIELDS (From To Cc Bcc Subject Date Message-ID Priority X-Priority References Newsgroups In-Reply-To Content-Type Reply-To Received)] {205}"
"IMAPD"	3956	13	"2026-07-16 13:46:00.339"	"10.0.0.128"	"SENT: )"
"IMAPD"	3956	13	"2026-07-16 13:46:00.354"	"10.0.0.128"	"SENT: 80 OK UID completed"
"IMAPD"	3944	3	"2026-07-16 13:46:00.502"	"10.0.0.128"	"RECEIVED: 93 STATUS "Junk" (UIDNEXT MESSAGES UNSEEN RECENT)"
"IMAPD"	3944	3	"2026-07-16 13:46:00.518"	"10.0.0.128"	"SENT: * STATUS "Junk" (MESSAGES 0 UNSEEN 0 RECENT 0 UIDNEXT 1)[nl]93 OK Status completed"
"IMAPD"	3944	6	"2026-07-16 13:46:00.992"	"10.0.0.128"	"RECEIVED: 23 STATUS "Junk" (UIDNEXT MESSAGES UNSEEN RECENT)"
"DEBUG"	3944	"2026-07-16 13:46:00.992"	"Reading messages from database."
"IMAPD"	3944	6	"2026-07-16 13:46:00.992"	"10.0.0.128"	"SENT: * STATUS "Junk" (MESSAGES 1 UNSEEN 0 RECENT 1 UIDNEXT 2)[nl]23 OK Status completed"
"DEBUG"	3944	"2026-07-16 13:46:00.992"	"Creating session 15"
"TCPIP"	3944	"2026-07-16 13:46:00.992"	"TCP - 10.0.0.128 connected to 10.0.0.128:143."
"DEBUG"	3944	"2026-07-16 13:46:01.007"	"TCP connection started for session 14"
"IMAPD"	3944	14	"2026-07-16 13:46:01.007"	"10.0.0.128"	"SENT: * OK IMAPrev1"
"IMAPD"	3960	14	"2026-07-16 13:46:01.007"	"10.0.0.128"	"RECEIVED: 26 capability"
"IMAPD"	3960	14	"2026-07-16 13:46:01.007"	"10.0.0.128"	"SENT: * CAPABILITY IMAP4 IMAP4rev1 CHILDREN IDLE QUOTA SORT ACL NAMESPACE RIGHTS=texk[nl]26 OK CAPABILITY completed"
"IMAPD"	3956	14	"2026-07-16 13:46:01.007"	"10.0.0.128"	"RECEIVED: 28 login "b@hi.xyz" ***"
"IMAPD"	3956	14	"2026-07-16 13:46:01.007"	"10.0.0.128"	"SENT: 28 OK LOGIN completed"
"IMAPD"	3944	14	"2026-07-16 13:46:01.007"	"10.0.0.128"	"RECEIVED: 29 capability"
"IMAPD"	3944	14	"2026-07-16 13:46:01.007"	"10.0.0.128"	"SENT: * CAPABILITY IMAP4 IMAP4rev1 CHILDREN IDLE QUOTA SORT ACL NAMESPACE RIGHTS=texk[nl]29 OK CAPABILITY completed"
"IMAPD"	3956	14	"2026-07-16 13:46:01.007"	"10.0.0.128"	"RECEIVED: 30 select "Junk""
"IMAPD"	3956	14	"2026-07-16 13:46:01.023"	"10.0.0.128"	"SENT: * 1 EXISTS[nl]* 1 RECENT[nl]* FLAGS (\Deleted \Seen \Draft \Answered \Flagged)[nl]* OK [UIDVALIDITY 1784115248] current uidvalidity[nl]* OK [UIDNEXT 2] next uid[nl]* OK [PERMANENTFLAGS (\Deleted \Seen \Draft \Answered \Flagged)] limited[nl]30 OK [READ-WRITE] SELECT completed"
"IMAPD"	3956	14	"2026-07-16 13:46:01.026"	"10.0.0.128"	"RECEIVED: 31 myrights "Junk""
"IMAPD"	3956	14	"2026-07-16 13:46:01.026"	"10.0.0.128"	"SENT: * MYRIGHTS "Junk" lrswipkxtea[nl]31 OK Myrights complete"
"IMAPD"	3960	14	"2026-07-16 13:46:01.026"	"10.0.0.128"	"RECEIVED: 32 getacl "Junk""
"IMAPD"	3960	14	"2026-07-16 13:46:01.026"	"10.0.0.128"	"SENT: * ACL "Junk"[nl]32 OK GetAcl complete"
"IMAPD"	3944	14	"2026-07-16 13:46:01.026"	"10.0.0.128"	"RECEIVED: 33 getquotaroot "Junk""
"IMAPD"	3944	14	"2026-07-16 13:46:01.026"	"10.0.0.128"	"SENT: * QUOTAROOT "Junk" ""[nl]* QUOTA "" ()[nl]33 OK GETQUOTAROOT completed"
"IMAPD"	3936	14	"2026-07-16 13:46:01.026"	"10.0.0.128"	"RECEIVED: 34 UID fetch 1:* (FLAGS)"
"IMAPD"	3936	14	"2026-07-16 13:46:01.026"	"10.0.0.128"	"SENT: * 1 FETCH (UID 1 FLAGS (\Seen))"
"IMAPD"	3936	14	"2026-07-16 13:46:01.039"	"10.0.0.128"	"SENT: 34 OK UID completed"
"IMAPD"	3936	12	"2026-07-16 13:46:01.809"	"10.0.0.128"	"RECEIVED: 105 IDLE"
"IMAPD"	3936	12	"2026-07-16 13:46:01.809"	"10.0.0.128"	"SENT: + idling"
"IMAPD"	3936	13	"2026-07-16 13:46:02.376"	"10.0.0.128"	"RECEIVED: 81 IDLE"
"IMAPD"	3936	13	"2026-07-16 13:46:02.376"	"10.0.0.128"	"SENT: + idling"
"IMAPD"	3936	14	"2026-07-16 13:46:03.044"	"10.0.0.128"	"RECEIVED: 35 IDLE"
"IMAPD"	3936	14	"2026-07-16 13:46:03.044"	"10.0.0.128"	"SENT: + idling"
"DEBUG"	3972	"2026-07-16 13:46:07.120"	"Creating session 16"
"TCPIP"	3972	"2026-07-16 13:46:07.120"	"TCP - 10.0.0.128 connected to 10.0.0.128:587."
"DEBUG"	3972	"2026-07-16 13:46:07.131"	"TCP connection started for session 11"
"SMTPD"	3972	11	"2026-07-16 13:46:07.137"	"10.0.0.128"	"SENT: 220 WIN-2F1VNVRVM11 ESMTP"
"SMTPD"	3944	11	"2026-07-16 13:46:07.260"	"10.0.0.128"	"RECEIVED: EHLO [10.0.0.128]"
"SMTPD"	3944	11	"2026-07-16 13:46:07.276"	"10.0.0.128"	"SENT: 250-WIN-2F1VNVRVM11[nl]250-SIZE 20480000[nl]250-AUTH LOGIN[nl]250 HELP"
"SMTPD"	3936	11	"2026-07-16 13:46:07.276"	"10.0.0.128"	"RECEIVED: AUTH LOGIN"
"SMTPD"	3936	11	"2026-07-16 13:46:07.291"	"10.0.0.128"	"SENT: 334 VXNlcm5hbWU6"
"SMTPD"	3972	11	"2026-07-16 13:46:07.291"	"10.0.0.128"	"RECEIVED: YkBoaS54eXo="
"SMTPD"	3972	11	"2026-07-16 13:46:07.291"	"10.0.0.128"	"SENT: 334 UGFzc3dvcmQ6"
"SMTPD"	3944	11	"2026-07-16 13:46:07.291"	"10.0.0.128"	"RECEIVED: ***"
"SMTPD"	3944	11	"2026-07-16 13:46:07.291"	"10.0.0.128"	"SENT: 235 authenticated."
"SMTPD"	3972	11	"2026-07-16 13:46:07.307"	"10.0.0.128"	"RECEIVED: MAIL FROM:<b@hi.xyz> SIZE=696"
"SMTPD"	3972	11	"2026-07-16 13:46:07.307"	"10.0.0.128"	"SENT: 250 OK"
"SMTPD"	3972	11	"2026-07-16 13:46:07.307"	"10.0.0.128"	"RECEIVED: RCPT TO:<a@hi.xyz>"
"SMTPD"	3972	11	"2026-07-16 13:46:07.321"	"10.0.0.128"	"SENT: 250 OK"
"SMTPD"	3972	11	"2026-07-16 13:46:07.323"	"10.0.0.128"	"RECEIVED: DATA"
"SMTPD"	3972	11	"2026-07-16 13:46:07.323"	"10.0.0.128"	"SENT: 354 OK, send."
"DEBUG"	3956	"2026-07-16 13:46:07.345"	"Adding task AsynchronousTask to work queue Asynchronous task queue"
"DEBUG"	3716	"2026-07-16 13:46:07.345"	"Executing task AsynchronousTask in work queue Asynchronous task queue"
"DEBUG"	3716	"2026-07-16 13:46:07.345"	"Executing event OnAcceptMessage"
"DEBUG"	3716	"2026-07-16 13:46:07.468"	"Event completed"
"DEBUG"	3716	"2026-07-16 13:46:07.483"	"Saving message: {E4690174-0357-445D-B3E0-F8D70FE5F4A9}.eml"
"DEBUG"	3716	"2026-07-16 13:46:07.485"	"Requesting SMTPDeliveryManager to start message delivery"
"DEBUG"	3740	"2026-07-16 13:46:07.501"	"Adding task DeliveryTask to work queue SMTP delivery queue"
"SMTPD"	3716	11	"2026-07-16 13:46:07.501"	"10.0.0.128"	"SENT: 250 Queued (0.031 seconds)"
"IMAPD"	3964	12	"2026-07-16 13:46:07.517"	"10.0.0.128"	"RECEIVED: DONE"
"DEBUG"	3784	"2026-07-16 13:46:07.523"	"Executing task DeliveryTask in work queue SMTP delivery queue"
"DEBUG"	3784	"2026-07-16 13:46:07.549"	"Delivering message..."
"APPLICATION"	3784	"2026-07-16 13:46:07.566"	"SMTPDeliverer - Message 39: Delivering message from b@hi.xyz to a@hi.xyz. File: C:\Program Files (x86)\hMailServer\Data\{E4690174-0357-445D-B3E0-F8D70FE5F4A9}.eml"
"DEBUG"	3784	"2026-07-16 13:46:07.566"	"Applying rules"
"IMAPD"	3964	12	"2026-07-16 13:46:07.566"	"10.0.0.128"	"SENT: 105 OK IDLE terminated"
"DEBUG"	3784	"2026-07-16 13:46:07.624"	"Applying rule Phishing Filter"
"DEBUG"	3784	"2026-07-16 13:46:07.630"	"Performing rule action"
"DEBUG"	3784	"2026-07-16 13:46:07.630"	"Performing rule action"
"DEBUG"	3784	"2026-07-16 13:46:07.630"	"Performing local delivery"
"DEBUG"	3784	"2026-07-16 13:46:07.630"	"Applying rules"
"IMAPD"	3964	12	"2026-07-16 13:46:07.679"	"10.0.0.128"	"RECEIVED: 106 append "Sent" (\Seen) {696}"
"IMAPD"	3964	12	"2026-07-16 13:46:07.695"	"10.0.0.128"	"SENT: + Ready for literal data"
"DEBUG"	3784	"2026-07-16 13:46:07.695"	"Saving message: {E4690174-0357-445D-B3E0-F8D70FE5F4A9}.eml"
"DEBUG"	3784	"2026-07-16 13:46:07.710"	"Reading messages from database."
"IMAPD"	3784	8	"2026-07-16 13:46:07.710"	"10.0.0.128"	"SENT: * 5 EXISTS"
"IMAPD"	3956	8	"2026-07-16 13:46:07.710"	"10.0.0.128"	"RECEIVED: DONE"
"IMAPD"	3784	8	"2026-07-16 13:46:07.710"	"10.0.0.128"	"SENT: * 5 RECENT"
"IMAPD"	3956	8	"2026-07-16 13:46:07.710"	"10.0.0.128"	"SENT: 63 OK IDLE terminated"
"DEBUG"	3784	"2026-07-16 13:46:07.710"	"Local delivery completed"
"DEBUG"	3952	"2026-07-16 13:46:07.710"	"Saving message: {4A5B579A-B765-43BC-BBC6-97F495110CD9}.eml"
"IMAPD"	3956	8	"2026-07-16 13:46:07.710"	"10.0.0.128"	"RECEIVED: 64 noop"
"APPLICATION"	3784	"2026-07-16 13:46:07.710"	"SMTPDeliverer - Message 39: Message delivery thread completed."
"IMAPD"	3956	8	"2026-07-16 13:46:07.710"	"10.0.0.128"	"SENT: 64 OK NOOP completed"
"IMAPD"	3972	8	"2026-07-16 13:46:07.725"	"10.0.0.128"	"RECEIVED: 65 getquotaroot "INBOX""
"IMAPD"	3972	8	"2026-07-16 13:46:07.725"	"10.0.0.128"	"SENT: * QUOTAROOT "INBOX" ""[nl]* QUOTA "" ()[nl]65 OK GETQUOTAROOT completed"
"DEBUG"	3952	"2026-07-16 13:46:07.725"	"Reading messages from database."
"IMAPD"	3952	12	"2026-07-16 13:46:07.725"	"10.0.0.128"	"SENT: * 7 EXISTS[nl]* 7 RECENT[nl]106 OK APPEND completed"
"IMAPD"	3972	8	"2026-07-16 13:46:07.725"	"10.0.0.128"	"RECEIVED: 66 UID fetch 7:* (FLAGS)"
"IMAPD"	3972	8	"2026-07-16 13:46:07.725"	"10.0.0.128"	"SENT: * 5 FETCH (UID 7 FLAGS ())"
"IMAPD"	3972	8	"2026-07-16 13:46:07.741"	"10.0.0.128"	"SENT: 66 OK UID completed"
"IMAPD"	3972	8	"2026-07-16 13:46:07.741"	"10.0.0.128"	"RECEIVED: 67 UID fetch 7 (UID RFC822.SIZE FLAGS BODY.PEEK[HEADER.FIELDS (From To Cc Bcc Subject Date Message-ID Priority X-Priority References Newsgroups In-Reply-To Content-Type Reply-To Received)])"
"IMAPD"	3972	8	"2026-07-16 13:46:07.767"	"10.0.0.128"	"SENT: * 5 FETCH (UID 7 RFC822.SIZE 858 FLAGS () BODY[HEADER.FIELDS (From To Cc Bcc Subject Date Message-ID Priority X-Priority References Newsgroups In-Reply-To Content-Type Reply-To Received)] {334}"
"IMAPD"	3972	8	"2026-07-16 13:46:07.767"	"10.0.0.128"	"SENT: )"
"IMAPD"	3972	8	"2026-07-16 13:46:07.767"	"10.0.0.128"	"SENT: 67 OK UID completed"
"IMAPD"	3972	8	"2026-07-16 13:46:07.790"	"10.0.0.128"	"RECEIVED: 68 UID fetch 7 (UID RFC822.SIZE BODY.PEEK[])"
"IMAPD"	3972	8	"2026-07-16 13:46:07.790"	"10.0.0.128"	"SENT: * 5 FETCH (UID 7 RFC822.SIZE 858 BODY[] {881}"
"IMAPD"	3972	8	"2026-07-16 13:46:07.790"	"10.0.0.128"	"SENT: )"
"IMAPD"	3972	8	"2026-07-16 13:46:07.806"	"10.0.0.128"	"SENT: 68 OK UID completed"
"IMAPD"	3952	8	"2026-07-16 13:46:07.806"	"10.0.0.128"	"RECEIVED: 69 UID fetch 7 (UID BODY.PEEK[HEADER.FIELDS (Content-Type Content-Transfer-Encoding)] BODY.PEEK[TEXT]<0.2048>)"
"IMAPD"	3952	8	"2026-07-16 13:46:07.806"	"10.0.0.128"	"SENT: * 5 FETCH (UID 7 BODY[HEADER.FIELDS (Content-Type Content-Transfer-Encoding)] {91}"
"IMAPD"	3952	8	"2026-07-16 13:46:07.825"	"10.0.0.128"	"SENT:  BODY[TEXT]<0> {380}"
"IMAPD"	3952	8	"2026-07-16 13:46:07.825"	"10.0.0.128"	"SENT: )"
"IMAPD"	3952	8	"2026-07-16 13:46:07.825"	"10.0.0.128"	"SENT: 69 OK UID completed"
"IMAPD"	3964	12	"2026-07-16 13:46:09.753"	"10.0.0.128"	"RECEIVED: 107 IDLE"
"IMAPD"	3964	12	"2026-07-16 13:46:09.753"	"10.0.0.128"	"SENT: + idling"
"IMAPD"	3968	8	"2026-07-16 13:46:09.849"	"10.0.0.128"	"RECEIVED: 70 IDLE"
"IMAPD"	3968	8	"2026-07-16 13:46:09.849"	"10.0.0.128"	"SENT: + idling"
"SMTPD"	3964	11	"2026-07-16 13:46:12.568"	"10.0.0.128"	"RECEIVED: QUIT"
"SMTPD"	3964	11	"2026-07-16 13:46:12.568"	"10.0.0.128"	"SENT: 221 goodbye"
"DEBUG"	3968	"2026-07-16 13:46:12.574"	"Ending session 11"
"DEBUG"	3972	"2026-07-16 13:46:24.981"	"Creating session 17"
"TCPIP"	3972	"2026-07-16 13:46:24.996"	"TCP - 10.0.0.128 connected to 10.0.0.128:587."
"DEBUG"	3972	"2026-07-16 13:46:24.996"	"TCP connection started for session 16"
"SMTPD"	3972	16	"2026-07-16 13:46:24.996"	"10.0.0.128"	"SENT: 220 WIN-2F1VNVRVM11 ESMTP"
"SMTPD"	3944	16	"2026-07-16 13:46:25.060"	"10.0.0.128"	"RECEIVED: EHLO [10.0.0.128]"
"SMTPD"	3944	16	"2026-07-16 13:46:25.060"	"10.0.0.128"	"SENT: 250-WIN-2F1VNVRVM11[nl]250-SIZE 20480000[nl]250-AUTH LOGIN[nl]250 HELP"
"SMTPD"	3968	16	"2026-07-16 13:46:25.130"	"10.0.0.128"	"RECEIVED: AUTH LOGIN"
"SMTPD"	3968	16	"2026-07-16 13:46:25.130"	"10.0.0.128"	"SENT: 334 VXNlcm5hbWU6"
"SMTPD"	3968	16	"2026-07-16 13:46:25.130"	"10.0.0.128"	"RECEIVED: YkBoaS54eXo="
"SMTPD"	3968	16	"2026-07-16 13:46:25.130"	"10.0.0.128"	"SENT: 334 UGFzc3dvcmQ6"
"SMTPD"	3968	16	"2026-07-16 13:46:25.145"	"10.0.0.128"	"RECEIVED: ***"
"SMTPD"	3968	16	"2026-07-16 13:46:25.145"	"10.0.0.128"	"SENT: 235 authenticated."
"SMTPD"	3972	16	"2026-07-16 13:46:25.145"	"10.0.0.128"	"RECEIVED: MAIL FROM:<b@hi.xyz> SIZE=324"
"SMTPD"	3972	16	"2026-07-16 13:46:25.163"	"10.0.0.128"	"SENT: 250 OK"
"SMTPD"	3944	16	"2026-07-16 13:46:25.163"	"10.0.0.128"	"RECEIVED: RCPT TO:<a@hi.xyz>"
"SMTPD"	3944	16	"2026-07-16 13:46:25.163"	"10.0.0.128"	"SENT: 250 OK"
"SMTPD"	3968	16	"2026-07-16 13:46:25.177"	"10.0.0.128"	"RECEIVED: DATA"
"SMTPD"	3968	16	"2026-07-16 13:46:25.177"	"10.0.0.128"	"SENT: 354 OK, send."
"DEBUG"	3944	"2026-07-16 13:46:25.183"	"Adding task AsynchronousTask to work queue Asynchronous task queue"
"DEBUG"	3716	"2026-07-16 13:46:25.199"	"Executing task AsynchronousTask in work queue Asynchronous task queue"
"DEBUG"	3716	"2026-07-16 13:46:25.199"	"Executing event OnAcceptMessage"
"DEBUG"	3716	"2026-07-16 13:46:25.343"	"Event completed"
"DEBUG"	3716	"2026-07-16 13:46:25.361"	"Saving message: {450ACAD0-857C-476A-9EED-692E6BAAB81D}.eml"
"DEBUG"	3716	"2026-07-16 13:46:25.375"	"Requesting SMTPDeliveryManager to start message delivery"
"SMTPD"	3716	16	"2026-07-16 13:46:25.375"	"10.0.0.128"	"SENT: 250 Queued (0.016 seconds)"
"IMAPD"	3964	12	"2026-07-16 13:46:25.448"	"10.0.0.128"	"RECEIVED: DONE"
"IMAPD"	3964	12	"2026-07-16 13:46:25.448"	"10.0.0.128"	"SENT: 107 OK IDLE terminated"
"DEBUG"	3740	"2026-07-16 13:46:25.471"	"Adding task DeliveryTask to work queue SMTP delivery queue"
"DEBUG"	3784	"2026-07-16 13:46:25.485"	"Executing task DeliveryTask in work queue SMTP delivery queue"
"DEBUG"	3784	"2026-07-16 13:46:25.496"	"Delivering message..."
"APPLICATION"	3784	"2026-07-16 13:46:25.496"	"SMTPDeliverer - Message 41: Delivering message from b@hi.xyz to a@hi.xyz. File: C:\Program Files (x86)\hMailServer\Data\{450ACAD0-857C-476A-9EED-692E6BAAB81D}.eml"
"DEBUG"	3784	"2026-07-16 13:46:25.496"	"Applying rules"
"DEBUG"	3784	"2026-07-16 13:46:25.531"	"Applying rule Phishing Filter"
"DEBUG"	3784	"2026-07-16 13:46:25.531"	"Performing local delivery"
"DEBUG"	3784	"2026-07-16 13:46:25.544"	"Applying rules"
"IMAPD"	3952	12	"2026-07-16 13:46:25.544"	"10.0.0.128"	"RECEIVED: 108 append "Sent" (\Seen) {324}"
"IMAPD"	3952	12	"2026-07-16 13:46:25.559"	"10.0.0.128"	"SENT: + Ready for literal data"
"DEBUG"	3784	"2026-07-16 13:46:25.572"	"Saving message: {450ACAD0-857C-476A-9EED-692E6BAAB81D}.eml"
"DEBUG"	3952	"2026-07-16 13:46:25.575"	"Saving message: {FCEAF8EE-95E0-4563-BA00-8773D51F3249}.eml"
"DEBUG"	3784	"2026-07-16 13:46:25.585"	"Reading messages from database."
"IMAPD"	3784	8	"2026-07-16 13:46:25.585"	"10.0.0.128"	"SENT: * 6 EXISTS"
"IMAPD"	3784	8	"2026-07-16 13:46:25.585"	"10.0.0.128"	"SENT: * 6 RECENT"
"IMAPD"	3944	8	"2026-07-16 13:46:25.592"	"10.0.0.128"	"RECEIVED: DONE"
"IMAPD"	3944	8	"2026-07-16 13:46:25.592"	"10.0.0.128"	"SENT: 70 OK IDLE terminated"
"DEBUG"	3784	"2026-07-16 13:46:25.592"	"Local delivery completed"
"IMAPD"	3964	8	"2026-07-16 13:46:25.592"	"10.0.0.128"	"RECEIVED: 71 noop"
"APPLICATION"	3784	"2026-07-16 13:46:25.592"	"SMTPDeliverer - Message 41: Message delivery thread completed."
"IMAPD"	3964	8	"2026-07-16 13:46:25.592"	"10.0.0.128"	"SENT: 71 OK NOOP completed"
"IMAPD"	3964	8	"2026-07-16 13:46:25.592"	"10.0.0.128"	"RECEIVED: 72 getquotaroot "INBOX""
"IMAPD"	3964	8	"2026-07-16 13:46:25.592"	"10.0.0.128"	"SENT: * QUOTAROOT "INBOX" ""[nl]* QUOTA "" ()[nl]72 OK GETQUOTAROOT completed"
"IMAPD"	3964	8	"2026-07-16 13:46:25.592"	"10.0.0.128"	"RECEIVED: 73 UID fetch 8:* (FLAGS)"
"IMAPD"	3964	8	"2026-07-16 13:46:25.592"	"10.0.0.128"	"SENT: * 6 FETCH (UID 8 FLAGS ())"
"IMAPD"	3964	8	"2026-07-16 13:46:25.608"	"10.0.0.128"	"SENT: 73 OK UID completed"
"IMAPD"	3944	8	"2026-07-16 13:46:25.608"	"10.0.0.128"	"RECEIVED: 74 UID fetch 8 (UID RFC822.SIZE FLAGS BODY.PEEK[HEADER.FIELDS (From To Cc Bcc Subject Date Message-ID Priority X-Priority References Newsgroups In-Reply-To Content-Type Reply-To Received)])"
"DEBUG"	3952	"2026-07-16 13:46:25.608"	"Reading messages from database."
"IMAPD"	3952	12	"2026-07-16 13:46:25.608"	"10.0.0.128"	"SENT: * 8 EXISTS[nl]* 8 RECENT[nl]108 OK APPEND completed"
"IMAPD"	3944	8	"2026-07-16 13:46:25.639"	"10.0.0.128"	"SENT: * 6 FETCH (UID 8 RFC822.SIZE 453 FLAGS () BODY[HEADER.FIELDS (From To Cc Bcc Subject Date Message-ID Priority X-Priority References Newsgroups In-Reply-To Content-Type Reply-To Received)] {331}"
"IMAPD"	3944	8	"2026-07-16 13:46:25.639"	"10.0.0.128"	"SENT: )"
"IMAPD"	3944	8	"2026-07-16 13:46:25.639"	"10.0.0.128"	"SENT: 74 OK UID completed"
"IMAPD"	3972	8	"2026-07-16 13:46:25.704"	"10.0.0.128"	"RECEIVED: 75 UID fetch 8 (UID RFC822.SIZE BODY.PEEK[])"
"IMAPD"	3972	8	"2026-07-16 13:46:25.704"	"10.0.0.128"	"SENT: * 6 FETCH (UID 8 RFC822.SIZE 453 BODY[] {476}"
"IMAPD"	3972	8	"2026-07-16 13:46:25.704"	"10.0.0.128"	"SENT: )"
"IMAPD"	3972	8	"2026-07-16 13:46:25.704"	"10.0.0.128"	"SENT: 75 OK UID completed"
"IMAPD"	3944	8	"2026-07-16 13:46:25.719"	"10.0.0.128"	"RECEIVED: 76 UID fetch 8 (UID BODY.PEEK[HEADER.FIELDS (Content-Type Content-Transfer-Encoding)] BODY.PEEK[TEXT]<0.2048>)"
"IMAPD"	3944	8	"2026-07-16 13:46:25.719"	"10.0.0.128"	"SENT: * 6 FETCH (UID 8 BODY[HEADER.FIELDS (Content-Type Content-Transfer-Encoding)] {91}"
"IMAPD"	3944	8	"2026-07-16 13:46:25.719"	"10.0.0.128"	"SENT:  BODY[TEXT]<0> {11}"
"IMAPD"	3944	8	"2026-07-16 13:46:25.719"	"10.0.0.128"	"SENT: )"
"IMAPD"	3944	8	"2026-07-16 13:46:25.719"	"10.0.0.128"	"SENT: 76 OK UID completed"
"IMAPD"	3948	12	"2026-07-16 13:46:27.630"	"10.0.0.128"	"RECEIVED: 109 IDLE"
"IMAPD"	3948	12	"2026-07-16 13:46:27.630"	"10.0.0.128"	"SENT: + idling"
"IMAPD"	3948	8	"2026-07-16 13:46:27.744"	"10.0.0.128"	"RECEIVED: 77 IDLE"
"IMAPD"	3948	8	"2026-07-16 13:46:27.744"	"10.0.0.128"	"SENT: + idling"
"SMTPD"	3948	16	"2026-07-16 13:46:30.819"	"10.0.0.128"	"RECEIVED: QUIT"
"SMTPD"	3948	16	"2026-07-16 13:46:30.819"	"10.0.0.128"	"SENT: 221 goodbye"
"DEBUG"	3964	"2026-07-16 13:46:30.819"	"Ending session 16"
"IMAPD"	3968	8	"2026-07-16 13:53:19.880"	"10.0.0.128"	"RECEIVED: DONE"
"IMAPD"	3968	8	"2026-07-16 13:53:19.880"	"10.0.0.128"	"SENT: 77 OK IDLE terminated"
"IMAPD"	3968	7	"2026-07-16 13:53:19.880"	"10.0.0.128"	"RECEIVED: DONE"
"IMAPD"	3968	7	"2026-07-16 13:53:19.880"	"10.0.0.128"	"SENT: 40 OK IDLE terminated"
"IMAPD"	3948	8	"2026-07-16 13:53:19.880"	"10.0.0.128"	"RECEIVED: 78 check"
"IMAPD"	3948	8	"2026-07-16 13:53:19.880"	"10.0.0.128"	"SENT: 78 OK CHECK completed"
"IMAPD"	3964	8	"2026-07-16 13:53:19.880"	"10.0.0.128"	"RECEIVED: 79 getquotaroot "INBOX""
"IMAPD"	3944	7	"2026-07-16 13:53:19.880"	"10.0.0.128"	"RECEIVED: 41 noop"
"IMAPD"	3944	7	"2026-07-16 13:53:19.880"	"10.0.0.128"	"SENT: 41 OK NOOP completed"
"IMAPD"	3964	8	"2026-07-16 13:53:19.896"	"10.0.0.128"	"SENT: * QUOTAROOT "INBOX" ""[nl]* QUOTA "" ()[nl]79 OK GETQUOTAROOT completed"
"IMAPD"	3972	7	"2026-07-16 13:53:19.896"	"10.0.0.128"	"RECEIVED: 42 getquotaroot "INBOX""
"IMAPD"	3964	8	"2026-07-16 13:53:19.896"	"10.0.0.128"	"RECEIVED: 80 UID fetch 9:* (FLAGS)"
"IMAPD"	3964	8	"2026-07-16 13:53:19.896"	"10.0.0.128"	"SENT: 80 OK UID completed"
"IMAPD"	3972	7	"2026-07-16 13:53:19.896"	"10.0.0.128"	"SENT: * QUOTAROOT "INBOX" ""[nl]* QUOTA "" ()[nl]42 OK GETQUOTAROOT completed"
"IMAPD"	3956	7	"2026-07-16 13:53:19.905"	"10.0.0.128"	"RECEIVED: 43 UID fetch 11:* (FLAGS)"
"IMAPD"	3956	7	"2026-07-16 13:53:19.905"	"10.0.0.128"	"SENT: 43 OK UID completed"
"IMAPD"	3936	8	"2026-07-16 13:53:21.907"	"10.0.0.128"	"RECEIVED: 81 IDLE"
"IMAPD"	3936	8	"2026-07-16 13:53:21.907"	"10.0.0.128"	"SENT: + idling"
"IMAPD"	3952	7	"2026-07-16 13:53:21.913"	"10.0.0.128"	"RECEIVED: 44 IDLE"
"IMAPD"	3952	7	"2026-07-16 13:53:21.914"	"10.0.0.128"	"SENT: + idling"
"DEBUG"	3972	"2026-07-16 13:54:20.847"	"Creating session 18"
"TCPIP"	3972	"2026-07-16 13:54:20.847"	"TCP - 10.0.0.128 connected to 10.0.0.128:587."
"DEBUG"	3972	"2026-07-16 13:54:20.847"	"TCP connection started for session 17"
"SMTPD"	3972	17	"2026-07-16 13:54:20.854"	"10.0.0.128"	"SENT: 220 WIN-2F1VNVRVM11 ESMTP"
"SMTPD"	3972	17	"2026-07-16 13:54:20.854"	"10.0.0.128"	"RECEIVED: EHLO [10.0.0.128]"
"SMTPD"	3972	17	"2026-07-16 13:54:20.854"	"10.0.0.128"	"SENT: 250-WIN-2F1VNVRVM11[nl]250-SIZE 20480000[nl]250-AUTH LOGIN[nl]250 HELP"
"SMTPD"	3936	17	"2026-07-16 13:54:20.870"	"10.0.0.128"	"RECEIVED: AUTH LOGIN"
"SMTPD"	3936	17	"2026-07-16 13:54:20.870"	"10.0.0.128"	"SENT: 334 VXNlcm5hbWU6"
"SMTPD"	3960	17	"2026-07-16 13:54:21.015"	"10.0.0.128"	"RECEIVED: YkBoaS54eXo="
"SMTPD"	3960	17	"2026-07-16 13:54:21.015"	"10.0.0.128"	"SENT: 334 UGFzc3dvcmQ6"
"SMTPD"	3960	17	"2026-07-16 13:54:21.031"	"10.0.0.128"	"RECEIVED: ***"
"SMTPD"	3960	17	"2026-07-16 13:54:21.049"	"10.0.0.128"	"SENT: 235 authenticated."
"SMTPD"	3944	17	"2026-07-16 13:54:21.049"	"10.0.0.128"	"RECEIVED: MAIL FROM:<b@hi.xyz> SIZE=329"
"SMTPD"	3944	17	"2026-07-16 13:54:21.070"	"10.0.0.128"	"SENT: 250 OK"
"SMTPD"	3944	17	"2026-07-16 13:54:21.079"	"10.0.0.128"	"RECEIVED: RCPT TO:<a@hi.xyz>"
"SMTPD"	3944	17	"2026-07-16 13:54:21.079"	"10.0.0.128"	"SENT: 250 OK"
"SMTPD"	3956	17	"2026-07-16 13:54:21.079"	"10.0.0.128"	"RECEIVED: DATA"
"SMTPD"	3956	17	"2026-07-16 13:54:21.079"	"10.0.0.128"	"SENT: 354 OK, send."
"DEBUG"	3952	"2026-07-16 13:54:21.111"	"Adding task AsynchronousTask to work queue Asynchronous task queue"
"DEBUG"	3716	"2026-07-16 13:54:21.111"	"Executing task AsynchronousTask in work queue Asynchronous task queue"
"DEBUG"	3716	"2026-07-16 13:54:21.128"	"Executing event OnAcceptMessage"
"DEBUG"	3716	"2026-07-16 13:54:21.207"	"Event completed"
"DEBUG"	3716	"2026-07-16 13:54:21.207"	"Saving message: {889CE907-F6BD-4D80-99C1-E7842DD68D45}.eml"
"DEBUG"	3716	"2026-07-16 13:54:21.223"	"Requesting SMTPDeliveryManager to start message delivery"
"SMTPD"	3716	17	"2026-07-16 13:54:21.223"	"10.0.0.128"	"SENT: 250 Queued (0.047 seconds)"
"DEBUG"	3740	"2026-07-16 13:54:21.230"	"Adding task DeliveryTask to work queue SMTP delivery queue"
"IMAPD"	3952	12	"2026-07-16 13:54:21.230"	"10.0.0.128"	"RECEIVED: DONE"
"IMAPD"	3952	12	"2026-07-16 13:54:21.230"	"10.0.0.128"	"SENT: 109 OK IDLE terminated"
"DEBUG"	3784	"2026-07-16 13:54:21.272"	"Executing task DeliveryTask in work queue SMTP delivery queue"
"DEBUG"	3784	"2026-07-16 13:54:21.272"	"Delivering message..."
"APPLICATION"	3784	"2026-07-16 13:54:21.272"	"SMTPDeliverer - Message 43: Delivering message from b@hi.xyz to a@hi.xyz. File: C:\Program Files (x86)\hMailServer\Data\{889CE907-F6BD-4D80-99C1-E7842DD68D45}.eml"
"DEBUG"	3784	"2026-07-16 13:54:21.272"	"Applying rules"
"DEBUG"	3784	"2026-07-16 13:54:21.352"	"Applying rule Phishing Filter"
"DEBUG"	3784	"2026-07-16 13:54:21.352"	"Performing local delivery"
"DEBUG"	3784	"2026-07-16 13:54:21.365"	"Applying rules"
"DEBUG"	3784	"2026-07-16 13:54:21.382"	"Saving message: {889CE907-F6BD-4D80-99C1-E7842DD68D45}.eml"
"IMAPD"	3968	12	"2026-07-16 13:54:21.382"	"10.0.0.128"	"RECEIVED: 110 append "Sent" (\Seen) {329}"
"IMAPD"	3968	12	"2026-07-16 13:54:21.382"	"10.0.0.128"	"SENT: + Ready for literal data"
"DEBUG"	3784	"2026-07-16 13:54:21.414"	"Reading messages from database."
"IMAPD"	3784	8	"2026-07-16 13:54:21.414"	"10.0.0.128"	"SENT: * 7 EXISTS"
"IMAPD"	3784	8	"2026-07-16 13:54:21.414"	"10.0.0.128"	"SENT: * 7 RECENT"
"DEBUG"	3784	"2026-07-16 13:54:21.414"	"Local delivery completed"
"APPLICATION"	3784	"2026-07-16 13:54:21.429"	"SMTPDeliverer - Message 43: Message delivery thread completed."
"DEBUG"	3972	"2026-07-16 13:54:21.429"	"Saving message: {FB45AD30-DC03-4095-9976-21A8174CE63B}.eml"
"IMAPD"	3956	8	"2026-07-16 13:54:21.429"	"10.0.0.128"	"RECEIVED: DONE"
"IMAPD"	3956	8	"2026-07-16 13:54:21.429"	"10.0.0.128"	"SENT: 81 OK IDLE terminated"
"DEBUG"	3972	"2026-07-16 13:54:21.445"	"Reading messages from database."
"IMAPD"	3972	12	"2026-07-16 13:54:21.445"	"10.0.0.128"	"SENT: * 9 EXISTS[nl]* 9 RECENT[nl]110 OK APPEND completed"
"IMAPD"	3944	8	"2026-07-16 13:54:21.486"	"10.0.0.128"	"RECEIVED: 82 noop"
"IMAPD"	3944	8	"2026-07-16 13:54:21.486"	"10.0.0.128"	"SENT: 82 OK NOOP completed"
"IMAPD"	3944	8	"2026-07-16 13:54:21.486"	"10.0.0.128"	"RECEIVED: 83 getquotaroot "INBOX""
"IMAPD"	3944	8	"2026-07-16 13:54:21.486"	"10.0.0.128"	"SENT: * QUOTAROOT "INBOX" ""[nl]* QUOTA "" ()[nl]83 OK GETQUOTAROOT completed"
"IMAPD"	3952	8	"2026-07-16 13:54:21.486"	"10.0.0.128"	"RECEIVED: 84 UID fetch 9:* (FLAGS)"
"IMAPD"	3952	8	"2026-07-16 13:54:21.498"	"10.0.0.128"	"SENT: * 7 FETCH (UID 9 FLAGS ())"
"IMAPD"	3952	8	"2026-07-16 13:54:21.498"	"10.0.0.128"	"SENT: 84 OK UID completed"
"IMAPD"	3948	8	"2026-07-16 13:54:21.498"	"10.0.0.128"	"RECEIVED: 85 UID fetch 9 (UID RFC822.SIZE FLAGS BODY.PEEK[HEADER.FIELDS (From To Cc Bcc Subject Date Message-ID Priority X-Priority References Newsgroups In-Reply-To Content-Type Reply-To Received)])"
"IMAPD"	3948	8	"2026-07-16 13:54:21.515"	"10.0.0.128"	"SENT: * 7 FETCH (UID 9 RFC822.SIZE 458 FLAGS () BODY[HEADER.FIELDS (From To Cc Bcc Subject Date Message-ID Priority X-Priority References Newsgroups In-Reply-To Content-Type Reply-To Received)] {334}"
"IMAPD"	3948	8	"2026-07-16 13:54:21.515"	"10.0.0.128"	"SENT: )"
"IMAPD"	3948	8	"2026-07-16 13:54:21.515"	"10.0.0.128"	"SENT: 85 OK UID completed"
"IMAPD"	3968	8	"2026-07-16 13:54:21.553"	"10.0.0.128"	"RECEIVED: 86 UID fetch 9 (UID RFC822.SIZE BODY.PEEK[])"
"IMAPD"	3968	8	"2026-07-16 13:54:21.553"	"10.0.0.128"	"SENT: * 7 FETCH (UID 9 RFC822.SIZE 458 BODY[] {481}"
"IMAPD"	3968	8	"2026-07-16 13:54:21.553"	"10.0.0.128"	"SENT: )"
"IMAPD"	3968	8	"2026-07-16 13:54:21.553"	"10.0.0.128"	"SENT: 86 OK UID completed"
"IMAPD"	3952	8	"2026-07-16 13:54:21.563"	"10.0.0.128"	"RECEIVED: 87 UID fetch 9 (UID BODY.PEEK[HEADER.FIELDS (Content-Type Content-Transfer-Encoding)] BODY.PEEK[TEXT]<0.2048>)"
"IMAPD"	3952	8	"2026-07-16 13:54:21.563"	"10.0.0.128"	"SENT: * 7 FETCH (UID 9 BODY[HEADER.FIELDS (Content-Type Content-Transfer-Encoding)] {91}"
"IMAPD"	3952	8	"2026-07-16 13:54:21.563"	"10.0.0.128"	"SENT:  BODY[TEXT]<0> {13}"
"IMAPD"	3952	8	"2026-07-16 13:54:21.563"	"10.0.0.128"	"SENT: )"
"IMAPD"	3952	8	"2026-07-16 13:54:21.563"	"10.0.0.128"	"SENT: 87 OK UID completed"
"IMAPD"	3960	12	"2026-07-16 13:54:23.495"	"10.0.0.128"	"RECEIVED: 111 IDLE"
"IMAPD"	3960	12	"2026-07-16 13:54:23.495"	"10.0.0.128"	"SENT: + idling"
"IMAPD"	3936	8	"2026-07-16 13:54:23.590"	"10.0.0.128"	"RECEIVED: 88 IDLE"
"IMAPD"	3936	8	"2026-07-16 13:54:23.590"	"10.0.0.128"	"SENT: + idling"
"SMTPD"	3972	17	"2026-07-16 13:54:26.602"	"10.0.0.128"	"RECEIVED: QUIT"
"SMTPD"	3972	17	"2026-07-16 13:54:26.602"	"10.0.0.128"	"SENT: 221 goodbye"
"DEBUG"	3944	"2026-07-16 13:54:26.602"	"Ending session 17"
"DEBUG"	2396	"2026-07-16 13:55:26.782"	"Received stop-request from Windows."
"APPLICATION"	2396	"2026-07-16 13:55:26.782"	"Stopping servers..."
"DEBUG"	2396	"2026-07-16 13:55:26.782"	"Application::StopServers() - Removing server work queue"
"DEBUG"	2396	"2026-07-16 13:55:26.782"	"WorkQueueManager::RemoveQueue - Server queue"
"DEBUG"	2396	"2026-07-16 13:55:26.782"	"Stopping working queue Server queue."
"DEBUG"	2396	"2026-07-16 13:55:26.782"	"Interupt and join threads in working queue Server queue"
"DEBUG"	3736	"2026-07-16 13:55:26.782"	"IOService::Stop()"
"DEBUG"	3936	"2026-07-16 13:55:26.782"	"TCP - AcceptEx failed. Error code: 995, Message: 스레드 종료 또는 응용 프로그램 요청 때문에 I/O 작업이 취소되었습니다"
"DEBUG"	3936	"2026-07-16 13:55:26.782"	"Ending session 2"
"DEBUG"	3972	"2026-07-16 13:55:26.782"	"TCP - AcceptEx failed. Error code: 995, Message: 스레드 종료 또는 응용 프로그램 요청 때문에 I/O 작업이 취소되었습니다"
"DEBUG"	3972	"2026-07-16 13:55:26.782"	"Ending session 15"
"DEBUG"	3944	"2026-07-16 13:55:26.782"	"TCP - AcceptEx failed. Error code: 995, Message: 스레드 종료 또는 응용 프로그램 요청 때문에 I/O 작업이 취소되었습니다"
"DEBUG"	3736	"2026-07-16 13:55:26.782"	"IOService::DoWork() - removing Queue IOCP Queue"
"DEBUG"	3740	"2026-07-16 13:55:26.782"	"Worker exited in work queue Server queue"
"DEBUG"	3732	"2026-07-16 13:55:26.782"	"Worker exited in work queue Server queue"
"DEBUG"	3968	"2026-07-16 13:55:26.782"	"TCP - AcceptEx failed. Error code: 995, Message: 스레드 종료 또는 응용 프로그램 요청 때문에 I/O 작업이 취소되었습니다"
"DEBUG"	3968	"2026-07-16 13:55:26.798"	"Ending session 18"
"DEBUG"	3944	"2026-07-16 13:55:26.798"	"Ending session 1"
"DEBUG"	3736	"2026-07-16 13:55:26.798"	"WorkQueueManager::RemoveQueue - IOCPQueue"
"DEBUG"	3744	"2026-07-16 13:55:26.782"	"Worker exited in work queue Server queue"
"DEBUG"	3736	"2026-07-16 13:55:26.798"	"Stopping working queue IOCPQueue."
"DEBUG"	3736	"2026-07-16 13:55:26.798"	"Interupt and join threads in working queue IOCPQueue"
"DEBUG"	3932	"2026-07-16 13:55:26.798"	"Worker exited in work queue IOCPQueue"
"DEBUG"	3944	"2026-07-16 13:55:26.798"	"Worker exited in work queue IOCPQueue"
"DEBUG"	3968	"2026-07-16 13:55:26.798"	"Worker exited in work queue IOCPQueue"
"DEBUG"	3928	"2026-07-16 13:55:26.798"	"Worker exited in work queue IOCPQueue"
"DEBUG"	3940	"2026-07-16 13:55:26.798"	"Worker exited in work queue IOCPQueue"
"DEBUG"	3920	"2026-07-16 13:55:26.798"	"Worker exited in work queue IOCPQueue"
"DEBUG"	3960	"2026-07-16 13:55:26.814"	"Worker exited in work queue IOCPQueue"
"DEBUG"	2396	"2026-07-16 13:55:26.814"	"Still 1 remaining threads in queue Server queue. First task: IOService"
"DEBUG"	3924	"2026-07-16 13:55:26.814"	"Worker exited in work queue IOCPQueue"
"DEBUG"	3964	"2026-07-16 13:55:26.814"	"Worker exited in work queue IOCPQueue"
"DEBUG"	3956	"2026-07-16 13:55:26.814"	"Worker exited in work queue IOCPQueue"
"DEBUG"	3948	"2026-07-16 13:55:26.814"	"Worker exited in work queue IOCPQueue"
"DEBUG"	3952	"2026-07-16 13:55:26.814"	"Worker exited in work queue IOCPQueue"
"DEBUG"	3936	"2026-07-16 13:55:26.814"	"Worker exited in work queue IOCPQueue"
"DEBUG"	3916	"2026-07-16 13:55:26.814"	"Worker exited in work queue IOCPQueue"
"DEBUG"	3972	"2026-07-16 13:55:26.814"	"Worker exited in work queue IOCPQueue"
"DEBUG"	3736	"2026-07-16 13:55:26.814"	"Still 1 remaining threads in queue IOCPQueue. First task: <Unknown>"
"DEBUG"	2396	"2026-07-16 13:55:27.084"	"Still 1 remaining threads in queue Server queue. First task: IOService"
"DEBUG"	3736	"2026-07-16 13:55:27.084"	"All threads are joined in queue IOCPQueue."
"DEBUG"	3736	"2026-07-16 13:55:27.084"	"WorkQueueManager::RemoveQueue - Stopped IOCPQueue"
"DEBUG"	3736	"2026-07-16 13:55:27.084"	"WorkQueueManager::RemoveQueue - Erased IOCPQueue"
"DEBUG"	3736	"2026-07-16 13:55:27.084"	"IOService::Stop() - Complete"
"DEBUG"	3736	"2026-07-16 13:55:27.084"	"Destructing work queue IOCPQueue"
"DEBUG"	3736	"2026-07-16 13:55:27.341"	"Worker exited in work queue Server queue"
"DEBUG"	2396	"2026-07-16 13:55:27.341"	"All threads are joined in queue Server queue."
"DEBUG"	2396	"2026-07-16 13:55:27.341"	"WorkQueueManager::RemoveQueue - Stopped Server queue"
"DEBUG"	2396	"2026-07-16 13:55:27.341"	"WorkQueueManager::RemoveQueue - Erased Server queue"
"DEBUG"	2396	"2026-07-16 13:55:27.341"	"Destructing work queue Server queue"
"DEBUG"	2396	"2026-07-16 13:55:27.341"	"Application::StopServers() - Clearing caches"
"DEBUG"	2396	"2026-07-16 13:55:27.341"	"Application::StopServers() - Destructing IOCP"
"DEBUG"	2396	"2026-07-16 13:55:27.341"	"IOService::~IOService - Destructing"
"DEBUG"	2396	"2026-07-16 13:55:27.341"	"TCPServer::~TCPServer"
"DEBUG"	2396	"2026-07-16 13:55:27.341"	"TCPServer::~TCPServer"
"DEBUG"	2396	"2026-07-16 13:55:27.341"	"TCPServer::~TCPServer"
"DEBUG"	2396	"2026-07-16 13:55:27.341"	"TCPServer::~TCPServer"
"DEBUG"	2396	"2026-07-16 13:55:27.341"	"Ending session 14"
"DEBUG"	2396	"2026-07-16 13:55:27.341"	"Ending session 13"
"DEBUG"	2396	"2026-07-16 13:55:27.341"	"Ending session 12"
"DEBUG"	2396	"2026-07-16 13:55:27.341"	"Ending session 8"
"DEBUG"	2396	"2026-07-16 13:55:27.341"	"Ending session 7"
"DEBUG"	2396	"2026-07-16 13:55:27.341"	"Ending session 6"
"DEBUG"	2396	"2026-07-16 13:55:27.341"	"Ending session 3"
"DEBUG"	2396	"2026-07-16 13:55:27.356"	"Application::StopServers() - Destructing DeliveryManager"
"DEBUG"	2396	"2026-07-16 13:55:27.356"	"WorkQueueManager::RemoveQueue - SMTP delivery queue"
"DEBUG"	2396	"2026-07-16 13:55:27.356"	"Stopping working queue SMTP delivery queue."
"DEBUG"	2396	"2026-07-16 13:55:27.356"	"Interupt and join threads in working queue SMTP delivery queue"
"DEBUG"	3784	"2026-07-16 13:55:27.356"	"Worker exited in work queue SMTP delivery queue"
"DEBUG"	3780	"2026-07-16 13:55:27.356"	"Worker exited in work queue SMTP delivery queue"
"DEBUG"	3776	"2026-07-16 13:55:27.362"	"Worker exited in work queue SMTP delivery queue"
"DEBUG"	3772	"2026-07-16 13:55:27.362"	"Worker exited in work queue SMTP delivery queue"
"DEBUG"	3752	"2026-07-16 13:55:27.362"	"Worker exited in work queue SMTP delivery queue"
"DEBUG"	3768	"2026-07-16 13:55:27.362"	"Worker exited in work queue SMTP delivery queue"
"DEBUG"	3764	"2026-07-16 13:55:27.362"	"Worker exited in work queue SMTP delivery queue"
"DEBUG"	3760	"2026-07-16 13:55:27.362"	"Worker exited in work queue SMTP delivery queue"
"DEBUG"	3756	"2026-07-16 13:55:27.362"	"Worker exited in work queue SMTP delivery queue"
"DEBUG"	3748	"2026-07-16 13:55:27.362"	"Worker exited in work queue SMTP delivery queue"
"DEBUG"	2396	"2026-07-16 13:55:27.362"	"All threads are joined in queue SMTP delivery queue."
"DEBUG"	2396	"2026-07-16 13:55:27.373"	"WorkQueueManager::RemoveQueue - Stopped SMTP delivery queue"
"DEBUG"	2396	"2026-07-16 13:55:27.373"	"WorkQueueManager::RemoveQueue - Erased SMTP delivery queue"
"DEBUG"	2396	"2026-07-16 13:55:27.373"	"Destructing work queue SMTP delivery queue"
"DEBUG"	2396	"2026-07-16 13:55:27.373"	"Application::StopServers() - Destructing FetchManager"
"DEBUG"	2396	"2026-07-16 13:55:27.373"	"ExternalFetchManager::~ExternalFetchManager"
"DEBUG"	2396	"2026-07-16 13:55:27.373"	"WorkQueueManager::RemoveQueue - External fetch queue"
"DEBUG"	2396	"2026-07-16 13:55:27.373"	"Stopping working queue External fetch queue."
"DEBUG"	2396	"2026-07-16 13:55:27.373"	"Interupt and join threads in working queue External fetch queue"
"DEBUG"	3844	"2026-07-16 13:55:27.373"	"Worker exited in work queue External fetch queue"
"DEBUG"	3840	"2026-07-16 13:55:27.373"	"Worker exited in work queue External fetch queue"
"DEBUG"	3828	"2026-07-16 13:55:27.373"	"Worker exited in work queue External fetch queue"
"DEBUG"	3836	"2026-07-16 13:55:27.373"	"Worker exited in work queue External fetch queue"
"DEBUG"	3832	"2026-07-16 13:55:27.373"	"Worker exited in work queue External fetch queue"
"DEBUG"	3820	"2026-07-16 13:55:27.373"	"Worker exited in work queue External fetch queue"
"DEBUG"	3824	"2026-07-16 13:55:27.373"	"Worker exited in work queue External fetch queue"
"DEBUG"	3816	"2026-07-16 13:55:27.389"	"Worker exited in work queue External fetch queue"
"DEBUG"	3812	"2026-07-16 13:55:27.389"	"Worker exited in work queue External fetch queue"
"DEBUG"	3804	"2026-07-16 13:55:27.389"	"Worker exited in work queue External fetch queue"
"DEBUG"	3808	"2026-07-16 13:55:27.389"	"Worker exited in work queue External fetch queue"
"DEBUG"	3800	"2026-07-16 13:55:27.389"	"Worker exited in work queue External fetch queue"
"DEBUG"	3796	"2026-07-16 13:55:27.389"	"Worker exited in work queue External fetch queue"
"DEBUG"	3788	"2026-07-16 13:55:27.389"	"Worker exited in work queue External fetch queue"
"DEBUG"	3792	"2026-07-16 13:55:27.389"	"Worker exited in work queue External fetch queue"
"DEBUG"	2396	"2026-07-16 13:55:27.389"	"All threads are joined in queue External fetch queue."
"DEBUG"	2396	"2026-07-16 13:55:27.389"	"WorkQueueManager::RemoveQueue - Stopped External fetch queue"
"DEBUG"	2396	"2026-07-16 13:55:27.389"	"WorkQueueManager::RemoveQueue - Erased External fetch queue"
"DEBUG"	2396	"2026-07-16 13:55:27.389"	"Destructing work queue External fetch queue"
"DEBUG"	2396	"2026-07-16 13:55:27.389"	"ExternalFetchManager::~ExternalFetchManager - Removed queue"
"DEBUG"	2396	"2026-07-16 13:55:27.405"	"Application::StopServers() - Destructing Scheduler"
"DEBUG"	2396	"2026-07-16 13:55:27.405"	"Application::StopServers() - Destructing Rest"
"APPLICATION"	2396	"2026-07-16 13:55:27.405"	"Servers stopped."
"DEBUG"	2396	"2026-07-16 13:55:27.405"	"WorkQueueManager::RemoveQueue - Maintenance queue"
"DEBUG"	2396	"2026-07-16 13:55:27.405"	"Stopping working queue Maintenance queue."
"DEBUG"	2396	"2026-07-16 13:55:27.405"	"Interupt and join threads in working queue Maintenance queue"
"DEBUG"	3376	"2026-07-16 13:55:27.405"	"Worker exited in work queue Maintenance queue"
"DEBUG"	3372	"2026-07-16 13:55:27.405"	"Worker exited in work queue Maintenance queue"
"DEBUG"	3368	"2026-07-16 13:55:27.405"	"Worker exited in work queue Maintenance queue"
"DEBUG"	3364	"2026-07-16 13:55:27.405"	"Worker exited in work queue Maintenance queue"
"DEBUG"	3360	"2026-07-16 13:55:27.405"	"Worker exited in work queue Maintenance queue"
"DEBUG"	2396	"2026-07-16 13:55:27.405"	"All threads are joined in queue Maintenance queue."
"DEBUG"	2396	"2026-07-16 13:55:27.405"	"WorkQueueManager::RemoveQueue - Stopped Maintenance queue"
"DEBUG"	2396	"2026-07-16 13:55:27.405"	"WorkQueueManager::RemoveQueue - Erased Maintenance queue"
"DEBUG"	2396	"2026-07-16 13:55:27.405"	"Destructing work queue Maintenance queue"
"DEBUG"	2396	"2026-07-16 13:55:27.405"	"WorkQueueManager::RemoveQueue - Asynchronous task queue"
"DEBUG"	2396	"2026-07-16 13:55:27.405"	"Stopping working queue Asynchronous task queue."
"DEBUG"	2396	"2026-07-16 13:55:27.405"	"Interupt and join threads in working queue Asynchronous task queue"
"DEBUG"	3716	"2026-07-16 13:55:27.405"	"Worker exited in work queue Asynchronous task queue"
"DEBUG"	3712	"2026-07-16 13:55:27.421"	"Worker exited in work queue Asynchronous task queue"
"DEBUG"	3708	"2026-07-16 13:55:27.421"	"Worker exited in work queue Asynchronous task queue"
"DEBUG"	3704	"2026-07-16 13:55:27.421"	"Worker exited in work queue Asynchronous task queue"
"DEBUG"	3700	"2026-07-16 13:55:27.421"	"Worker exited in work queue Asynchronous task queue"
"DEBUG"	3696	"2026-07-16 13:55:27.421"	"Worker exited in work queue Asynchronous task queue"
"DEBUG"	3692	"2026-07-16 13:55:27.421"	"Worker exited in work queue Asynchronous task queue"
"DEBUG"	3688	"2026-07-16 13:55:27.421"	"Worker exited in work queue Asynchronous task queue"
"DEBUG"	3684	"2026-07-16 13:55:27.421"	"Worker exited in work queue Asynchronous task queue"
"DEBUG"	3676	"2026-07-16 13:55:27.421"	"Worker exited in work queue Asynchronous task queue"
"DEBUG"	3680	"2026-07-16 13:55:27.421"	"Worker exited in work queue Asynchronous task queue"
"DEBUG"	3672	"2026-07-16 13:55:27.421"	"Worker exited in work queue Asynchronous task queue"
"DEBUG"	3668	"2026-07-16 13:55:27.421"	"Worker exited in work queue Asynchronous task queue"
"DEBUG"	3664	"2026-07-16 13:55:27.436"	"Worker exited in work queue Asynchronous task queue"
"DEBUG"	3660	"2026-07-16 13:55:27.436"	"Worker exited in work queue Asynchronous task queue"
"DEBUG"	2396	"2026-07-16 13:55:27.436"	"Still 1 remaining threads in queue Asynchronous task queue. First task: <Unknown>"
"DEBUG"	2396	"2026-07-16 13:55:27.706"	"All threads are joined in queue Asynchronous task queue."
"DEBUG"	2396	"2026-07-16 13:55:27.706"	"WorkQueueManager::RemoveQueue - Stopped Asynchronous task queue"
"DEBUG"	2396	"2026-07-16 13:55:27.706"	"WorkQueueManager::RemoveQueue - Erased Asynchronous task queue"
"DEBUG"	2396	"2026-07-16 13:55:27.706"	"Destructing work queue Asynchronous task queue"
"DEBUG"	2396	"2026-07-16 13:55:27.706"	"Application::ExitInstance - Closing database connection..."
"DEBUG"	2396	"2026-07-16 13:55:27.706"	"Application::ExitInstance - Deleting caches..."
"DEBUG"	6044	"2026-07-16 13:55:36.311"	"Application::InitInstance - Configuration loaded."
"DEBUG"	6044	"2026-07-16 13:55:36.311"	"Creating work queue Asynchronous task queue"
"DEBUG"	6044	"2026-07-16 13:55:36.311"	"Starting work queue Asynchronous task queue"
"DEBUG"	6044	"2026-07-16 13:55:36.311"	"Started work queue Asynchronous task queue"
"APPLICATION"	6044	"2026-07-16 13:55:36.311"	"Starting servers..."
"DEBUG"	1368	"2026-07-16 13:55:36.311"	"Running worker in work queue Asynchronous task queue"
"DEBUG"	5096	"2026-07-16 13:55:36.311"	"Running worker in work queue Asynchronous task queue"
"DEBUG"	4784	"2026-07-16 13:55:36.311"	"Running worker in work queue Asynchronous task queue"
"DEBUG"	6332	"2026-07-16 13:55:36.311"	"Running worker in work queue Asynchronous task queue"
"DEBUG"	6940	"2026-07-16 13:55:36.311"	"Running worker in work queue Asynchronous task queue"
"DEBUG"	2552	"2026-07-16 13:55:36.311"	"Running worker in work queue Asynchronous task queue"
"DEBUG"	6876	"2026-07-16 13:55:36.311"	"Running worker in work queue Asynchronous task queue"
"DEBUG"	6556	"2026-07-16 13:55:36.311"	"Running worker in work queue Asynchronous task queue"
"DEBUG"	2344	"2026-07-16 13:55:36.311"	"Running worker in work queue Asynchronous task queue"
"DEBUG"	2172	"2026-07-16 13:55:36.311"	"Running worker in work queue Asynchronous task queue"
"DEBUG"	892	"2026-07-16 13:55:36.311"	"Running worker in work queue Asynchronous task queue"
"DEBUG"	2280	"2026-07-16 13:55:36.311"	"Running worker in work queue Asynchronous task queue"
"DEBUG"	5632	"2026-07-16 13:55:36.311"	"Running worker in work queue Asynchronous task queue"
"DEBUG"	6932	"2026-07-16 13:55:36.311"	"Running worker in work queue Asynchronous task queue"
"DEBUG"	2080	"2026-07-16 13:55:36.327"	"Running worker in work queue Asynchronous task queue"
"DEBUG"	6044	"2026-07-16 13:55:36.331"	"Creating work queue Server queue"
"DEBUG"	6044	"2026-07-16 13:55:36.331"	"Starting work queue Server queue"
"DEBUG"	6044	"2026-07-16 13:55:36.331"	"Started work queue Server queue"
"DEBUG"	6044	"2026-07-16 13:55:36.331"	"Adding task Scheduler to work queue Server queue"
"DEBUG"	7648	"2026-07-16 13:55:36.343"	"Running worker in work queue Server queue"
"DEBUG"	5860	"2026-07-16 13:55:36.343"	"Running worker in work queue Server queue"
"DEBUG"	7440	"2026-07-16 13:55:36.343"	"Running worker in work queue Server queue"
"DEBUG"	1660	"2026-07-16 13:55:36.343"	"Running worker in work queue Server queue"
"DEBUG"	6044	"2026-07-16 13:55:36.343"	"Adding task IOService to work queue Server queue"
"DEBUG"	7648	"2026-07-16 13:55:36.343"	"Executing task Scheduler in work queue Server queue"
"DEBUG"	6044	"2026-07-16 13:55:36.343"	"Creating work queue SMTP delivery queue"
"DEBUG"	1660	"2026-07-16 13:55:36.343"	"Executing task IOService in work queue Server queue"
"DEBUG"	6044	"2026-07-16 13:55:36.343"	"Starting work queue SMTP delivery queue"
"DEBUG"	1660	"2026-07-16 13:55:36.343"	"IOService::Start()"
"DEBUG"	6044	"2026-07-16 13:55:36.343"	"Started work queue SMTP delivery queue"
"DEBUG"	6044	"2026-07-16 13:55:36.343"	"Adding task SMTPDeliveryManager to work queue Server queue"
"DEBUG"	6044	"2026-07-16 13:55:36.343"	"Creating work queue External fetch queue"
"DEBUG"	6044	"2026-07-16 13:55:36.343"	"Starting work queue External fetch queue"
"DEBUG"	6044	"2026-07-16 13:55:36.359"	"Started work queue External fetch queue"
"DEBUG"	6044	"2026-07-16 13:55:36.359"	"Adding task ExternalFetchManager to work queue Server queue"
"DEBUG"	7440	"2026-07-16 13:55:36.359"	"Executing task SMTPDeliveryManager in work queue Server queue"
"DEBUG"	7440	"2026-07-16 13:55:36.359"	"SMTPDeliveryManager::Start()"
"DEBUG"	5860	"2026-07-16 13:55:36.359"	"Executing task ExternalFetchManager in work queue Server queue"
"DEBUG"	5860	"2026-07-16 13:55:36.359"	"ExternalFetchManager::Start()"
"APPLICATION"	6044	"2026-07-16 13:55:36.359"	"Servers started."
"DEBUG"	5692	"2026-07-16 13:55:36.359"	"Running worker in work queue SMTP delivery queue"
"DEBUG"	3428	"2026-07-16 13:55:36.359"	"Running worker in work queue SMTP delivery queue"
"DEBUG"	4972	"2026-07-16 13:55:36.359"	"Running worker in work queue SMTP delivery queue"
"DEBUG"	8124	"2026-07-16 13:55:36.359"	"Running worker in work queue SMTP delivery queue"
"DEBUG"	7700	"2026-07-16 13:55:36.359"	"Running worker in work queue SMTP delivery queue"
"DEBUG"	7576	"2026-07-16 13:55:36.359"	"Running worker in work queue SMTP delivery queue"
"DEBUG"	6012	"2026-07-16 13:55:36.375"	"Running worker in work queue SMTP delivery queue"
"DEBUG"	7064	"2026-07-16 13:55:36.359"	"Running worker in work queue SMTP delivery queue"
"DEBUG"	6184	"2026-07-16 13:55:36.359"	"Running worker in work queue SMTP delivery queue"
"DEBUG"	5452	"2026-07-16 13:55:36.359"	"Running worker in work queue SMTP delivery queue"
"DEBUG"	2976	"2026-07-16 13:55:36.375"	"Running worker in work queue External fetch queue"
"DEBUG"	7028	"2026-07-16 13:55:36.375"	"Running worker in work queue External fetch queue"
"DEBUG"	7444	"2026-07-16 13:55:36.375"	"Running worker in work queue External fetch queue"
"DEBUG"	6440	"2026-07-16 13:55:36.375"	"Running worker in work queue External fetch queue"
"DEBUG"	5704	"2026-07-16 13:55:36.375"	"Running worker in work queue External fetch queue"
"DEBUG"	7032	"2026-07-16 13:55:36.375"	"Running worker in work queue External fetch queue"
"DEBUG"	7276	"2026-07-16 13:55:36.375"	"Running worker in work queue External fetch queue"
"DEBUG"	7224	"2026-07-16 13:55:36.375"	"Running worker in work queue External fetch queue"
"DEBUG"	4984	"2026-07-16 13:55:36.375"	"Running worker in work queue External fetch queue"
"DEBUG"	540	"2026-07-16 13:55:36.375"	"Running worker in work queue External fetch queue"
"DEBUG"	5852	"2026-07-16 13:55:36.375"	"Running worker in work queue External fetch queue"
"DEBUG"	6580	"2026-07-16 13:55:36.375"	"Running worker in work queue External fetch queue"
"DEBUG"	4428	"2026-07-16 13:55:36.375"	"Running worker in work queue External fetch queue"
"DEBUG"	5412	"2026-07-16 13:55:36.375"	"Running worker in work queue External fetch queue"
"DEBUG"	3584	"2026-07-16 13:55:36.375"	"Running worker in work queue External fetch queue"
"DEBUG"	1660	"2026-07-16 13:55:36.375"	"Creating session 1"
"DEBUG"	1660	"2026-07-16 13:55:36.375"	"Creating session 2"
"DEBUG"	1660	"2026-07-16 13:55:36.391"	"Creating session 3"
"DEBUG"	1660	"2026-07-16 13:55:36.391"	"Creating session 4"
"DEBUG"	1660	"2026-07-16 13:55:36.391"	"Creating work queue IOCPQueue"
"DEBUG"	1660	"2026-07-16 13:55:36.391"	"Starting work queue IOCPQueue"
"DEBUG"	1660	"2026-07-16 13:55:36.391"	"Started work queue IOCPQueue"
"DEBUG"	1660	"2026-07-16 13:55:36.391"	"Adding task IOCPQueueWorkerTask to work queue IOCPQueue"
"DEBUG"	1660	"2026-07-16 13:55:36.391"	"Adding task IOCPQueueWorkerTask to work queue IOCPQueue"
"DEBUG"	1660	"2026-07-16 13:55:36.391"	"Adding task IOCPQueueWorkerTask to work queue IOCPQueue"
"DEBUG"	1660	"2026-07-16 13:55:36.391"	"Adding task IOCPQueueWorkerTask to work queue IOCPQueue"
"DEBUG"	1660	"2026-07-16 13:55:36.391"	"Adding task IOCPQueueWorkerTask to work queue IOCPQueue"
"DEBUG"	1660	"2026-07-16 13:55:36.391"	"Adding task IOCPQueueWorkerTask to work queue IOCPQueue"
"DEBUG"	1660	"2026-07-16 13:55:36.391"	"Adding task IOCPQueueWorkerTask to work queue IOCPQueue"
"DEBUG"	1660	"2026-07-16 13:55:36.391"	"Adding task IOCPQueueWorkerTask to work queue IOCPQueue"
"DEBUG"	1660	"2026-07-16 13:55:36.391"	"Adding task IOCPQueueWorkerTask to work queue IOCPQueue"
"DEBUG"	1660	"2026-07-16 13:55:36.391"	"Adding task IOCPQueueWorkerTask to work queue IOCPQueue"
"DEBUG"	1660	"2026-07-16 13:55:36.391"	"Adding task IOCPQueueWorkerTask to work queue IOCPQueue"
"DEBUG"	1660	"2026-07-16 13:55:36.391"	"Adding task IOCPQueueWorkerTask to work queue IOCPQueue"
"DEBUG"	1660	"2026-07-16 13:55:36.391"	"Adding task IOCPQueueWorkerTask to work queue IOCPQueue"
"DEBUG"	1660	"2026-07-16 13:55:36.406"	"Adding task IOCPQueueWorkerTask to work queue IOCPQueue"
"DEBUG"	1660	"2026-07-16 13:55:36.406"	"Adding task IOCPQueueWorkerTask to work queue IOCPQueue"
"DEBUG"	6088	"2026-07-16 13:55:36.422"	"Running worker in work queue IOCPQueue"
"DEBUG"	8128	"2026-07-16 13:55:36.422"	"Running worker in work queue IOCPQueue"
"DEBUG"	4420	"2026-07-16 13:55:36.422"	"Running worker in work queue IOCPQueue"
"DEBUG"	4420	"2026-07-16 13:55:36.431"	"Executing task IOCPQueueWorkerTask in work queue IOCPQueue"
"DEBUG"	6664	"2026-07-16 13:55:36.422"	"Running worker in work queue IOCPQueue"
"DEBUG"	5864	"2026-07-16 13:55:36.422"	"Running worker in work queue IOCPQueue"
"DEBUG"	6408	"2026-07-16 13:55:36.422"	"Running worker in work queue IOCPQueue"
"DEBUG"	6408	"2026-07-16 13:55:36.439"	"Executing task IOCPQueueWorkerTask in work queue IOCPQueue"
"DEBUG"	4668	"2026-07-16 13:55:36.422"	"Running worker in work queue IOCPQueue"
"DEBUG"	4668	"2026-07-16 13:55:36.439"	"Executing task IOCPQueueWorkerTask in work queue IOCPQueue"
"DEBUG"	7512	"2026-07-16 13:55:36.422"	"Running worker in work queue IOCPQueue"
"DEBUG"	4748	"2026-07-16 13:55:36.422"	"Running worker in work queue IOCPQueue"
"DEBUG"	2144	"2026-07-16 13:55:36.422"	"Running worker in work queue IOCPQueue"
"DEBUG"	2144	"2026-07-16 13:55:36.439"	"Executing task IOCPQueueWorkerTask in work queue IOCPQueue"
"DEBUG"	7236	"2026-07-16 13:55:36.422"	"Running worker in work queue IOCPQueue"
"DEBUG"	7236	"2026-07-16 13:55:36.439"	"Executing task IOCPQueueWorkerTask in work queue IOCPQueue"
"DEBUG"	460	"2026-07-16 13:55:36.422"	"Running worker in work queue IOCPQueue"
"DEBUG"	460	"2026-07-16 13:55:36.439"	"Executing task IOCPQueueWorkerTask in work queue IOCPQueue"
"DEBUG"	6704	"2026-07-16 13:55:36.422"	"Running worker in work queue IOCPQueue"
"DEBUG"	6704	"2026-07-16 13:55:36.455"	"Executing task IOCPQueueWorkerTask in work queue IOCPQueue"
"DEBUG"	6664	"2026-07-16 13:55:36.431"	"Executing task IOCPQueueWorkerTask in work queue IOCPQueue"
"DEBUG"	7660	"2026-07-16 13:55:36.422"	"Running worker in work queue IOCPQueue"
"DEBUG"	5864	"2026-07-16 13:55:36.439"	"Executing task IOCPQueueWorkerTask in work queue IOCPQueue"
"DEBUG"	7512	"2026-07-16 13:55:36.439"	"Executing task IOCPQueueWorkerTask in work queue IOCPQueue"
"DEBUG"	4748	"2026-07-16 13:55:36.439"	"Executing task IOCPQueueWorkerTask in work queue IOCPQueue"
"DEBUG"	2388	"2026-07-16 13:55:36.422"	"Running worker in work queue IOCPQueue"
"DEBUG"	2388	"2026-07-16 13:55:36.455"	"Executing task IOCPQueueWorkerTask in work queue IOCPQueue"
"DEBUG"	8128	"2026-07-16 13:55:36.431"	"Executing task IOCPQueueWorkerTask in work queue IOCPQueue"
"DEBUG"	7660	"2026-07-16 13:55:36.455"	"Executing task IOCPQueueWorkerTask in work queue IOCPQueue"
"DEBUG"	6088	"2026-07-16 13:55:36.431"	"Executing task IOCPQueueWorkerTask in work queue IOCPQueue"
"DEBUG"	6088	"2026-07-16 13:55:44.693"	"Creating session 5"
"TCPIP"	6088	"2026-07-16 13:55:44.693"	"TCP - 10.0.0.128 connected to 10.0.0.128:587."
"DEBUG"	6088	"2026-07-16 13:55:44.721"	"TCP connection started for session 4"
"SMTPD"	6088	4	"2026-07-16 13:55:44.721"	"10.0.0.128"	"SENT: 220 WIN-2F1VNVRVM11 ESMTP"
"SMTPD"	7660	4	"2026-07-16 13:55:44.968"	"10.0.0.128"	"RECEIVED: EHLO [10.0.0.128]"
"SMTPD"	7660	4	"2026-07-16 13:55:44.968"	"10.0.0.128"	"SENT: 250-WIN-2F1VNVRVM11[nl]250-SIZE 20480000[nl]250-AUTH LOGIN[nl]250 HELP"
"SMTPD"	8128	4	"2026-07-16 13:55:44.999"	"10.0.0.128"	"RECEIVED: AUTH LOGIN"
"SMTPD"	8128	4	"2026-07-16 13:55:45.024"	"10.0.0.128"	"SENT: 334 VXNlcm5hbWU6"
"SMTPD"	7660	4	"2026-07-16 13:55:45.033"	"10.0.0.128"	"RECEIVED: YkBoaS54eXo="
"SMTPD"	7660	4	"2026-07-16 13:55:45.033"	"10.0.0.128"	"SENT: 334 UGFzc3dvcmQ6"
"SMTPD"	8128	4	"2026-07-16 13:55:45.033"	"10.0.0.128"	"RECEIVED: ***"
"SMTPD"	8128	4	"2026-07-16 13:55:45.065"	"10.0.0.128"	"SENT: 235 authenticated."
"SMTPD"	8128	4	"2026-07-16 13:55:45.065"	"10.0.0.128"	"RECEIVED: MAIL FROM:<b@hi.xyz> SIZE=323"
"SMTPD"	8128	4	"2026-07-16 13:55:45.081"	"10.0.0.128"	"SENT: 250 OK"
"SMTPD"	8128	4	"2026-07-16 13:55:45.081"	"10.0.0.128"	"RECEIVED: RCPT TO:<a@hi.xyz>"
"SMTPD"	8128	4	"2026-07-16 13:55:45.081"	"10.0.0.128"	"SENT: 250 OK"
"SMTPD"	7512	4	"2026-07-16 13:55:45.091"	"10.0.0.128"	"RECEIVED: DATA"
"SMTPD"	7512	4	"2026-07-16 13:55:45.091"	"10.0.0.128"	"SENT: 354 OK, send."
"DEBUG"	6664	"2026-07-16 13:55:45.097"	"Adding task AsynchronousTask to work queue Asynchronous task queue"
"DEBUG"	2080	"2026-07-16 13:55:45.097"	"Executing task AsynchronousTask in work queue Asynchronous task queue"
"DEBUG"	2080	"2026-07-16 13:55:45.097"	"Executing event OnAcceptMessage"
"DEBUG"	2080	"2026-07-16 13:55:45.360"	"Event completed"
"DEBUG"	2080	"2026-07-16 13:55:45.375"	"Saving message: {37DBEAB5-EA20-4A95-AD10-849B80C74ACA}.eml"
"DEBUG"	2080	"2026-07-16 13:55:45.390"	"Requesting SMTPDeliveryManager to start message delivery"
"DEBUG"	7440	"2026-07-16 13:55:45.406"	"Adding task DeliveryTask to work queue SMTP delivery queue"
"SMTPD"	2080	4	"2026-07-16 13:55:45.406"	"10.0.0.128"	"SENT: 250 Queued (0.000 seconds)"
"DEBUG"	5452	"2026-07-16 13:55:45.501"	"Executing task DeliveryTask in work queue SMTP delivery queue"
"DEBUG"	5452	"2026-07-16 13:55:45.501"	"Delivering message..."
"APPLICATION"	5452	"2026-07-16 13:55:45.527"	"SMTPDeliverer - Message 45: Delivering message from b@hi.xyz to a@hi.xyz. File: C:\Program Files (x86)\hMailServer\Data\{37DBEAB5-EA20-4A95-AD10-849B80C74ACA}.eml"
"DEBUG"	5452	"2026-07-16 13:55:45.533"	"Applying rules"
"DEBUG"	7512	"2026-07-16 13:55:45.565"	"Creating session 6"
"TCPIP"	7512	"2026-07-16 13:55:45.580"	"TCP - 10.0.0.128 connected to 10.0.0.128:143."
"DEBUG"	7512	"2026-07-16 13:55:45.580"	"TCP connection started for session 3"
"IMAPD"	7512	3	"2026-07-16 13:55:45.580"	"10.0.0.128"	"SENT: * OK IMAPrev1"
"IMAPD"	7512	3	"2026-07-16 13:55:45.596"	"10.0.0.128"	"RECEIVED: 93 capability"
"IMAPD"	7512	3	"2026-07-16 13:55:45.596"	"10.0.0.128"	"SENT: * CAPABILITY IMAP4 IMAP4rev1 CHILDREN IDLE QUOTA SORT ACL NAMESPACE RIGHTS=texk[nl]93 OK CAPABILITY completed"
"IMAPD"	5864	3	"2026-07-16 13:55:45.611"	"10.0.0.128"	"RECEIVED: 95 login "b@hi.xyz" ***"
"IMAPD"	5864	3	"2026-07-16 13:55:45.611"	"10.0.0.128"	"SENT: 95 OK LOGIN completed"
"IMAPD"	4748	3	"2026-07-16 13:55:45.611"	"10.0.0.128"	"RECEIVED: 96 capability"
"DEBUG"	5452	"2026-07-16 13:55:45.611"	"Applying rule Phishing Filter"
"IMAPD"	4748	3	"2026-07-16 13:55:45.611"	"10.0.0.128"	"SENT: * CAPABILITY IMAP4 IMAP4rev1 CHILDREN IDLE QUOTA SORT ACL NAMESPACE RIGHTS=texk[nl]96 OK CAPABILITY completed"
"DEBUG"	5452	"2026-07-16 13:55:45.611"	"Performing local delivery"
"DEBUG"	5452	"2026-07-16 13:55:45.627"	"Applying rules"
"DEBUG"	5452	"2026-07-16 13:55:45.637"	"Saving message: {37DBEAB5-EA20-4A95-AD10-849B80C74ACA}.eml"
"DEBUG"	5452	"2026-07-16 13:55:45.643"	"Local delivery completed"
"APPLICATION"	5452	"2026-07-16 13:55:45.643"	"SMTPDeliverer - Message 45: Message delivery thread completed."
"IMAPD"	4748	3	"2026-07-16 13:55:45.643"	"10.0.0.128"	"RECEIVED: 97 append "Sent" (\Seen) {323}"
"IMAPD"	4748	3	"2026-07-16 13:55:45.643"	"10.0.0.128"	"SENT: + Ready for literal data"
"DEBUG"	6704	"2026-07-16 13:55:45.675"	"Saving message: {684F3CC5-A4FD-45EF-BE2F-05C3187611FC}.eml"
"IMAPD"	6704	3	"2026-07-16 13:55:45.675"	"10.0.0.128"	"SENT: 97 OK APPEND completed"
"SMTPD"	5864	4	"2026-07-16 13:55:50.497"	"10.0.0.128"	"RECEIVED: QUIT"
"SMTPD"	5864	4	"2026-07-16 13:55:50.497"	"10.0.0.128"	"SENT: 221 goodbye"
"DEBUG"	5864	"2026-07-16 13:55:50.497"	"Ending session 4"
"DEBUG"	2824	"2026-07-16 13:56:56.961"	"Received stop-request from Windows."
"APPLICATION"	2824	"2026-07-16 13:56:56.961"	"Stopping servers..."
"DEBUG"	2824	"2026-07-16 13:56:56.961"	"Application::StopServers() - Removing server work queue"
"DEBUG"	2824	"2026-07-16 13:56:56.961"	"WorkQueueManager::RemoveQueue - Server queue"
"DEBUG"	2824	"2026-07-16 13:56:56.961"	"Stopping working queue Server queue."
"DEBUG"	2824	"2026-07-16 13:56:56.961"	"Interupt and join threads in working queue Server queue"
"DEBUG"	1660	"2026-07-16 13:56:56.961"	"IOService::Stop()"
"DEBUG"	7648	"2026-07-16 13:56:56.961"	"Worker exited in work queue Server queue"
"DEBUG"	5864	"2026-07-16 13:56:56.961"	"TCP - AcceptEx failed. Error code: 995, Message: 스레드 종료 또는 응용 프로그램 요청 때문에 I/O 작업이 취소되었습니다"
"DEBUG"	5864	"2026-07-16 13:56:56.961"	"Ending session 1"
"DEBUG"	7440	"2026-07-16 13:56:56.961"	"Worker exited in work queue Server queue"
"DEBUG"	5860	"2026-07-16 13:56:56.961"	"Worker exited in work queue Server queue"
"DEBUG"	6664	"2026-07-16 13:56:56.961"	"TCP - AcceptEx failed. Error code: 995, Message: 스레드 종료 또는 응용 프로그램 요청 때문에 I/O 작업이 취소되었습니다"
"DEBUG"	6704	"2026-07-16 13:56:56.961"	"TCP - AcceptEx failed. Error code: 995, Message: 스레드 종료 또는 응용 프로그램 요청 때문에 I/O 작업이 취소되었습니다"
"DEBUG"	7512	"2026-07-16 13:56:56.961"	"TCP - AcceptEx failed. Error code: 995, Message: 스레드 종료 또는 응용 프로그램 요청 때문에 I/O 작업이 취소되었습니다"
"DEBUG"	1660	"2026-07-16 13:56:56.961"	"IOService::DoWork() - removing Queue IOCP Queue"
"DEBUG"	6664	"2026-07-16 13:56:56.961"	"Ending session 2"
"DEBUG"	6704	"2026-07-16 13:56:56.961"	"Ending session 6"
"DEBUG"	7512	"2026-07-16 13:56:56.961"	"Ending session 5"
"DEBUG"	1660	"2026-07-16 13:56:56.961"	"WorkQueueManager::RemoveQueue - IOCPQueue"
"DEBUG"	1660	"2026-07-16 13:56:56.961"	"Stopping working queue IOCPQueue."
"DEBUG"	1660	"2026-07-16 13:56:56.961"	"Interupt and join threads in working queue IOCPQueue"
"DEBUG"	6088	"2026-07-16 13:56:56.977"	"Worker exited in work queue IOCPQueue"
"DEBUG"	2824	"2026-07-16 13:56:56.977"	"Still 1 remaining threads in queue Server queue. First task: IOService"
"DEBUG"	7660	"2026-07-16 13:56:56.977"	"Worker exited in work queue IOCPQueue"
"DEBUG"	460	"2026-07-16 13:56:56.977"	"Worker exited in work queue IOCPQueue"
"DEBUG"	7236	"2026-07-16 13:56:56.977"	"Worker exited in work queue IOCPQueue"
"DEBUG"	2144	"2026-07-16 13:56:56.977"	"Worker exited in work queue IOCPQueue"
"DEBUG"	4668	"2026-07-16 13:56:56.977"	"Worker exited in work queue IOCPQueue"
"DEBUG"	6408	"2026-07-16 13:56:56.977"	"Worker exited in work queue IOCPQueue"
"DEBUG"	7512	"2026-07-16 13:56:56.977"	"Worker exited in work queue IOCPQueue"
"DEBUG"	6664	"2026-07-16 13:56:56.977"	"Worker exited in work queue IOCPQueue"
"DEBUG"	6704	"2026-07-16 13:56:56.977"	"Worker exited in work queue IOCPQueue"
"DEBUG"	8128	"2026-07-16 13:56:56.977"	"Worker exited in work queue IOCPQueue"
"DEBUG"	4420	"2026-07-16 13:56:56.977"	"Worker exited in work queue IOCPQueue"
"DEBUG"	4748	"2026-07-16 13:56:56.977"	"Worker exited in work queue IOCPQueue"
"DEBUG"	5864	"2026-07-16 13:56:56.977"	"Worker exited in work queue IOCPQueue"
"DEBUG"	2388	"2026-07-16 13:56:56.977"	"Worker exited in work queue IOCPQueue"
"DEBUG"	1660	"2026-07-16 13:56:56.977"	"All threads are joined in queue IOCPQueue."
"DEBUG"	1660	"2026-07-16 13:56:56.977"	"WorkQueueManager::RemoveQueue - Stopped IOCPQueue"
"DEBUG"	1660	"2026-07-16 13:56:56.977"	"WorkQueueManager::RemoveQueue - Erased IOCPQueue"
"DEBUG"	1660	"2026-07-16 13:56:56.977"	"IOService::Stop() - Complete"
"DEBUG"	1660	"2026-07-16 13:56:56.977"	"Destructing work queue IOCPQueue"
"DEBUG"	1660	"2026-07-16 13:56:57.231"	"Worker exited in work queue Server queue"
"DEBUG"	2824	"2026-07-16 13:56:57.231"	"All threads are joined in queue Server queue."
"DEBUG"	2824	"2026-07-16 13:56:57.231"	"WorkQueueManager::RemoveQueue - Stopped Server queue"
"DEBUG"	2824	"2026-07-16 13:56:57.231"	"WorkQueueManager::RemoveQueue - Erased Server queue"
"DEBUG"	2824	"2026-07-16 13:56:57.231"	"Destructing work queue Server queue"
"DEBUG"	2824	"2026-07-16 13:56:57.231"	"Application::StopServers() - Clearing caches"
"DEBUG"	2824	"2026-07-16 13:56:57.231"	"Application::StopServers() - Destructing IOCP"
"DEBUG"	2824	"2026-07-16 13:56:57.231"	"IOService::~IOService - Destructing"
"DEBUG"	2824	"2026-07-16 13:56:57.231"	"TCPServer::~TCPServer"
"DEBUG"	2824	"2026-07-16 13:56:57.231"	"TCPServer::~TCPServer"
"DEBUG"	2824	"2026-07-16 13:56:57.231"	"TCPServer::~TCPServer"
"DEBUG"	2824	"2026-07-16 13:56:57.231"	"TCPServer::~TCPServer"
"DEBUG"	2824	"2026-07-16 13:56:57.231"	"Ending session 3"
"DEBUG"	2824	"2026-07-16 13:56:57.231"	"Application::StopServers() - Destructing DeliveryManager"
"DEBUG"	2824	"2026-07-16 13:56:57.231"	"WorkQueueManager::RemoveQueue - SMTP delivery queue"
"DEBUG"	2824	"2026-07-16 13:56:57.231"	"Stopping working queue SMTP delivery queue."
"DEBUG"	2824	"2026-07-16 13:56:57.231"	"Interupt and join threads in working queue SMTP delivery queue"
"DEBUG"	5452	"2026-07-16 13:56:57.231"	"Worker exited in work queue SMTP delivery queue"
"DEBUG"	6184	"2026-07-16 13:56:57.231"	"Worker exited in work queue SMTP delivery queue"
"DEBUG"	7064	"2026-07-16 13:56:57.231"	"Worker exited in work queue SMTP delivery queue"
"DEBUG"	6012	"2026-07-16 13:56:57.231"	"Worker exited in work queue SMTP delivery queue"
"DEBUG"	7576	"2026-07-16 13:56:57.247"	"Worker exited in work queue SMTP delivery queue"
"DEBUG"	7700	"2026-07-16 13:56:57.247"	"Worker exited in work queue SMTP delivery queue"
"DEBUG"	8124	"2026-07-16 13:56:57.247"	"Worker exited in work queue SMTP delivery queue"
"DEBUG"	4972	"2026-07-16 13:56:57.247"	"Worker exited in work queue SMTP delivery queue"
"DEBUG"	3428	"2026-07-16 13:56:57.247"	"Worker exited in work queue SMTP delivery queue"
"DEBUG"	5692	"2026-07-16 13:56:57.247"	"Worker exited in work queue SMTP delivery queue"
"DEBUG"	2824	"2026-07-16 13:56:57.247"	"Still 1 remaining threads in queue SMTP delivery queue. First task: <Unknown>"
"DEBUG"	2824	"2026-07-16 13:56:57.508"	"All threads are joined in queue SMTP delivery queue."
"DEBUG"	2824	"2026-07-16 13:56:57.508"	"WorkQueueManager::RemoveQueue - Stopped SMTP delivery queue"
"DEBUG"	2824	"2026-07-16 13:56:57.508"	"WorkQueueManager::RemoveQueue - Erased SMTP delivery queue"
"DEBUG"	2824	"2026-07-16 13:56:57.508"	"Destructing work queue SMTP delivery queue"
"DEBUG"	2824	"2026-07-16 13:56:57.508"	"Application::StopServers() - Destructing FetchManager"
"DEBUG"	2824	"2026-07-16 13:56:57.508"	"ExternalFetchManager::~ExternalFetchManager"
"DEBUG"	2824	"2026-07-16 13:56:57.508"	"WorkQueueManager::RemoveQueue - External fetch queue"
"DEBUG"	2824	"2026-07-16 13:56:57.508"	"Stopping working queue External fetch queue."
"DEBUG"	2824	"2026-07-16 13:56:57.517"	"Interupt and join threads in working queue External fetch queue"
"DEBUG"	3584	"2026-07-16 13:56:57.517"	"Worker exited in work queue External fetch queue"
"DEBUG"	5412	"2026-07-16 13:56:57.517"	"Worker exited in work queue External fetch queue"
"DEBUG"	4428	"2026-07-16 13:56:57.517"	"Worker exited in work queue External fetch queue"
"DEBUG"	6580	"2026-07-16 13:56:57.517"	"Worker exited in work queue External fetch queue"
"DEBUG"	5852	"2026-07-16 13:56:57.517"	"Worker exited in work queue External fetch queue"
"DEBUG"	540	"2026-07-16 13:56:57.517"	"Worker exited in work queue External fetch queue"
"DEBUG"	4984	"2026-07-16 13:56:57.517"	"Worker exited in work queue External fetch queue"
"DEBUG"	7224	"2026-07-16 13:56:57.517"	"Worker exited in work queue External fetch queue"
"DEBUG"	7276	"2026-07-16 13:56:57.517"	"Worker exited in work queue External fetch queue"
"DEBUG"	7032	"2026-07-16 13:56:57.534"	"Worker exited in work queue External fetch queue"
"DEBUG"	5704	"2026-07-16 13:56:57.534"	"Worker exited in work queue External fetch queue"
"DEBUG"	6440	"2026-07-16 13:56:57.534"	"Worker exited in work queue External fetch queue"
"DEBUG"	7444	"2026-07-16 13:56:57.534"	"Worker exited in work queue External fetch queue"
"DEBUG"	7028	"2026-07-16 13:56:57.534"	"Worker exited in work queue External fetch queue"
"DEBUG"	2976	"2026-07-16 13:56:57.534"	"Worker exited in work queue External fetch queue"
"DEBUG"	2824	"2026-07-16 13:56:57.534"	"All threads are joined in queue External fetch queue."
"DEBUG"	2824	"2026-07-16 13:56:57.534"	"WorkQueueManager::RemoveQueue - Stopped External fetch queue"
"DEBUG"	2824	"2026-07-16 13:56:57.534"	"WorkQueueManager::RemoveQueue - Erased External fetch queue"
"DEBUG"	2824	"2026-07-16 13:56:57.534"	"Destructing work queue External fetch queue"
"DEBUG"	2824	"2026-07-16 13:56:57.534"	"ExternalFetchManager::~ExternalFetchManager - Removed queue"
"DEBUG"	2824	"2026-07-16 13:56:57.534"	"Application::StopServers() - Destructing Scheduler"
"DEBUG"	2824	"2026-07-16 13:56:57.534"	"Application::StopServers() - Destructing Rest"
"APPLICATION"	2824	"2026-07-16 13:56:57.534"	"Servers stopped."
"DEBUG"	2824	"2026-07-16 13:56:57.534"	"WorkQueueManager::RemoveQueue - Maintenance queue"
"DEBUG"	2824	"2026-07-16 13:56:57.534"	"Stopping working queue Maintenance queue."
"DEBUG"	2824	"2026-07-16 13:56:57.549"	"Interupt and join threads in working queue Maintenance queue"
"DEBUG"	7080	"2026-07-16 13:56:57.549"	"Worker exited in work queue Maintenance queue"
"DEBUG"	6744	"2026-07-16 13:56:57.549"	"Worker exited in work queue Maintenance queue"
"DEBUG"	4720	"2026-07-16 13:56:57.549"	"Worker exited in work queue Maintenance queue"
"DEBUG"	3312	"2026-07-16 13:56:57.549"	"Worker exited in work queue Maintenance queue"
"DEBUG"	2728	"2026-07-16 13:56:57.549"	"Worker exited in work queue Maintenance queue"
"DEBUG"	2824	"2026-07-16 13:56:57.549"	"All threads are joined in queue Maintenance queue."
"DEBUG"	2824	"2026-07-16 13:56:57.549"	"WorkQueueManager::RemoveQueue - Stopped Maintenance queue"
"DEBUG"	2824	"2026-07-16 13:56:57.549"	"WorkQueueManager::RemoveQueue - Erased Maintenance queue"
"DEBUG"	2824	"2026-07-16 13:56:57.549"	"Destructing work queue Maintenance queue"
"DEBUG"	2824	"2026-07-16 13:56:57.549"	"WorkQueueManager::RemoveQueue - Asynchronous task queue"
"DEBUG"	2824	"2026-07-16 13:56:57.549"	"Stopping working queue Asynchronous task queue."
"DEBUG"	2824	"2026-07-16 13:56:57.549"	"Interupt and join threads in working queue Asynchronous task queue"
"DEBUG"	2080	"2026-07-16 13:56:57.549"	"Worker exited in work queue Asynchronous task queue"
"DEBUG"	6932	"2026-07-16 13:56:57.549"	"Worker exited in work queue Asynchronous task queue"
"DEBUG"	5632	"2026-07-16 13:56:57.549"	"Worker exited in work queue Asynchronous task queue"
"DEBUG"	2280	"2026-07-16 13:56:57.549"	"Worker exited in work queue Asynchronous task queue"
"DEBUG"	892	"2026-07-16 13:56:57.549"	"Worker exited in work queue Asynchronous task queue"
"DEBUG"	2172	"2026-07-16 13:56:57.549"	"Worker exited in work queue Asynchronous task queue"
"DEBUG"	2344	"2026-07-16 13:56:57.549"	"Worker exited in work queue Asynchronous task queue"
"DEBUG"	6556	"2026-07-16 13:56:57.549"	"Worker exited in work queue Asynchronous task queue"
"DEBUG"	6876	"2026-07-16 13:56:57.565"	"Worker exited in work queue Asynchronous task queue"
"DEBUG"	2552	"2026-07-16 13:56:57.565"	"Worker exited in work queue Asynchronous task queue"
"DEBUG"	6940	"2026-07-16 13:56:57.565"	"Worker exited in work queue Asynchronous task queue"
"DEBUG"	6332	"2026-07-16 13:56:57.565"	"Worker exited in work queue Asynchronous task queue"
"DEBUG"	4784	"2026-07-16 13:56:57.565"	"Worker exited in work queue Asynchronous task queue"
"DEBUG"	5096	"2026-07-16 13:56:57.565"	"Worker exited in work queue Asynchronous task queue"
"DEBUG"	1368	"2026-07-16 13:56:57.565"	"Worker exited in work queue Asynchronous task queue"
"DEBUG"	2824	"2026-07-16 13:56:57.565"	"Still 1 remaining threads in queue Asynchronous task queue. First task: <Unknown>"
"DEBUG"	2824	"2026-07-16 13:56:57.835"	"All threads are joined in queue Asynchronous task queue."
"DEBUG"	2824	"2026-07-16 13:56:57.835"	"WorkQueueManager::RemoveQueue - Stopped Asynchronous task queue"
"DEBUG"	2824	"2026-07-16 13:56:57.835"	"WorkQueueManager::RemoveQueue - Erased Asynchronous task queue"
"DEBUG"	2824	"2026-07-16 13:56:57.835"	"Destructing work queue Asynchronous task queue"
"DEBUG"	2824	"2026-07-16 13:56:57.835"	"Application::ExitInstance - Closing database connection..."
"DEBUG"	2824	"2026-07-16 13:56:57.851"	"Application::ExitInstance - Deleting caches..."
"DEBUG"	7508	"2026-07-16 13:57:02.985"	"Application::InitInstance - Configuration loaded."
"DEBUG"	7508	"2026-07-16 13:57:02.985"	"Creating work queue Asynchronous task queue"
"DEBUG"	7508	"2026-07-16 13:57:02.985"	"Starting work queue Asynchronous task queue"
"DEBUG"	7508	"2026-07-16 13:57:02.985"	"Started work queue Asynchronous task queue"
"APPLICATION"	7508	"2026-07-16 13:57:02.985"	"Starting servers..."
"DEBUG"	7096	"2026-07-16 13:57:02.985"	"Running worker in work queue Asynchronous task queue"
"DEBUG"	4372	"2026-07-16 13:57:02.985"	"Running worker in work queue Asynchronous task queue"
"DEBUG"	2248	"2026-07-16 13:57:02.985"	"Running worker in work queue Asynchronous task queue"
"DEBUG"	3912	"2026-07-16 13:57:02.985"	"Running worker in work queue Asynchronous task queue"
"DEBUG"	1224	"2026-07-16 13:57:02.985"	"Running worker in work queue Asynchronous task queue"
"DEBUG"	7508	"2026-07-16 13:57:03.000"	"Creating work queue Server queue"
"DEBUG"	1360	"2026-07-16 13:57:03.000"	"Running worker in work queue Asynchronous task queue"
"DEBUG"	7044	"2026-07-16 13:57:03.000"	"Running worker in work queue Asynchronous task queue"
"DEBUG"	4504	"2026-07-16 13:57:03.000"	"Running worker in work queue Asynchronous task queue"
"DEBUG"	6284	"2026-07-16 13:57:03.000"	"Running worker in work queue Asynchronous task queue"
"DEBUG"	1912	"2026-07-16 13:57:03.000"	"Running worker in work queue Asynchronous task queue"
"DEBUG"	6552	"2026-07-16 13:57:03.000"	"Running worker in work queue Asynchronous task queue"
"DEBUG"	6560	"2026-07-16 13:57:03.000"	"Running worker in work queue Asynchronous task queue"
"DEBUG"	2316	"2026-07-16 13:57:03.000"	"Running worker in work queue Asynchronous task queue"
"DEBUG"	7820	"2026-07-16 13:57:03.000"	"Running worker in work queue Asynchronous task queue"
"DEBUG"	2676	"2026-07-16 13:57:03.000"	"Running worker in work queue Asynchronous task queue"
"DEBUG"	7508	"2026-07-16 13:57:03.000"	"Starting work queue Server queue"
"DEBUG"	7508	"2026-07-16 13:57:03.000"	"Started work queue Server queue"
"DEBUG"	7508	"2026-07-16 13:57:03.016"	"Adding task Scheduler to work queue Server queue"
"DEBUG"	7508	"2026-07-16 13:57:03.016"	"Adding task IOService to work queue Server queue"
"DEBUG"	7508	"2026-07-16 13:57:03.016"	"Creating work queue SMTP delivery queue"
"DEBUG"	8076	"2026-07-16 13:57:03.016"	"Running worker in work queue Server queue"
"DEBUG"	7508	"2026-07-16 13:57:03.016"	"Starting work queue SMTP delivery queue"
"DEBUG"	1076	"2026-07-16 13:57:03.016"	"Running worker in work queue Server queue"
"DEBUG"	1076	"2026-07-16 13:57:03.016"	"Executing task IOService in work queue Server queue"
"DEBUG"	1076	"2026-07-16 13:57:03.016"	"IOService::Start()"
"DEBUG"	5476	"2026-07-16 13:57:03.016"	"Running worker in work queue Server queue"
"DEBUG"	8076	"2026-07-16 13:57:03.016"	"Executing task Scheduler in work queue Server queue"
"DEBUG"	7156	"2026-07-16 13:57:03.016"	"Running worker in work queue Server queue"
"DEBUG"	7508	"2026-07-16 13:57:03.016"	"Started work queue SMTP delivery queue"
"DEBUG"	7508	"2026-07-16 13:57:03.016"	"Adding task SMTPDeliveryManager to work queue Server queue"
"DEBUG"	7508	"2026-07-16 13:57:03.016"	"Creating work queue External fetch queue"
"DEBUG"	7508	"2026-07-16 13:57:03.016"	"Starting work queue External fetch queue"
"DEBUG"	7508	"2026-07-16 13:57:03.016"	"Started work queue External fetch queue"
"DEBUG"	7508	"2026-07-16 13:57:03.016"	"Adding task ExternalFetchManager to work queue Server queue"
"DEBUG"	7156	"2026-07-16 13:57:03.016"	"Executing task SMTPDeliveryManager in work queue Server queue"
"DEBUG"	7156	"2026-07-16 13:57:03.031"	"SMTPDeliveryManager::Start()"
"DEBUG"	5476	"2026-07-16 13:57:03.031"	"Executing task ExternalFetchManager in work queue Server queue"
"DEBUG"	2236	"2026-07-16 13:57:03.031"	"Running worker in work queue SMTP delivery queue"
"DEBUG"	5476	"2026-07-16 13:57:03.031"	"ExternalFetchManager::Start()"
"APPLICATION"	7508	"2026-07-16 13:57:03.031"	"Servers started."
"DEBUG"	7216	"2026-07-16 13:57:03.031"	"Running worker in work queue SMTP delivery queue"
"DEBUG"	7976	"2026-07-16 13:57:03.031"	"Running worker in work queue SMTP delivery queue"
"DEBUG"	6488	"2026-07-16 13:57:03.031"	"Running worker in work queue SMTP delivery queue"
"DEBUG"	6708	"2026-07-16 13:57:03.031"	"Running worker in work queue SMTP delivery queue"
"DEBUG"	7892	"2026-07-16 13:57:03.031"	"Running worker in work queue SMTP delivery queue"
"DEBUG"	2760	"2026-07-16 13:57:03.031"	"Running worker in work queue SMTP delivery queue"
"DEBUG"	3232	"2026-07-16 13:57:03.031"	"Running worker in work queue SMTP delivery queue"
"DEBUG"	908	"2026-07-16 13:57:03.031"	"Running worker in work queue SMTP delivery queue"
"DEBUG"	5068	"2026-07-16 13:57:03.031"	"Running worker in work queue SMTP delivery queue"
"DEBUG"	8032	"2026-07-16 13:57:03.031"	"Running worker in work queue External fetch queue"
"DEBUG"	1076	"2026-07-16 13:57:03.031"	"Creating session 1"
"DEBUG"	6216	"2026-07-16 13:57:03.031"	"Running worker in work queue External fetch queue"
"DEBUG"	6524	"2026-07-16 13:57:03.031"	"Running worker in work queue External fetch queue"
"DEBUG"	1064	"2026-07-16 13:57:03.031"	"Running worker in work queue External fetch queue"
"DEBUG"	7872	"2026-07-16 13:57:03.031"	"Running worker in work queue External fetch queue"
"DEBUG"	4892	"2026-07-16 13:57:03.031"	"Running worker in work queue External fetch queue"
"DEBUG"	6548	"2026-07-16 13:57:03.031"	"Running worker in work queue External fetch queue"
"DEBUG"	3104	"2026-07-16 13:57:03.031"	"Running worker in work queue External fetch queue"
"DEBUG"	1832	"2026-07-16 13:57:03.031"	"Running worker in work queue External fetch queue"
"DEBUG"	3036	"2026-07-16 13:57:03.031"	"Running worker in work queue External fetch queue"
"DEBUG"	5224	"2026-07-16 13:57:03.031"	"Running worker in work queue External fetch queue"
"DEBUG"	7292	"2026-07-16 13:57:03.031"	"Running worker in work queue External fetch queue"
"DEBUG"	952	"2026-07-16 13:57:03.031"	"Running worker in work queue External fetch queue"
"DEBUG"	6120	"2026-07-16 13:57:03.031"	"Running worker in work queue External fetch queue"
"DEBUG"	7280	"2026-07-16 13:57:03.031"	"Running worker in work queue External fetch queue"
"DEBUG"	1076	"2026-07-16 13:57:03.031"	"Creating session 2"
"DEBUG"	1076	"2026-07-16 13:57:03.050"	"Creating session 3"
"DEBUG"	1076	"2026-07-16 13:57:03.050"	"Creating session 4"
"DEBUG"	1076	"2026-07-16 13:57:03.050"	"Creating work queue IOCPQueue"
"DEBUG"	1076	"2026-07-16 13:57:03.050"	"Starting work queue IOCPQueue"
"DEBUG"	1076	"2026-07-16 13:57:03.063"	"Started work queue IOCPQueue"
"DEBUG"	1076	"2026-07-16 13:57:03.063"	"Adding task IOCPQueueWorkerTask to work queue IOCPQueue"
"DEBUG"	1076	"2026-07-16 13:57:03.063"	"Adding task IOCPQueueWorkerTask to work queue IOCPQueue"
"DEBUG"	1076	"2026-07-16 13:57:03.063"	"Adding task IOCPQueueWorkerTask to work queue IOCPQueue"
"DEBUG"	1076	"2026-07-16 13:57:03.063"	"Adding task IOCPQueueWorkerTask to work queue IOCPQueue"
"DEBUG"	1076	"2026-07-16 13:57:03.063"	"Adding task IOCPQueueWorkerTask to work queue IOCPQueue"
"DEBUG"	1076	"2026-07-16 13:57:03.063"	"Adding task IOCPQueueWorkerTask to work queue IOCPQueue"
"DEBUG"	1076	"2026-07-16 13:57:03.063"	"Adding task IOCPQueueWorkerTask to work queue IOCPQueue"
"DEBUG"	1076	"2026-07-16 13:57:03.063"	"Adding task IOCPQueueWorkerTask to work queue IOCPQueue"
"DEBUG"	1076	"2026-07-16 13:57:03.063"	"Adding task IOCPQueueWorkerTask to work queue IOCPQueue"
"DEBUG"	1076	"2026-07-16 13:57:03.063"	"Adding task IOCPQueueWorkerTask to work queue IOCPQueue"
"DEBUG"	1076	"2026-07-16 13:57:03.063"	"Adding task IOCPQueueWorkerTask to work queue IOCPQueue"
"DEBUG"	1076	"2026-07-16 13:57:03.063"	"Adding task IOCPQueueWorkerTask to work queue IOCPQueue"
"DEBUG"	1076	"2026-07-16 13:57:03.063"	"Adding task IOCPQueueWorkerTask to work queue IOCPQueue"
"DEBUG"	1076	"2026-07-16 13:57:03.063"	"Adding task IOCPQueueWorkerTask to work queue IOCPQueue"
"DEBUG"	1076	"2026-07-16 13:57:03.063"	"Adding task IOCPQueueWorkerTask to work queue IOCPQueue"
"DEBUG"	2332	"2026-07-16 13:57:03.079"	"Running worker in work queue IOCPQueue"
"DEBUG"	3476	"2026-07-16 13:57:03.079"	"Running worker in work queue IOCPQueue"
"DEBUG"	3476	"2026-07-16 13:57:03.079"	"Executing task IOCPQueueWorkerTask in work queue IOCPQueue"
"DEBUG"	5952	"2026-07-16 13:57:03.079"	"Running worker in work queue IOCPQueue"
"DEBUG"	5952	"2026-07-16 13:57:03.079"	"Executing task IOCPQueueWorkerTask in work queue IOCPQueue"
"DEBUG"	1072	"2026-07-16 13:57:03.079"	"Running worker in work queue IOCPQueue"
"DEBUG"	1072	"2026-07-16 13:57:03.079"	"Executing task IOCPQueueWorkerTask in work queue IOCPQueue"
"DEBUG"	212	"2026-07-16 13:57:03.079"	"Running worker in work queue IOCPQueue"
"DEBUG"	212	"2026-07-16 13:57:03.079"	"Executing task IOCPQueueWorkerTask in work queue IOCPQueue"
"DEBUG"	5516	"2026-07-16 13:57:03.079"	"Running worker in work queue IOCPQueue"
"DEBUG"	5516	"2026-07-16 13:57:03.079"	"Executing task IOCPQueueWorkerTask in work queue IOCPQueue"
"DEBUG"	2668	"2026-07-16 13:57:03.079"	"Running worker in work queue IOCPQueue"
"DEBUG"	2668	"2026-07-16 13:57:03.079"	"Executing task IOCPQueueWorkerTask in work queue IOCPQueue"
"DEBUG"	7188	"2026-07-16 13:57:03.079"	"Running worker in work queue IOCPQueue"
"DEBUG"	7188	"2026-07-16 13:57:03.079"	"Executing task IOCPQueueWorkerTask in work queue IOCPQueue"
"DEBUG"	1492	"2026-07-16 13:57:03.079"	"Running worker in work queue IOCPQueue"
"DEBUG"	7136	"2026-07-16 13:57:03.079"	"Running worker in work queue IOCPQueue"
"DEBUG"	4236	"2026-07-16 13:57:03.079"	"Running worker in work queue IOCPQueue"
"DEBUG"	4236	"2026-07-16 13:57:03.094"	"Executing task IOCPQueueWorkerTask in work queue IOCPQueue"
"DEBUG"	380	"2026-07-16 13:57:03.079"	"Running worker in work queue IOCPQueue"
"DEBUG"	6696	"2026-07-16 13:57:03.079"	"Running worker in work queue IOCPQueue"
"DEBUG"	6696	"2026-07-16 13:57:03.094"	"Executing task IOCPQueueWorkerTask in work queue IOCPQueue"
"DEBUG"	1492	"2026-07-16 13:57:03.094"	"Executing task IOCPQueueWorkerTask in work queue IOCPQueue"
"DEBUG"	7136	"2026-07-16 13:57:03.094"	"Executing task IOCPQueueWorkerTask in work queue IOCPQueue"
"DEBUG"	3132	"2026-07-16 13:57:03.079"	"Running worker in work queue IOCPQueue"
"DEBUG"	3132	"2026-07-16 13:57:03.094"	"Executing task IOCPQueueWorkerTask in work queue IOCPQueue"
"DEBUG"	1016	"2026-07-16 13:57:03.079"	"Running worker in work queue IOCPQueue"
"DEBUG"	1016	"2026-07-16 13:57:03.094"	"Executing task IOCPQueueWorkerTask in work queue IOCPQueue"
"DEBUG"	380	"2026-07-16 13:57:03.094"	"Executing task IOCPQueueWorkerTask in work queue IOCPQueue"
"DEBUG"	2332	"2026-07-16 13:57:03.094"	"Executing task IOCPQueueWorkerTask in work queue IOCPQueue"
"DEBUG"	2332	"2026-07-16 13:57:22.609"	"Creating session 5"
"TCPIP"	2332	"2026-07-16 13:57:22.609"	"TCP - 10.0.0.128 connected to 10.0.0.128:587."
"DEBUG"	2332	"2026-07-16 13:57:22.625"	"TCP connection started for session 4"
"SMTPD"	2332	4	"2026-07-16 13:57:22.625"	"10.0.0.128"	"SENT: 220 WIN-2F1VNVRVM11 ESMTP"
"SMTPD"	380	4	"2026-07-16 13:57:22.722"	"10.0.0.128"	"RECEIVED: EHLO [10.0.0.128]"
"SMTPD"	380	4	"2026-07-16 13:57:22.722"	"10.0.0.128"	"SENT: 250-WIN-2F1VNVRVM11[nl]250-SIZE 20480000[nl]250-AUTH LOGIN[nl]250 HELP"
"SMTPD"	3132	4	"2026-07-16 13:57:22.738"	"10.0.0.128"	"RECEIVED: AUTH LOGIN"
"SMTPD"	3132	4	"2026-07-16 13:57:22.738"	"10.0.0.128"	"SENT: 334 VXNlcm5hbWU6"
"SMTPD"	1016	4	"2026-07-16 13:57:22.753"	"10.0.0.128"	"RECEIVED: YkBoaS54eXo="
"SMTPD"	1016	4	"2026-07-16 13:57:22.753"	"10.0.0.128"	"SENT: 334 UGFzc3dvcmQ6"
"SMTPD"	1016	4	"2026-07-16 13:57:22.753"	"10.0.0.128"	"RECEIVED: ***"
"SMTPD"	1016	4	"2026-07-16 13:57:22.775"	"10.0.0.128"	"SENT: 235 authenticated."
"SMTPD"	380	4	"2026-07-16 13:57:22.785"	"10.0.0.128"	"RECEIVED: MAIL FROM:<b@hi.xyz> SIZE=323"
"SMTPD"	380	4	"2026-07-16 13:57:22.785"	"10.0.0.128"	"SENT: 250 OK"
"SMTPD"	2332	4	"2026-07-16 13:57:22.785"	"10.0.0.128"	"RECEIVED: RCPT TO:<a@hi.xyz>"
"SMTPD"	2332	4	"2026-07-16 13:57:22.785"	"10.0.0.128"	"SENT: 250 OK"
"SMTPD"	2332	4	"2026-07-16 13:57:22.785"	"10.0.0.128"	"RECEIVED: DATA"
"SMTPD"	2332	4	"2026-07-16 13:57:22.785"	"10.0.0.128"	"SENT: 354 OK, send."
"DEBUG"	3132	"2026-07-16 13:57:22.801"	"Adding task AsynchronousTask to work queue Asynchronous task queue"
"DEBUG"	7820	"2026-07-16 13:57:22.801"	"Executing task AsynchronousTask in work queue Asynchronous task queue"
"DEBUG"	7820	"2026-07-16 13:57:22.817"	"Executing event OnAcceptMessage"
"ERROR"	7820	"2026-07-16 13:57:22.835"	"Script Error: Source: Microsoft VBScript "DEBUG"	7820	"2026-07-16 13:57:22.849"	"Event completed"
"DEBUG"	7820	"2026-07-16 13:57:22.849"	"Saving message: {0BB7F795-85F9-48E8-B0CB-6C831580EC6B}.eml"
"DEBUG"	7820	"2026-07-16 13:57:22.849"	"Requesting SMTPDeliveryManager to start message delivery"
"SMTPD"	7820	4	"2026-07-16 13:57:22.849"	"10.0.0.128"	"SENT: 250 Queued (0.031 seconds)"
"DEBUG"	7156	"2026-07-16 13:57:22.849"	"Adding task DeliveryTask to work queue SMTP delivery queue"
"DEBUG"	5068	"2026-07-16 13:57:22.875"	"Executing task DeliveryTask in work queue SMTP delivery queue"
"DEBUG"	5068	"2026-07-16 13:57:22.875"	"Delivering message..."
"APPLICATION"	5068	"2026-07-16 13:57:22.882"	"SMTPDeliverer - Message 47: Delivering message from b@hi.xyz to a@hi.xyz. File: C:\Program Files (x86)\hMailServer\Data\{0BB7F795-85F9-48E8-B0CB-6C831580EC6B}.eml"
"DEBUG"	5068	"2026-07-16 13:57:22.898"	"Applying rules"
"DEBUG"	380	"2026-07-16 13:57:22.978"	"Creating session 6"
"TCPIP"	380	"2026-07-16 13:57:22.978"	"TCP - 10.0.0.128 connected to 10.0.0.128:143."
"DEBUG"	380	"2026-07-16 13:57:23.010"	"TCP connection started for session 3"
"IMAPD"	380	3	"2026-07-16 13:57:23.010"	"10.0.0.128"	"SENT: * OK IMAPrev1"
"DEBUG"	5068	"2026-07-16 13:57:23.058"	"Applying rule Phishing Filter"
"IMAPD"	3132	3	"2026-07-16 13:57:23.058"	"10.0.0.128"	"RECEIVED: 37 capability"
"IMAPD"	3132	3	"2026-07-16 13:57:23.074"	"10.0.0.128"	"SENT: * CAPABILITY IMAP4 IMAP4rev1 CHILDREN IDLE QUOTA SORT ACL NAMESPACE RIGHTS=texk[nl]37 OK CAPABILITY completed"
"DEBUG"	5068	"2026-07-16 13:57:23.078"	"Performing local delivery"
"IMAPD"	380	3	"2026-07-16 13:57:23.078"	"10.0.0.128"	"RECEIVED: 39 login "b@hi.xyz" ***"
"IMAPD"	380	3	"2026-07-16 13:57:23.090"	"10.0.0.128"	"SENT: 39 OK LOGIN completed"
"IMAPD"	1016	3	"2026-07-16 13:57:23.090"	"10.0.0.128"	"RECEIVED: 40 capability"
"IMAPD"	1016	3	"2026-07-16 13:57:23.090"	"10.0.0.128"	"SENT: * CAPABILITY IMAP4 IMAP4rev1 CHILDREN IDLE QUOTA SORT ACL NAMESPACE RIGHTS=texk[nl]40 OK CAPABILITY completed"
"IMAPD"	380	3	"2026-07-16 13:57:23.090"	"10.0.0.128"	"RECEIVED: 41 append "Sent" (\Seen) {323}"
"IMAPD"	380	3	"2026-07-16 13:57:23.106"	"10.0.0.128"	"SENT: + Ready for literal data"
"DEBUG"	1016	"2026-07-16 13:57:23.106"	"Saving message: {20E94A31-E461-45C5-8BFC-877794FAFFC0}.eml"
"DEBUG"	5068	"2026-07-16 13:57:23.106"	"Applying rules"
"DEBUG"	5068	"2026-07-16 13:57:23.121"	"Saving message: {0BB7F795-85F9-48E8-B0CB-6C831580EC6B}.eml"
"DEBUG"	5068	"2026-07-16 13:57:23.125"	"Local delivery completed"
"APPLICATION"	5068	"2026-07-16 13:57:23.125"	"SMTPDeliverer - Message 47: Message delivery thread completed."
"IMAPD"	1016	3	"2026-07-16 13:57:23.138"	"10.0.0.128"	"SENT: 41 OK APPEND completed"
"SMTPD"	7136	4	"2026-07-16 13:57:28.379"	"10.0.0.128"	"RECEIVED: QUIT"
"SMTPD"	7136	4	"2026-07-16 13:57:28.379"	"10.0.0.128"	"SENT: 221 goodbye"
"DEBUG"	380	"2026-07-16 13:57:28.379"	"Ending session 4"
"DEBUG"	380	"2026-07-16 13:57:46.035"	"Creating session 7"
"TCPIP"	380	"2026-07-16 13:57:46.042"	"TCP - 10.0.0.128 connected to 10.0.0.128:143."
"DEBUG"	380	"2026-07-16 13:57:46.042"	"TCP connection started for session 6"
"IMAPD"	380	6	"2026-07-16 13:57:46.051"	"10.0.0.128"	"SENT: * OK IMAPrev1"
"IMAPD"	380	6	"2026-07-16 13:57:46.051"	"10.0.0.128"	"RECEIVED: 36 capability"
"IMAPD"	380	6	"2026-07-16 13:57:46.051"	"10.0.0.128"	"SENT: * CAPABILITY IMAP4 IMAP4rev1 CHILDREN IDLE QUOTA SORT ACL NAMESPACE RIGHTS=texk[nl]36 OK CAPABILITY completed"
"IMAPD"	380	6	"2026-07-16 13:57:46.051"	"10.0.0.128"	"RECEIVED: 38 login "a@hi.xyz" ***"
"IMAPD"	380	6	"2026-07-16 13:57:46.068"	"10.0.0.128"	"SENT: 38 OK LOGIN completed"
"IMAPD"	380	6	"2026-07-16 13:57:46.068"	"10.0.0.128"	"RECEIVED: 39 capability"
"IMAPD"	380	6	"2026-07-16 13:57:46.068"	"10.0.0.128"	"SENT: * CAPABILITY IMAP4 IMAP4rev1 CHILDREN IDLE QUOTA SORT ACL NAMESPACE RIGHTS=texk[nl]39 OK CAPABILITY completed"
"IMAPD"	380	6	"2026-07-16 13:57:46.068"	"10.0.0.128"	"RECEIVED: 40 select "INBOX""
"DEBUG"	380	"2026-07-16 13:57:46.068"	"Reading messages from database."
"IMAPD"	380	6	"2026-07-16 13:57:46.084"	"10.0.0.128"	"SENT: * 9 EXISTS[nl]* 9 RECENT[nl]* FLAGS (\Deleted \Seen \Draft \Answered \Flagged)[nl]* OK [UIDVALIDITY 1783903039] current uidvalidity[nl]* OK [UNSEEN 5] unseen messages[nl]* OK [UIDNEXT 12] next uid[nl]* OK [PERMANENTFLAGS (\Deleted \Seen \Draft \Answered \Flagged)] limited[nl]40 OK [READ-WRITE] SELECT completed"
"IMAPD"	380	6	"2026-07-16 13:57:46.084"	"10.0.0.128"	"RECEIVED: 41 getquotaroot "INBOX""
"IMAPD"	380	6	"2026-07-16 13:57:46.084"	"10.0.0.128"	"SENT: * QUOTAROOT "INBOX" ""[nl]* QUOTA "" ()[nl]41 OK GETQUOTAROOT completed"
"IMAPD"	380	6	"2026-07-16 13:57:46.084"	"10.0.0.128"	"RECEIVED: 42 UID fetch 1:* (FLAGS)"
"IMAPD"	380	6	"2026-07-16 13:57:46.084"	"10.0.0.128"	"SENT: * 1 FETCH (UID 3 FLAGS (\Seen))"
"IMAPD"	380	6	"2026-07-16 13:57:46.084"	"10.0.0.128"	"SENT: * 2 FETCH (UID 4 FLAGS (\Seen))"
"IMAPD"	380	6	"2026-07-16 13:57:46.095"	"10.0.0.128"	"SENT: * 3 FETCH (UID 5 FLAGS ())"
"IMAPD"	380	6	"2026-07-16 13:57:46.095"	"10.0.0.128"	"SENT: * 4 FETCH (UID 6 FLAGS ())"
"IMAPD"	380	6	"2026-07-16 13:57:46.095"	"10.0.0.128"	"SENT: * 5 FETCH (UID 7 FLAGS ())"
"IMAPD"	380	6	"2026-07-16 13:57:46.095"	"10.0.0.128"	"SENT: * 6 FETCH (UID 8 FLAGS ())"
"IMAPD"	380	6	"2026-07-16 13:57:46.100"	"10.0.0.128"	"SENT: * 7 FETCH (UID 9 FLAGS ())"
"IMAPD"	380	6	"2026-07-16 13:57:46.100"	"10.0.0.128"	"SENT: * 8 FETCH (UID 10 FLAGS ())"
"IMAPD"	380	6	"2026-07-16 13:57:46.100"	"10.0.0.128"	"SENT: * 9 FETCH (UID 11 FLAGS ())"
"IMAPD"	380	6	"2026-07-16 13:57:46.100"	"10.0.0.128"	"SENT: 42 OK UID completed"
"IMAPD"	6696	6	"2026-07-16 13:57:46.100"	"10.0.0.128"	"RECEIVED: 43 UID fetch 10:11 (UID RFC822.SIZE FLAGS BODY.PEEK[HEADER.FIELDS (From To Cc Bcc Subject Date Message-ID Priority X-Priority References Newsgroups In-Reply-To Content-Type Reply-To Received)])"
"IMAPD"	6696	6	"2026-07-16 13:57:46.148"	"10.0.0.128"	"SENT: * 8 FETCH (UID 10 RFC822.SIZE 452 FLAGS () BODY[HEADER.FIELDS (From To Cc Bcc Subject Date Message-ID Priority X-Priority References Newsgroups In-Reply-To Content-Type Reply-To Received)] {331}"
"IMAPD"	6696	6	"2026-07-16 13:57:46.148"	"10.0.0.128"	"SENT: )"
"IMAPD"	6696	6	"2026-07-16 13:57:46.183"	"10.0.0.128"	"SENT: * 9 FETCH (UID 11 RFC822.SIZE 452 FLAGS () BODY[HEADER.FIELDS (From To Cc Bcc Subject Date Message-ID Priority X-Priority References Newsgroups In-Reply-To Content-Type Reply-To Received)] {331}"
"IMAPD"	6696	6	"2026-07-16 13:57:46.183"	"10.0.0.128"	"SENT: )"
"IMAPD"	6696	6	"2026-07-16 13:57:46.183"	"10.0.0.128"	"SENT: 43 OK UID completed"
"IMAPD"	1492	6	"2026-07-16 13:57:46.344"	"10.0.0.128"	"RECEIVED: 44 UID fetch 10,11 (UID RFC822.SIZE BODY.PEEK[])"
"IMAPD"	1492	6	"2026-07-16 13:57:46.356"	"10.0.0.128"	"SENT: * 8 FETCH (UID 10 RFC822.SIZE 452 BODY[] {475}"
"IMAPD"	1492	6	"2026-07-16 13:57:46.356"	"10.0.0.128"	"SENT: )"
"IMAPD"	1492	6	"2026-07-16 13:57:46.356"	"10.0.0.128"	"SENT: * 9 FETCH (UID 11 RFC822.SIZE 452 BODY[] {475}"
"IMAPD"	1492	6	"2026-07-16 13:57:46.356"	"10.0.0.128"	"SENT: )"
"IMAPD"	1492	6	"2026-07-16 13:57:46.356"	"10.0.0.128"	"SENT: 44 OK UID completed"
"IMAPD"	6696	6	"2026-07-16 13:57:47.240"	"10.0.0.128"	"RECEIVED: 45 uid store 11 +Flags (\Seen)"
"IMAPD"	6696	6	"2026-07-16 13:57:47.252"	"10.0.0.128"	"SENT: * 9 FETCH (FLAGS (\Seen) UID 11)"
"IMAPD"	6696	6	"2026-07-16 13:57:47.252"	"10.0.0.128"	"SENT: 45 OK UID completed"
"IMAPD"	2668	6	"2026-07-16 13:57:49.287"	"10.0.0.128"	"RECEIVED: 46 IDLE"
"IMAPD"	2668	6	"2026-07-16 13:57:49.287"	"10.0.0.128"	"SENT: + idling"
"IMAPD"	4236	6	"2026-07-16 13:58:03.156"	"10.0.0.128"	"RECEIVED: DONE"
"IMAPD"	4236	6	"2026-07-16 13:58:03.156"	"10.0.0.128"	"SENT: 46 OK IDLE terminated"
"IMAPD"	7188	6	"2026-07-16 13:58:03.413"	"10.0.0.128"	"RECEIVED: 47 noop"
"IMAPD"	7188	6	"2026-07-16 13:58:03.413"	"10.0.0.128"	"SENT: 47 OK NOOP completed"
"IMAPD"	2668	6	"2026-07-16 13:58:03.559"	"10.0.0.128"	"RECEIVED: 48 getquotaroot "INBOX""
"IMAPD"	2668	6	"2026-07-16 13:58:03.579"	"10.0.0.128"	"SENT: * QUOTAROOT "INBOX" ""[nl]* QUOTA "" ()[nl]48 OK GETQUOTAROOT completed"
"IMAPD"	4236	6	"2026-07-16 13:58:03.655"	"10.0.0.128"	"RECEIVED: 49 UID fetch 12:* (FLAGS)"
"IMAPD"	4236	6	"2026-07-16 13:58:03.655"	"10.0.0.128"	"SENT: 49 OK UID completed"
"IMAPD"	2332	6	"2026-07-16 13:58:05.813"	"10.0.0.128"	"RECEIVED: 50 IDLE"
"IMAPD"	2332	6	"2026-07-16 13:58:05.813"	"10.0.0.128"	"SENT: + idling"
"DEBUG"	380	"2026-07-16 13:58:09.106"	"Creating session 8"
"TCPIP"	380	"2026-07-16 13:58:09.106"	"TCP - 10.0.0.128 connected to 10.0.0.128:143."
"DEBUG"	380	"2026-07-16 13:58:09.125"	"TCP connection started for session 7"
"IMAPD"	380	7	"2026-07-16 13:58:09.129"	"10.0.0.128"	"SENT: * OK IMAPrev1"
"IMAPD"	7188	7	"2026-07-16 13:58:09.170"	"10.0.0.128"	"RECEIVED: 6 capability"
"IMAPD"	7188	7	"2026-07-16 13:58:09.170"	"10.0.0.128"	"SENT: * CAPABILITY IMAP4 IMAP4rev1 CHILDREN IDLE QUOTA SORT ACL NAMESPACE RIGHTS=texk[nl]6 OK CAPABILITY completed"
"IMAPD"	4236	7	"2026-07-16 13:58:09.200"	"10.0.0.128"	"RECEIVED: 8 login "b@hi.xyz" ***"
"IMAPD"	4236	7	"2026-07-16 13:58:09.203"	"10.0.0.128"	"SENT: 8 OK LOGIN completed"
"IMAPD"	4236	7	"2026-07-16 13:58:09.203"	"10.0.0.128"	"RECEIVED: 9 capability"
"IMAPD"	4236	7	"2026-07-16 13:58:09.203"	"10.0.0.128"	"SENT: * CAPABILITY IMAP4 IMAP4rev1 CHILDREN IDLE QUOTA SORT ACL NAMESPACE RIGHTS=texk[nl]9 OK CAPABILITY completed"
"IMAPD"	4236	7	"2026-07-16 13:58:09.219"	"10.0.0.128"	"RECEIVED: 10 select "INBOX""
"DEBUG"	4236	"2026-07-16 13:58:09.229"	"Reading messages from database."
"IMAPD"	4236	7	"2026-07-16 13:58:09.229"	"10.0.0.128"	"SENT: * 6 EXISTS[nl]* 6 RECENT[nl]* FLAGS (\Deleted \Seen \Draft \Answered \Flagged)[nl]* OK [UIDVALIDITY 1783903061] current uidvalidity[nl]* OK [UNSEEN 9] unseen messages[nl]* OK [UIDNEXT 11] next uid[nl]* OK [PERMANENTFLAGS (\Deleted \Seen \Draft \Answered \Flagged)] limited[nl]10 OK [READ-WRITE] SELECT completed"
"IMAPD"	4236	7	"2026-07-16 13:58:09.229"	"10.0.0.128"	"RECEIVED: 11 getquotaroot "INBOX""
"IMAPD"	4236	7	"2026-07-16 13:58:09.235"	"10.0.0.128"	"SENT: * QUOTAROOT "INBOX" ""[nl]* QUOTA "" ()[nl]11 OK GETQUOTAROOT completed"
"IMAPD"	380	7	"2026-07-16 13:58:09.251"	"10.0.0.128"	"RECEIVED: 12 UID fetch 1:* (FLAGS)"
"IMAPD"	380	7	"2026-07-16 13:58:09.251"	"10.0.0.128"	"SENT: * 1 FETCH (UID 5 FLAGS (\Seen))"
"IMAPD"	380	7	"2026-07-16 13:58:09.251"	"10.0.0.128"	"SENT: * 2 FETCH (UID 6 FLAGS (\Seen))"
"IMAPD"	380	7	"2026-07-16 13:58:09.251"	"10.0.0.128"	"SENT: * 3 FETCH (UID 7 FLAGS (\Seen))"
"IMAPD"	380	7	"2026-07-16 13:58:09.251"	"10.0.0.128"	"SENT: * 4 FETCH (UID 8 FLAGS (\Seen))"
"IMAPD"	380	7	"2026-07-16 13:58:09.251"	"10.0.0.128"	"SENT: * 5 FETCH (UID 9 FLAGS ())"
"IMAPD"	380	7	"2026-07-16 13:58:09.267"	"10.0.0.128"	"SENT: * 6 FETCH (UID 10 FLAGS (\Seen))"
"IMAPD"	380	7	"2026-07-16 13:58:09.267"	"10.0.0.128"	"SENT: 12 OK UID completed"
"IMAPD"	3132	7	"2026-07-16 13:58:11.426"	"10.0.0.128"	"RECEIVED: 13 IDLE"
"IMAPD"	3132	7	"2026-07-16 13:58:11.426"	"10.0.0.128"	"SENT: + idling"
"DEBUG"	2332	"2026-07-16 13:58:19.355"	"Creating session 9"
"TCPIP"	2332	"2026-07-16 13:58:19.387"	"TCP - 10.0.0.128 connected to 10.0.0.128:587."
"DEBUG"	2332	"2026-07-16 13:58:19.387"	"TCP connection started for session 5"
"SMTPD"	2332	5	"2026-07-16 13:58:19.402"	"10.0.0.128"	"SENT: 220 WIN-2F1VNVRVM11 ESMTP"
"SMTPD"	1492	5	"2026-07-16 13:58:19.515"	"10.0.0.128"	"RECEIVED: EHLO [10.0.0.128]"
"SMTPD"	1492	5	"2026-07-16 13:58:19.532"	"10.0.0.128"	"SENT: 250-WIN-2F1VNVRVM11[nl]250-SIZE 20480000[nl]250-AUTH LOGIN[nl]250 HELP"
"SMTPD"	3132	5	"2026-07-16 13:58:19.532"	"10.0.0.128"	"RECEIVED: AUTH LOGIN"
"SMTPD"	3132	5	"2026-07-16 13:58:19.532"	"10.0.0.128"	"SENT: 334 VXNlcm5hbWU6"
"SMTPD"	1016	5	"2026-07-16 13:58:19.548"	"10.0.0.128"	"RECEIVED: YkBoaS54eXo="
"SMTPD"	1016	5	"2026-07-16 13:58:19.548"	"10.0.0.128"	"SENT: 334 UGFzc3dvcmQ6"
"SMTPD"	3132	5	"2026-07-16 13:58:19.548"	"10.0.0.128"	"RECEIVED: ***"
"SMTPD"	3132	5	"2026-07-16 13:58:19.564"	"10.0.0.128"	"SENT: 235 authenticated."
"SMTPD"	2332	5	"2026-07-16 13:58:19.564"	"10.0.0.128"	"RECEIVED: MAIL FROM:<b@hi.xyz> SIZE=695"
"SMTPD"	2332	5	"2026-07-16 13:58:19.564"	"10.0.0.128"	"SENT: 250 OK"
"SMTPD"	1016	5	"2026-07-16 13:58:19.564"	"10.0.0.128"	"RECEIVED: RCPT TO:<a@hi.xyz>"
"SMTPD"	1016	5	"2026-07-16 13:58:19.564"	"10.0.0.128"	"SENT: 250 OK"
"SMTPD"	1016	5	"2026-07-16 13:58:19.564"	"10.0.0.128"	"RECEIVED: DATA"
"SMTPD"	1016	5	"2026-07-16 13:58:19.579"	"10.0.0.128"	"SENT: 354 OK, send."
"DEBUG"	1492	"2026-07-16 13:58:19.595"	"Adding task AsynchronousTask to work queue Asynchronous task queue"
"DEBUG"	7820	"2026-07-16 13:58:19.595"	"Executing task AsynchronousTask in work queue Asynchronous task queue"
"DEBUG"	7820	"2026-07-16 13:58:19.595"	"Executing event OnAcceptMessage"
"ERROR"	7820	"2026-07-16 13:58:19.595"	"Script Error: Source: Microsoft VBScript "DEBUG"	7820	"2026-07-16 13:58:19.595"	"Event completed"
"DEBUG"	7820	"2026-07-16 13:58:19.595"	"Saving message: {2D6ADA21-0802-4E76-A64D-B0FA36BDABFE}.eml"
"DEBUG"	7820	"2026-07-16 13:58:19.615"	"Requesting SMTPDeliveryManager to start message delivery"
"SMTPD"	7820	5	"2026-07-16 13:58:19.615"	"10.0.0.128"	"SENT: 250 Queued (0.016 seconds)"
"DEBUG"	7156	"2026-07-16 13:58:19.620"	"Adding task DeliveryTask to work queue SMTP delivery queue"
"DEBUG"	5068	"2026-07-16 13:58:19.630"	"Executing task DeliveryTask in work queue SMTP delivery queue"
"DEBUG"	5068	"2026-07-16 13:58:19.643"	"Delivering message..."
"APPLICATION"	5068	"2026-07-16 13:58:19.643"	"SMTPDeliverer - Message 49: Delivering message from b@hi.xyz to a@hi.xyz. File: C:\Program Files (x86)\hMailServer\Data\{2D6ADA21-0802-4E76-A64D-B0FA36BDABFE}.eml"
"DEBUG"	5068	"2026-07-16 13:58:19.643"	"Applying rules"
"DEBUG"	5068	"2026-07-16 13:58:19.706"	"Applying rule Phishing Filter"
"DEBUG"	5068	"2026-07-16 13:58:19.706"	"Performing rule action"
"DEBUG"	5068	"2026-07-16 13:58:19.715"	"Performing rule action"
"DEBUG"	5068	"2026-07-16 13:58:19.715"	"Performing local delivery"
"DEBUG"	5068	"2026-07-16 13:58:19.721"	"Applying rules"
"IMAPD"	1492	3	"2026-07-16 13:58:19.754"	"10.0.0.128"	"RECEIVED: 42 append "Sent" (\Seen) {695}"
"DEBUG"	5068	"2026-07-16 13:58:19.769"	"Saving message: {2D6ADA21-0802-4E76-A64D-B0FA36BDABFE}.eml"
"IMAPD"	1492	3	"2026-07-16 13:58:19.769"	"10.0.0.128"	"SENT: + Ready for literal data"
"DEBUG"	5068	"2026-07-16 13:58:19.785"	"Reading messages from database."
"IMAPD"	5068	6	"2026-07-16 13:58:19.785"	"10.0.0.128"	"SENT: * 10 EXISTS"
"IMAPD"	5068	6	"2026-07-16 13:58:19.785"	"10.0.0.128"	"SENT: * 10 RECENT"
"IMAPD"	3132	6	"2026-07-16 13:58:19.785"	"10.0.0.128"	"RECEIVED: DONE"
"DEBUG"	1492	"2026-07-16 13:58:19.801"	"Saving message: {4DB6D3E8-35BD-4866-BDBC-256A562C99FB}.eml"
"IMAPD"	1492	3	"2026-07-16 13:58:19.817"	"10.0.0.128"	"SENT: 42 OK APPEND completed"
"IMAPD"	3132	6	"2026-07-16 13:58:19.801"	"10.0.0.128"	"SENT: 50 OK IDLE terminated"
"DEBUG"	5068	"2026-07-16 13:58:19.801"	"Local delivery completed"
"APPLICATION"	5068	"2026-07-16 13:58:19.849"	"SMTPDeliverer - Message 49: Message delivery thread completed."
"IMAPD"	1016	6	"2026-07-16 13:58:19.849"	"10.0.0.128"	"RECEIVED: 51 noop"
"IMAPD"	1016	6	"2026-07-16 13:58:19.849"	"10.0.0.128"	"SENT: 51 OK NOOP completed"
"IMAPD"	1016	6	"2026-07-16 13:58:19.865"	"10.0.0.128"	"RECEIVED: 52 getquotaroot "INBOX""
"IMAPD"	1016	6	"2026-07-16 13:58:19.865"	"10.0.0.128"	"SENT: * QUOTAROOT "INBOX" ""[nl]* QUOTA "" ()[nl]52 OK GETQUOTAROOT completed"
"IMAPD"	3132	6	"2026-07-16 13:58:19.865"	"10.0.0.128"	"RECEIVED: 53 UID fetch 12:* (FLAGS)"
"IMAPD"	3132	6	"2026-07-16 13:58:19.865"	"10.0.0.128"	"SENT: * 10 FETCH (UID 12 FLAGS ())"
"IMAPD"	3132	6	"2026-07-16 13:58:19.865"	"10.0.0.128"	"SENT: 53 OK UID completed"
"IMAPD"	7136	6	"2026-07-16 13:58:19.865"	"10.0.0.128"	"RECEIVED: 54 UID fetch 12 (UID RFC822.SIZE FLAGS BODY.PEEK[HEADER.FIELDS (From To Cc Bcc Subject Date Message-ID Priority X-Priority References Newsgroups In-Reply-To Content-Type Reply-To Received)])"
"IMAPD"	7136	6	"2026-07-16 13:58:19.882"	"10.0.0.128"	"SENT: * 10 FETCH (UID 12 RFC822.SIZE 857 FLAGS () BODY[HEADER.FIELDS (From To Cc Bcc Subject Date Message-ID Priority X-Priority References Newsgroups In-Reply-To Content-Type Reply-To Received)] {335}"
"IMAPD"	7136	6	"2026-07-16 13:58:19.882"	"10.0.0.128"	"SENT: )"
"IMAPD"	7136	6	"2026-07-16 13:58:19.882"	"10.0.0.128"	"SENT: 54 OK UID completed"
"IMAPD"	380	6	"2026-07-16 13:58:19.979"	"10.0.0.128"	"RECEIVED: 55 UID fetch 12 (UID RFC822.SIZE BODY.PEEK[])"
"IMAPD"	380	6	"2026-07-16 13:58:19.979"	"10.0.0.128"	"SENT: * 10 FETCH (UID 12 RFC822.SIZE 857 BODY[] {880}"
"IMAPD"	380	6	"2026-07-16 13:58:19.979"	"10.0.0.128"	"SENT: )"
"IMAPD"	380	6	"2026-07-16 13:58:19.979"	"10.0.0.128"	"SENT: 55 OK UID completed"
"IMAPD"	2332	6	"2026-07-16 13:58:19.995"	"10.0.0.128"	"RECEIVED: 56 UID fetch 12 (UID BODY.PEEK[HEADER.FIELDS (Content-Type Content-Transfer-Encoding)] BODY.PEEK[TEXT]<0.2048>)"
"IMAPD"	2332	6	"2026-07-16 13:58:20.011"	"10.0.0.128"	"SENT: * 10 FETCH (UID 12 BODY[HEADER.FIELDS (Content-Type Content-Transfer-Encoding)] {91}"
"IMAPD"	2332	6	"2026-07-16 13:58:20.017"	"10.0.0.128"	"SENT:  BODY[TEXT]<0> {378}"
"IMAPD"	2332	6	"2026-07-16 13:58:20.017"	"10.0.0.128"	"SENT: )"
"IMAPD"	2332	6	"2026-07-16 13:58:20.017"	"10.0.0.128"	"SENT: 56 OK UID completed"
"IMAPD"	7188	6	"2026-07-16 13:58:22.055"	"10.0.0.128"	"RECEIVED: 57 IDLE"
"IMAPD"	7188	6	"2026-07-16 13:58:22.055"	"10.0.0.128"	"SENT: + idling"
"SMTPD"	3132	5	"2026-07-16 13:58:24.839"	"10.0.0.128"	"RECEIVED: QUIT"
"SMTPD"	3132	5	"2026-07-16 13:58:24.839"	"10.0.0.128"	"SENT: 221 goodbye"
"DEBUG"	2332	"2026-07-16 13:58:24.839"	"Ending session 5"
"IMAPD"	1492	6	"2026-07-16 13:59:07.427"	"10.0.0.128"	"RECEIVED: DONE"
"IMAPD"	1492	6	"2026-07-16 13:59:07.427"	"10.0.0.128"	"SENT: 57 OK IDLE terminated"
"IMAPD"	2332	6	"2026-07-16 13:59:07.545"	"10.0.0.128"	"RECEIVED: 58 noop"
"IMAPD"	2332	6	"2026-07-16 13:59:07.556"	"10.0.0.128"	"SENT: 58 OK NOOP completed"
"IMAPD"	3132	6	"2026-07-16 13:59:07.572"	"10.0.0.128"	"RECEIVED: 59 getquotaroot "INBOX""
"IMAPD"	3132	6	"2026-07-16 13:59:07.587"	"10.0.0.128"	"SENT: * QUOTAROOT "INBOX" ""[nl]* QUOTA "" ()[nl]59 OK GETQUOTAROOT completed"
"IMAPD"	7188	6	"2026-07-16 13:59:07.604"	"10.0.0.128"	"RECEIVED: 60 UID fetch 13:* (FLAGS)"
"IMAPD"	7188	6	"2026-07-16 13:59:07.604"	"10.0.0.128"	"SENT: 60 OK UID completed"
"IMAPD"	7188	6	"2026-07-16 13:59:08.763"	"10.0.0.128"	"RECEIVED: 61 uid store 12 +Flags (\Seen)"
"IMAPD"	7188	6	"2026-07-16 13:59:08.779"	"10.0.0.128"	"SENT: * 10 FETCH (FLAGS (\Seen) UID 12)"
"IMAPD"	7188	6	"2026-07-16 13:59:08.779"	"10.0.0.128"	"SENT: 61 OK UID completed"
"IMAPD"	3132	6	"2026-07-16 13:59:10.950"	"10.0.0.128"	"RECEIVED: 62 IDLE"
"IMAPD"	3132	6	"2026-07-16 13:59:10.950"	"10.0.0.128"	"SENT: + idling"
"DEBUG"	2332	"2026-07-16 13:59:20.964"	"Creating session 10"
"TCPIP"	2332	"2026-07-16 13:59:20.980"	"TCP - 10.0.0.128 connected to 10.0.0.128:587."
"DEBUG"	2332	"2026-07-16 13:59:20.996"	"TCP connection started for session 9"
"SMTPD"	2332	9	"2026-07-16 13:59:20.996"	"10.0.0.128"	"SENT: 220 WIN-2F1VNVRVM11 ESMTP"
"SMTPD"	2332	9	"2026-07-16 13:59:21.124"	"10.0.0.128"	"RECEIVED: EHLO [10.0.0.128]"
"SMTPD"	2332	9	"2026-07-16 13:59:21.124"	"10.0.0.128"	"SENT: 250-WIN-2F1VNVRVM11[nl]250-SIZE 20480000[nl]250-AUTH LOGIN[nl]250 HELP"
"SMTPD"	2332	9	"2026-07-16 13:59:21.147"	"10.0.0.128"	"RECEIVED: AUTH LOGIN"
"SMTPD"	2332	9	"2026-07-16 13:59:21.147"	"10.0.0.128"	"SENT: 334 VXNlcm5hbWU6"
"SMTPD"	7188	9	"2026-07-16 13:59:21.155"	"10.0.0.128"	"RECEIVED: YkBoaS54eXo="
"SMTPD"	7188	9	"2026-07-16 13:59:21.162"	"10.0.0.128"	"SENT: 334 UGFzc3dvcmQ6"
"SMTPD"	3132	9	"2026-07-16 13:59:21.170"	"10.0.0.128"	"RECEIVED: ***"
"SMTPD"	3132	9	"2026-07-16 13:59:21.256"	"10.0.0.128"	"SENT: 235 authenticated."
"SMTPD"	3132	9	"2026-07-16 13:59:21.267"	"10.0.0.128"	"RECEIVED: MAIL FROM:<a@hi.xyz> SIZE=692"
"SMTPD"	3132	9	"2026-07-16 13:59:21.283"	"10.0.0.128"	"SENT: 250 OK"
"SMTPD"	1492	9	"2026-07-16 13:59:21.330"	"10.0.0.128"	"RECEIVED: RCPT TO:<b@hi.xyz>"
"SMTPD"	1492	9	"2026-07-16 13:59:21.363"	"10.0.0.128"	"SENT: 250 OK"
"SMTPD"	1492	9	"2026-07-16 13:59:21.399"	"10.0.0.128"	"RECEIVED: DATA"
"SMTPD"	1492	9	"2026-07-16 13:59:21.427"	"10.0.0.128"	"SENT: 354 OK, send."
"DEBUG"	7188	"2026-07-16 13:59:21.475"	"Adding task AsynchronousTask to work queue Asynchronous task queue"
"DEBUG"	7820	"2026-07-16 13:59:21.491"	"Executing task AsynchronousTask in work queue Asynchronous task queue"
"DEBUG"	7820	"2026-07-16 13:59:21.500"	"Executing event OnAcceptMessage"
"ERROR"	7820	"2026-07-16 13:59:21.524"	"Script Error: Source: Microsoft VBScript "DEBUG"	7820	"2026-07-16 13:59:21.549"	"Event completed"
"DEBUG"	7820	"2026-07-16 13:59:21.549"	"Saving message: {ACA3C965-A62D-473E-AC14-5B014A2C486E}.eml"
"DEBUG"	7820	"2026-07-16 13:59:21.557"	"Requesting SMTPDeliveryManager to start message delivery"
"DEBUG"	7156	"2026-07-16 13:59:21.574"	"Adding task DeliveryTask to work queue SMTP delivery queue"
"SMTPD"	7820	9	"2026-07-16 13:59:21.574"	"10.0.0.128"	"SENT: 250 Queued (0.078 seconds)"
"DEBUG"	5068	"2026-07-16 13:59:21.589"	"Executing task DeliveryTask in work queue SMTP delivery queue"
"DEBUG"	5068	"2026-07-16 13:59:21.589"	"Delivering message..."
"APPLICATION"	5068	"2026-07-16 13:59:21.601"	"SMTPDeliverer - Message 51: Delivering message from a@hi.xyz to b@hi.xyz. File: C:\Program Files (x86)\hMailServer\Data\{ACA3C965-A62D-473E-AC14-5B014A2C486E}.eml"
"DEBUG"	5068	"2026-07-16 13:59:21.606"	"Applying rules"
"DEBUG"	5068	"2026-07-16 13:59:21.687"	"Applying rule Phishing Filter"
"DEBUG"	5068	"2026-07-16 13:59:21.703"	"Performing rule action"
"DEBUG"	5068	"2026-07-16 13:59:21.751"	"Performing rule action"
"DEBUG"	5068	"2026-07-16 13:59:21.767"	"Performing local delivery"
"DEBUG"	5068	"2026-07-16 13:59:21.817"	"Applying rules"
"DEBUG"	5068	"2026-07-16 13:59:21.863"	"Saving message: {ACA3C965-A62D-473E-AC14-5B014A2C486E}.eml"
"DEBUG"	5068	"2026-07-16 13:59:21.894"	"Reading messages from database."
"IMAPD"	5068	7	"2026-07-16 13:59:21.911"	"10.0.0.128"	"SENT: * 7 EXISTS"
"DEBUG"	380	"2026-07-16 13:59:21.911"	"Creating session 11"
"TCPIP"	380	"2026-07-16 13:59:21.926"	"TCP - 10.0.0.128 connected to 10.0.0.128:143."
"IMAPD"	5068	7	"2026-07-16 13:59:21.926"	"10.0.0.128"	"SENT: * 7 RECENT"
"DEBUG"	380	"2026-07-16 13:59:21.926"	"TCP connection started for session 8"
"DEBUG"	5068	"2026-07-16 13:59:21.941"	"Local delivery completed"
"IMAPD"	380	8	"2026-07-16 13:59:21.941"	"10.0.0.128"	"SENT: * OK IMAPrev1"
"IMAPD"	7188	7	"2026-07-16 13:59:21.941"	"10.0.0.128"	"RECEIVED: DONE"
"IMAPD"	7188	7	"2026-07-16 13:59:21.952"	"10.0.0.128"	"SENT: 13 OK IDLE terminated"
"APPLICATION"	5068	"2026-07-16 13:59:21.941"	"SMTPDeliverer - Message 51: Message delivery thread completed."
"IMAPD"	380	8	"2026-07-16 13:59:21.952"	"10.0.0.128"	"RECEIVED: 48 capability"
"IMAPD"	7188	7	"2026-07-16 13:59:21.952"	"10.0.0.128"	"RECEIVED: 14 noop"
"IMAPD"	380	8	"2026-07-16 13:59:21.961"	"10.0.0.128"	"SENT: * CAPABILITY IMAP4 IMAP4rev1 CHILDREN IDLE QUOTA SORT ACL NAMESPACE RIGHTS=texk[nl]48 OK CAPABILITY completed"
"IMAPD"	7188	7	"2026-07-16 13:59:21.961"	"10.0.0.128"	"SENT: 14 OK NOOP completed"
"IMAPD"	1016	8	"2026-07-16 13:59:21.990"	"10.0.0.128"	"RECEIVED: 50 login "a@hi.xyz" ***"
"IMAPD"	1492	7	"2026-07-16 13:59:21.990"	"10.0.0.128"	"RECEIVED: 15 getquotaroot "INBOX""
"IMAPD"	1492	7	"2026-07-16 13:59:21.990"	"10.0.0.128"	"SENT: * QUOTAROOT "INBOX" ""[nl]* QUOTA "" ()[nl]15 OK GETQUOTAROOT completed"
"IMAPD"	1016	8	"2026-07-16 13:59:21.990"	"10.0.0.128"	"SENT: 50 OK LOGIN completed"
"IMAPD"	7188	7	"2026-07-16 13:59:22.038"	"10.0.0.128"	"RECEIVED: 16 UID fetch 11:* (FLAGS)"
"IMAPD"	2332	8	"2026-07-16 13:59:22.038"	"10.0.0.128"	"RECEIVED: 51 capability"
"IMAPD"	7188	7	"2026-07-16 13:59:22.038"	"10.0.0.128"	"SENT: * 7 FETCH (UID 11 FLAGS ())"
"IMAPD"	7188	7	"2026-07-16 13:59:22.089"	"10.0.0.128"	"SENT: 16 OK UID completed"
"IMAPD"	2332	8	"2026-07-16 13:59:22.089"	"10.0.0.128"	"SENT: * CAPABILITY IMAP4 IMAP4rev1 CHILDREN IDLE QUOTA SORT ACL NAMESPACE RIGHTS=texk[nl]51 OK CAPABILITY completed"
"IMAPD"	2332	8	"2026-07-16 13:59:22.089"	"10.0.0.128"	"RECEIVED: 52 append "Sent" (\Seen) {692}"
"IMAPD"	380	7	"2026-07-16 13:59:22.089"	"10.0.0.128"	"RECEIVED: 17 UID fetch 11 (UID RFC822.SIZE FLAGS BODY.PEEK[HEADER.FIELDS (From To Cc Bcc Subject Date Message-ID Priority X-Priority References Newsgroups In-Reply-To Content-Type Reply-To Received)])"
"IMAPD"	2332	8	"2026-07-16 13:59:22.101"	"10.0.0.128"	"SENT: + Ready for literal data"
"DEBUG"	1016	"2026-07-16 13:59:22.165"	"Saving message: {9D72913E-347E-49DD-93BA-E50FF05DBCFD}.eml"
"IMAPD"	1016	8	"2026-07-16 13:59:22.182"	"10.0.0.128"	"SENT: 52 OK APPEND completed"
"IMAPD"	380	7	"2026-07-16 13:59:22.192"	"10.0.0.128"	"SENT: * 7 FETCH (UID 11 RFC822.SIZE 854 FLAGS () BODY[HEADER.FIELDS (From To Cc Bcc Subject Date Message-ID Priority X-Priority References Newsgroups In-Reply-To Content-Type Reply-To Received)] {332}"
"IMAPD"	380	7	"2026-07-16 13:59:22.198"	"10.0.0.128"	"SENT: )"
"IMAPD"	380	7	"2026-07-16 13:59:22.198"	"10.0.0.128"	"SENT: 17 OK UID completed"
"IMAPD"	2332	7	"2026-07-16 13:59:22.270"	"10.0.0.128"	"RECEIVED: 18 UID fetch 11 (UID RFC822.SIZE BODY.PEEK[])"
"IMAPD"	2332	7	"2026-07-16 13:59:22.270"	"10.0.0.128"	"SENT: * 7 FETCH (UID 11 RFC822.SIZE 854 BODY[] {877}"
"IMAPD"	2332	7	"2026-07-16 13:59:22.270"	"10.0.0.128"	"SENT: )"
"IMAPD"	2332	7	"2026-07-16 13:59:22.270"	"10.0.0.128"	"SENT: 18 OK UID completed"
"IMAPD"	1016	7	"2026-07-16 13:59:22.284"	"10.0.0.128"	"RECEIVED: 19 UID fetch 11 (UID BODY.PEEK[HEADER.FIELDS (Content-Type Content-Transfer-Encoding)] BODY.PEEK[TEXT]<0.2048>)"
"IMAPD"	1016	7	"2026-07-16 13:59:22.295"	"10.0.0.128"	"SENT: * 7 FETCH (UID 11 BODY[HEADER.FIELDS (Content-Type Content-Transfer-Encoding)] {91}"
"IMAPD"	1016	7	"2026-07-16 13:59:22.295"	"10.0.0.128"	"SENT:  BODY[TEXT]<0> {378}"
"IMAPD"	1016	7	"2026-07-16 13:59:22.295"	"10.0.0.128"	"SENT: )"
"IMAPD"	1016	7	"2026-07-16 13:59:22.311"	"10.0.0.128"	"SENT: 19 OK UID completed"
"IMAPD"	3132	7	"2026-07-16 13:59:24.351"	"10.0.0.128"	"RECEIVED: 20 IDLE"
"IMAPD"	3132	7	"2026-07-16 13:59:24.351"	"10.0.0.128"	"SENT: + idling"
"SMTPD"	380	9	"2026-07-16 13:59:26.598"	"10.0.0.128"	"RECEIVED: QUIT"
"SMTPD"	380	9	"2026-07-16 13:59:26.598"	"10.0.0.128"	"SENT: 221 goodbye"
"DEBUG"	380	"2026-07-16 13:59:26.614"	"Ending session 9"
"IMAPD"	1016	7	"2026-07-16 15:15:44.824"	"10.0.0.128"	"RECEIVED: DONE"
"IMAPD"	1016	7	"2026-07-16 15:15:44.824"	"10.0.0.128"	"SENT: 20 OK IDLE terminated"
"IMAPD"	1016	3	"2026-07-16 15:15:44.841"	"10.0.0.128"	"RECEIVED: 43 logout"
"IMAPD"	1016	3	"2026-07-16 15:15:44.856"	"10.0.0.128"	"SENT: * BYE Have a nice day[nl]43 OK Logout completed"
"IMAPD"	1016	8	"2026-07-16 15:15:44.856"	"10.0.0.128"	"RECEIVED: 53 logout"
"IMAPD"	1016	8	"2026-07-16 15:15:44.872"	"10.0.0.128"	"SENT: * BYE Have a nice day[nl]53 OK Logout completed"
"IMAPD"	1016	6	"2026-07-16 15:15:44.872"	"10.0.0.128"	"RECEIVED: DONE"
"IMAPD"	1016	6	"2026-07-16 15:15:44.872"	"10.0.0.128"	"SENT: 62 OK IDLE terminated"
"DEBUG"	4236	"2026-07-16 15:15:44.904"	"Ending session 8"
"IMAPD"	4236	7	"2026-07-16 15:15:45.058"	"10.0.0.128"	"RECEIVED: 21 close"
"IMAPD"	4236	7	"2026-07-16 15:15:45.058"	"10.0.0.128"	"SENT: 21 OK CLOSE completed"
"DEBUG"	7188	"2026-07-16 15:15:45.058"	"Ending session 3"
"IMAPD"	6696	6	"2026-07-16 15:15:45.058"	"10.0.0.128"	"RECEIVED: 63 close"
"IMAPD"	6696	6	"2026-07-16 15:15:45.058"	"10.0.0.128"	"SENT: 63 OK CLOSE completed"
"IMAPD"	6696	6	"2026-07-16 15:15:45.074"	"10.0.0.128"	"RECEIVED: 64 logout"
"IMAPD"	6696	6	"2026-07-16 15:15:45.074"	"10.0.0.128"	"SENT: * BYE Have a nice day[nl]64 OK Logout completed"
"DEBUG"	5952	"2026-07-16 15:15:45.172"	"Ending session 6"
"IMAPD"	5516	7	"2026-07-16 15:15:45.232"	"10.0.0.128"	"RECEIVED: 22 logout"
"IMAPD"	5516	7	"2026-07-16 15:15:45.258"	"10.0.0.128"	"SENT: * BYE Have a nice day[nl]22 OK Logout completed"
"DEBUG"	1072	"2026-07-16 15:15:45.449"	"Ending session 7"
"DEBUG"	380	"2026-07-16 15:15:50.347"	"Creating session 12"
"TCPIP"	380	"2026-07-16 15:15:50.347"	"TCP - 10.0.0.128 connected to 10.0.0.128:143."
"DEBUG"	2668	"2026-07-16 15:15:50.347"	"Creating session 13"
"TCPIP"	2668	"2026-07-16 15:15:50.347"	"TCP - 10.0.0.128 connected to 10.0.0.128:143."
"DEBUG"	380	"2026-07-16 15:15:50.347"	"TCP connection started for session 11"
"IMAPD"	380	11	"2026-07-16 15:15:50.347"	"10.0.0.128"	"SENT: * OK IMAPrev1"
"DEBUG"	2668	"2026-07-16 15:15:50.362"	"TCP connection started for session 12"
"IMAPD"	2668	12	"2026-07-16 15:15:50.362"	"10.0.0.128"	"SENT: * OK IMAPrev1"
"IMAPD"	2668	12	"2026-07-16 15:15:50.397"	"10.0.0.128"	"RECEIVED: 90 capability"
"IMAPD"	2668	12	"2026-07-16 15:15:50.397"	"10.0.0.128"	"SENT: * CAPABILITY IMAP4 IMAP4rev1 CHILDREN IDLE QUOTA SORT ACL NAMESPACE RIGHTS=texk[nl]90 OK CAPABILITY completed"
"IMAPD"	2668	11	"2026-07-16 15:15:50.522"	"10.0.0.128"	"RECEIVED: 30 capability"
"IMAPD"	2668	11	"2026-07-16 15:15:50.522"	"10.0.0.128"	"SENT: * CAPABILITY IMAP4 IMAP4rev1 CHILDREN IDLE QUOTA SORT ACL NAMESPACE RIGHTS=texk[nl]30 OK CAPABILITY completed"
"IMAPD"	2668	12	"2026-07-16 15:15:50.522"	"10.0.0.128"	"RECEIVED: 92 login "b@hi.xyz" ***"
"IMAPD"	2668	12	"2026-07-16 15:15:50.522"	"10.0.0.128"	"SENT: 92 OK LOGIN completed"
"IMAPD"	380	11	"2026-07-16 15:15:50.819"	"10.0.0.128"	"RECEIVED: 32 login "a@hi.xyz" ***"
"IMAPD"	2332	12	"2026-07-16 15:15:50.819"	"10.0.0.128"	"RECEIVED: 93 capability"
"IMAPD"	2332	12	"2026-07-16 15:15:50.862"	"10.0.0.128"	"SENT: * CAPABILITY IMAP4 IMAP4rev1 CHILDREN IDLE QUOTA SORT ACL NAMESPACE RIGHTS=texk[nl]93 OK CAPABILITY completed"
"DEBUG"	2668	"2026-07-16 15:15:50.834"	"Creating session 14"
"TCPIP"	2668	"2026-07-16 15:15:50.874"	"TCP - 10.0.0.128 connected to 10.0.0.128:143."
"IMAPD"	380	11	"2026-07-16 15:15:50.902"	"10.0.0.128"	"SENT: 32 OK LOGIN completed"
"DEBUG"	2668	"2026-07-16 15:15:50.933"	"TCP connection started for session 13"
"IMAPD"	2668	13	"2026-07-16 15:15:50.981"	"10.0.0.128"	"SENT: * OK IMAPrev1"
"IMAPD"	2668	11	"2026-07-16 15:15:50.997"	"10.0.0.128"	"RECEIVED: 33 capability"
"IMAPD"	2668	11	"2026-07-16 15:15:50.997"	"10.0.0.128"	"SENT: * CAPABILITY IMAP4 IMAP4rev1 CHILDREN IDLE QUOTA SORT ACL NAMESPACE RIGHTS=texk[nl]33 OK CAPABILITY completed"
"IMAPD"	7136	12	"2026-07-16 15:15:51.012"	"10.0.0.128"	"RECEIVED: 94 select "INBOX""
"IMAPD"	7136	12	"2026-07-16 15:15:51.012"	"10.0.0.128"	"SENT: * 7 EXISTS[nl]* 0 RECENT[nl]* FLAGS (\Deleted \Seen \Draft \Answered \Flagged)[nl]* OK [UIDVALIDITY 1783903061] current uidvalidity[nl]* OK [UNSEEN 9] unseen messages[nl]* OK [UIDNEXT 12] next uid[nl]* OK [PERMANENTFLAGS (\Deleted \Seen \Draft \Answered \Flagged)] limited[nl]94 OK [READ-WRITE] SELECT completed"
"IMAPD"	212	13	"2026-07-16 15:15:51.102"	"10.0.0.128"	"RECEIVED: 80 capability"
"IMAPD"	212	13	"2026-07-16 15:15:51.127"	"10.0.0.128"	"SENT: * CAPABILITY IMAP4 IMAP4rev1 CHILDREN IDLE QUOTA SORT ACL NAMESPACE RIGHTS=texk[nl]80 OK CAPABILITY completed"
"IMAPD"	5952	11	"2026-07-16 15:15:51.139"	"10.0.0.128"	"RECEIVED: 34 select "INBOX""
"IMAPD"	1492	12	"2026-07-16 15:15:51.144"	"10.0.0.128"	"RECEIVED: 95 getquotaroot "INBOX""
"IMAPD"	1492	12	"2026-07-16 15:15:51.216"	"10.0.0.128"	"SENT: * QUOTAROOT "INBOX" ""[nl]* QUOTA "" ()[nl]95 OK GETQUOTAROOT completed"
"IMAPD"	5952	11	"2026-07-16 15:15:51.226"	"10.0.0.128"	"SENT: * 10 EXISTS[nl]* 0 RECENT[nl]* FLAGS (\Deleted \Seen \Draft \Answered \Flagged)[nl]* OK [UIDVALIDITY 1783903039] current uidvalidity[nl]* OK [UNSEEN 5] unseen messages[nl]* OK [UIDNEXT 13] next uid[nl]* OK [PERMANENTFLAGS (\Deleted \Seen \Draft \Answered \Flagged)] limited[nl]34 OK [READ-WRITE] SELECT completed"
"IMAPD"	3132	13	"2026-07-16 15:15:51.241"	"10.0.0.128"	"RECEIVED: 82 login "a@hi.xyz" ***"
"IMAPD"	3132	13	"2026-07-16 15:15:51.241"	"10.0.0.128"	"SENT: 82 OK LOGIN completed"
"IMAPD"	1492	12	"2026-07-16 15:15:51.241"	"10.0.0.128"	"RECEIVED: 96 UID fetch 1:* (FLAGS)"
"IMAPD"	1492	12	"2026-07-16 15:15:51.241"	"10.0.0.128"	"SENT: * 1 FETCH (UID 5 FLAGS (\Seen))"
"IMAPD"	1492	12	"2026-07-16 15:15:51.310"	"10.0.0.128"	"SENT: * 2 FETCH (UID 6 FLAGS (\Seen))"
"IMAPD"	5516	11	"2026-07-16 15:15:51.310"	"10.0.0.128"	"RECEIVED: 35 getquotaroot "INBOX""
"IMAPD"	1072	13	"2026-07-16 15:15:51.310"	"10.0.0.128"	"RECEIVED: 83 capability"
"IMAPD"	1072	13	"2026-07-16 15:15:51.389"	"10.0.0.128"	"SENT: * CAPABILITY IMAP4 IMAP4rev1 CHILDREN IDLE QUOTA SORT ACL NAMESPACE RIGHTS=texk[nl]83 OK CAPABILITY completed"
"IMAPD"	1492	12	"2026-07-16 15:15:51.371"	"10.0.0.128"	"SENT: * 3 FETCH (UID 7 FLAGS (\Seen))"
"IMAPD"	1492	12	"2026-07-16 15:15:51.410"	"10.0.0.128"	"SENT: * 4 FETCH (UID 8 FLAGS (\Seen))"
"IMAPD"	1492	12	"2026-07-16 15:15:51.410"	"10.0.0.128"	"SENT: * 5 FETCH (UID 9 FLAGS ())"
"IMAPD"	1492	12	"2026-07-16 15:15:51.410"	"10.0.0.128"	"SENT: * 6 FETCH (UID 10 FLAGS (\Seen))"
"IMAPD"	1492	12	"2026-07-16 15:15:51.410"	"10.0.0.128"	"SENT: * 7 FETCH (UID 11 FLAGS ())"
"IMAPD"	1492	12	"2026-07-16 15:15:51.410"	"10.0.0.128"	"SENT: 96 OK UID completed"
"IMAPD"	5516	11	"2026-07-16 15:15:51.410"	"10.0.0.128"	"SENT: * QUOTAROOT "INBOX" ""[nl]* QUOTA "" ()[nl]35 OK GETQUOTAROOT completed"
"IMAPD"	1492	11	"2026-07-16 15:15:51.410"	"10.0.0.128"	"RECEIVED: 36 UID fetch 1:* (FLAGS)"
"IMAPD"	1492	11	"2026-07-16 15:15:51.410"	"10.0.0.128"	"SENT: * 1 FETCH (UID 3 FLAGS (\Seen))"
"IMAPD"	1492	11	"2026-07-16 15:15:51.410"	"10.0.0.128"	"SENT: * 2 FETCH (UID 4 FLAGS (\Seen))"
"IMAPD"	1492	11	"2026-07-16 15:15:51.410"	"10.0.0.128"	"SENT: * 3 FETCH (UID 5 FLAGS ())"
"IMAPD"	1492	11	"2026-07-16 15:15:51.410"	"10.0.0.128"	"SENT: * 4 FETCH (UID 6 FLAGS ())"
"IMAPD"	1492	11	"2026-07-16 15:15:51.410"	"10.0.0.128"	"SENT: * 5 FETCH (UID 7 FLAGS ())"
"IMAPD"	1492	11	"2026-07-16 15:15:51.410"	"10.0.0.128"	"SENT: * 6 FETCH (UID 8 FLAGS ())"
"IMAPD"	1492	11	"2026-07-16 15:15:51.410"	"10.0.0.128"	"SENT: * 7 FETCH (UID 9 FLAGS ())"
"IMAPD"	1492	11	"2026-07-16 15:15:51.410"	"10.0.0.128"	"SENT: * 8 FETCH (UID 10 FLAGS ())"
"IMAPD"	1492	11	"2026-07-16 15:15:51.410"	"10.0.0.128"	"SENT: * 9 FETCH (UID 11 FLAGS (\Seen))"
"IMAPD"	1492	11	"2026-07-16 15:15:51.410"	"10.0.0.128"	"SENT: * 10 FETCH (UID 12 FLAGS (\Seen))"
"IMAPD"	1492	11	"2026-07-16 15:15:51.410"	"10.0.0.128"	"SENT: 36 OK UID completed"
"IMAPD"	2668	13	"2026-07-16 15:15:51.748"	"10.0.0.128"	"RECEIVED: 84 select "Sent""
"DEBUG"	2668	"2026-07-16 15:15:51.784"	"Reading messages from database."
"IMAPD"	2668	13	"2026-07-16 15:15:51.807"	"10.0.0.128"	"SENT: * 11 EXISTS[nl]* 11 RECENT[nl]* FLAGS (\Deleted \Seen \Draft \Answered \Flagged)[nl]* OK [UIDVALIDITY 1783950217] current uidvalidity[nl]* OK [UIDNEXT 12] next uid[nl]* OK [PERMANENTFLAGS (\Deleted \Seen \Draft \Answered \Flagged)] limited[nl]84 OK [READ-WRITE] SELECT completed"
"IMAPD"	1016	13	"2026-07-16 15:15:51.847"	"10.0.0.128"	"RECEIVED: 85 getquotaroot "Sent""
"IMAPD"	1016	13	"2026-07-16 15:15:51.847"	"10.0.0.128"	"SENT: * QUOTAROOT "Sent" ""[nl]* QUOTA "" ()[nl]85 OK GETQUOTAROOT completed"
"IMAPD"	7136	13	"2026-07-16 15:15:51.881"	"10.0.0.128"	"RECEIVED: 86 UID fetch 1:* (FLAGS)"
"IMAPD"	7136	13	"2026-07-16 15:15:51.881"	"10.0.0.128"	"SENT: * 1 FETCH (UID 1 FLAGS (\Seen))"
"IMAPD"	7136	13	"2026-07-16 15:15:51.881"	"10.0.0.128"	"SENT: * 2 FETCH (UID 2 FLAGS (\Seen))"
"IMAPD"	7136	13	"2026-07-16 15:15:51.881"	"10.0.0.128"	"SENT: * 3 FETCH (UID 3 FLAGS (\Seen))"
"IMAPD"	7136	13	"2026-07-16 15:15:51.881"	"10.0.0.128"	"SENT: * 4 FETCH (UID 4 FLAGS (\Seen))"
"IMAPD"	7136	13	"2026-07-16 15:15:51.881"	"10.0.0.128"	"SENT: * 5 FETCH (UID 5 FLAGS (\Seen))"
"IMAPD"	7136	13	"2026-07-16 15:15:51.881"	"10.0.0.128"	"SENT: * 6 FETCH (UID 6 FLAGS (\Seen))"
"IMAPD"	7136	13	"2026-07-16 15:15:51.881"	"10.0.0.128"	"SENT: * 7 FETCH (UID 7 FLAGS (\Seen))"
"IMAPD"	7136	13	"2026-07-16 15:15:51.898"	"10.0.0.128"	"SENT: * 8 FETCH (UID 8 FLAGS (\Seen))"
"IMAPD"	7136	13	"2026-07-16 15:15:51.945"	"10.0.0.128"	"SENT: * 9 FETCH (UID 9 FLAGS (\Seen))"
"IMAPD"	7136	13	"2026-07-16 15:15:51.945"	"10.0.0.128"	"SENT: * 10 FETCH (UID 10 FLAGS (\Seen))"
"IMAPD"	7136	13	"2026-07-16 15:15:51.945"	"10.0.0.128"	"SENT: * 11 FETCH (UID 11 FLAGS (\Seen))"
"IMAPD"	7136	13	"2026-07-16 15:15:51.960"	"10.0.0.128"	"SENT: 86 OK UID completed"
"IMAPD"	212	13	"2026-07-16 15:15:52.009"	"10.0.0.128"	"RECEIVED: 87 UID fetch 11 (UID RFC822.SIZE FLAGS BODY.PEEK[HEADER.FIELDS (From To Cc Bcc Subject Date Message-ID Priority X-Priority References Newsgroups In-Reply-To Content-Type Reply-To Received)])"
"IMAPD"	212	13	"2026-07-16 15:15:52.040"	"10.0.0.128"	"SENT: * 11 FETCH (UID 11 RFC822.SIZE 694 FLAGS (\Seen) BODY[HEADER.FIELDS (From To Cc Bcc Subject Date Message-ID Priority X-Priority References Newsgroups In-Reply-To Content-Type Reply-To Received)] {207}"
"IMAPD"	212	13	"2026-07-16 15:15:52.040"	"10.0.0.128"	"SENT: )"
"IMAPD"	212	13	"2026-07-16 15:15:52.040"	"10.0.0.128"	"SENT: 87 OK UID completed"
"DEBUG"	2668	"2026-07-16 15:15:52.121"	"Creating session 15"
"TCPIP"	2668	"2026-07-16 15:15:52.121"	"TCP - 10.0.0.128 connected to 10.0.0.128:143."
"DEBUG"	2668	"2026-07-16 15:15:52.121"	"TCP connection started for session 14"
"IMAPD"	2668	14	"2026-07-16 15:15:52.121"	"10.0.0.128"	"SENT: * OK IMAPrev1"
"IMAPD"	2668	14	"2026-07-16 15:15:52.136"	"10.0.0.128"	"RECEIVED: 24 capability"
"IMAPD"	2668	14	"2026-07-16 15:15:52.136"	"10.0.0.128"	"SENT: * CAPABILITY IMAP4 IMAP4rev1 CHILDREN IDLE QUOTA SORT ACL NAMESPACE RIGHTS=texk[nl]24 OK CAPABILITY completed"
"IMAPD"	212	14	"2026-07-16 15:15:52.136"	"10.0.0.128"	"RECEIVED: 26 login "b@hi.xyz" ***"
"IMAPD"	212	14	"2026-07-16 15:15:52.136"	"10.0.0.128"	"SENT: 26 OK LOGIN completed"
"IMAPD"	5952	14	"2026-07-16 15:15:52.136"	"10.0.0.128"	"RECEIVED: 27 capability"
"IMAPD"	5952	14	"2026-07-16 15:15:52.136"	"10.0.0.128"	"SENT: * CAPABILITY IMAP4 IMAP4rev1 CHILDREN IDLE QUOTA SORT ACL NAMESPACE RIGHTS=texk[nl]27 OK CAPABILITY completed"
"IMAPD"	5516	14	"2026-07-16 15:15:52.164"	"10.0.0.128"	"RECEIVED: 28 select "Sent""
"DEBUG"	5516	"2026-07-16 15:15:52.176"	"Reading messages from database."
"IMAPD"	5516	14	"2026-07-16 15:15:52.182"	"10.0.0.128"	"SENT: * 12 EXISTS[nl]* 12 RECENT[nl]* FLAGS (\Deleted \Seen \Draft \Answered \Flagged)[nl]* OK [UIDVALIDITY 1783950268] current uidvalidity[nl]* OK [UIDNEXT 13] next uid[nl]* OK [PERMANENTFLAGS (\Deleted \Seen \Draft \Answered \Flagged)] limited[nl]28 OK [READ-WRITE] SELECT completed"
"IMAPD"	380	14	"2026-07-16 15:15:52.187"	"10.0.0.128"	"RECEIVED: 29 getquotaroot "Sent""
"IMAPD"	380	14	"2026-07-16 15:15:52.189"	"10.0.0.128"	"SENT: * QUOTAROOT "Sent" ""[nl]* QUOTA "" ()[nl]29 OK GETQUOTAROOT completed"
"IMAPD"	212	14	"2026-07-16 15:15:52.191"	"10.0.0.128"	"RECEIVED: 30 UID fetch 1:* (FLAGS)"
"IMAPD"	212	14	"2026-07-16 15:15:52.192"	"10.0.0.128"	"SENT: * 1 FETCH (UID 1 FLAGS (\Seen))"
"IMAPD"	212	14	"2026-07-16 15:15:52.201"	"10.0.0.128"	"SENT: * 2 FETCH (UID 2 FLAGS (\Seen))"
"IMAPD"	212	14	"2026-07-16 15:15:52.207"	"10.0.0.128"	"SENT: * 3 FETCH (UID 3 FLAGS (\Seen))"
"IMAPD"	212	14	"2026-07-16 15:15:52.213"	"10.0.0.128"	"SENT: * 4 FETCH (UID 4 FLAGS (\Seen))"
"IMAPD"	212	14	"2026-07-16 15:15:52.213"	"10.0.0.128"	"SENT: * 5 FETCH (UID 5 FLAGS (\Seen))"
"IMAPD"	212	14	"2026-07-16 15:15:52.223"	"10.0.0.128"	"SENT: * 6 FETCH (UID 6 FLAGS (\Seen))"
"IMAPD"	212	14	"2026-07-16 15:15:52.223"	"10.0.0.128"	"SENT: * 7 FETCH (UID 7 FLAGS (\Seen))"
"IMAPD"	212	14	"2026-07-16 15:15:52.223"	"10.0.0.128"	"SENT: * 8 FETCH (UID 8 FLAGS (\Seen))"
"IMAPD"	212	14	"2026-07-16 15:15:52.223"	"10.0.0.128"	"SENT: * 9 FETCH (UID 9 FLAGS (\Seen))"
"IMAPD"	212	14	"2026-07-16 15:15:52.223"	"10.0.0.128"	"SENT: * 10 FETCH (UID 10 FLAGS (\Seen))"
"IMAPD"	212	14	"2026-07-16 15:15:52.223"	"10.0.0.128"	"SENT: * 11 FETCH (UID 11 FLAGS (\Seen))"
"IMAPD"	212	14	"2026-07-16 15:15:52.223"	"10.0.0.128"	"SENT: * 12 FETCH (UID 12 FLAGS (\Seen))"
"IMAPD"	212	14	"2026-07-16 15:15:52.223"	"10.0.0.128"	"SENT: 30 OK UID completed"
"IMAPD"	7136	14	"2026-07-16 15:15:52.240"	"10.0.0.128"	"RECEIVED: 31 UID fetch 7:12 (UID RFC822.SIZE FLAGS BODY.PEEK[HEADER.FIELDS (From To Cc Bcc Subject Date Message-ID Priority X-Priority References Newsgroups In-Reply-To Content-Type Reply-To Received)])"
"IMAPD"	7136	14	"2026-07-16 15:15:52.287"	"10.0.0.128"	"SENT: * 7 FETCH (UID 7 RFC822.SIZE 698 FLAGS (\Seen) BODY[HEADER.FIELDS (From To Cc Bcc Subject Date Message-ID Priority X-Priority References Newsgroups In-Reply-To Content-Type Reply-To Received)] {209}"
"IMAPD"	7136	14	"2026-07-16 15:15:52.287"	"10.0.0.128"	"SENT: )"
"IMAPD"	7136	14	"2026-07-16 15:15:52.338"	"10.0.0.128"	"SENT: * 8 FETCH (UID 8 RFC822.SIZE 326 FLAGS (\Seen) BODY[HEADER.FIELDS (From To Cc Bcc Subject Date Message-ID Priority X-Priority References Newsgroups In-Reply-To Content-Type Reply-To Received)] {206}"
"IMAPD"	7136	14	"2026-07-16 15:15:52.353"	"10.0.0.128"	"SENT: )"
"IMAPD"	7136	14	"2026-07-16 15:15:52.385"	"10.0.0.128"	"SENT: * 9 FETCH (UID 9 RFC822.SIZE 331 FLAGS (\Seen) BODY[HEADER.FIELDS (From To Cc Bcc Subject Date Message-ID Priority X-Priority References Newsgroups In-Reply-To Content-Type Reply-To Received)] {209}"
"IMAPD"	7136	14	"2026-07-16 15:15:52.385"	"10.0.0.128"	"SENT: )"
"IMAPD"	7136	14	"2026-07-16 15:15:52.462"	"10.0.0.128"	"SENT: * 10 FETCH (UID 10 RFC822.SIZE 325 FLAGS (\Seen) BODY[HEADER.FIELDS (From To Cc Bcc Subject Date Message-ID Priority X-Priority References Newsgroups In-Reply-To Content-Type Reply-To Received)] {206}"
"IMAPD"	7136	14	"2026-07-16 15:15:52.462"	"10.0.0.128"	"SENT: )"
"IMAPD"	7136	14	"2026-07-16 15:15:52.494"	"10.0.0.128"	"SENT: * 11 FETCH (UID 11 RFC822.SIZE 325 FLAGS (\Seen) BODY[HEADER.FIELDS (From To Cc Bcc Subject Date Message-ID Priority X-Priority References Newsgroups In-Reply-To Content-Type Reply-To Received)] {206}"
"IMAPD"	7136	14	"2026-07-16 15:15:52.494"	"10.0.0.128"	"SENT: )"
"IMAPD"	7136	14	"2026-07-16 15:15:52.542"	"10.0.0.128"	"SENT: * 12 FETCH (UID 12 RFC822.SIZE 697 FLAGS (\Seen) BODY[HEADER.FIELDS (From To Cc Bcc Subject Date Message-ID Priority X-Priority References Newsgroups In-Reply-To Content-Type Reply-To Received)] {210}"
"IMAPD"	7136	14	"2026-07-16 15:15:52.542"	"10.0.0.128"	"SENT: )"
"IMAPD"	7136	14	"2026-07-16 15:15:52.542"	"10.0.0.128"	"SENT: 31 OK UID completed"
"IMAPD"	212	12	"2026-07-16 15:15:53.845"	"10.0.0.128"	"RECEIVED: 97 IDLE"
"IMAPD"	212	12	"2026-07-16 15:15:53.845"	"10.0.0.128"	"SENT: + idling"
"IMAPD"	5952	11	"2026-07-16 15:15:53.973"	"10.0.0.128"	"RECEIVED: 37 IDLE"
"IMAPD"	5952	11	"2026-07-16 15:15:53.973"	"10.0.0.128"	"SENT: + idling"
"IMAPD"	5516	13	"2026-07-16 15:15:54.115"	"10.0.0.128"	"RECEIVED: 88 IDLE"
"IMAPD"	5516	13	"2026-07-16 15:15:54.115"	"10.0.0.128"	"SENT: + idling"
"IMAPD"	212	14	"2026-07-16 15:15:54.566"	"10.0.0.128"	"RECEIVED: 32 IDLE"
"IMAPD"	212	14	"2026-07-16 15:15:54.566"	"10.0.0.128"	"SENT: + idling"
"IMAPD"	5516	14	"2026-07-16 16:01:15.579"	"10.0.0.128"	"RECEIVED: DONE"
"IMAPD"	380	13	"2026-07-16 16:01:15.579"	"10.0.0.128"	"RECEIVED: DONE"
"IMAPD"	7136	12	"2026-07-16 16:01:15.579"	"10.0.0.128"	"RECEIVED: DONE"
"IMAPD"	5952	11	"2026-07-16 16:01:15.579"	"10.0.0.128"	"RECEIVED: DONE"
"IMAPD"	5952	11	"2026-07-16 16:01:15.585"	"10.0.0.128"	"SENT: 37 OK IDLE terminated"
"IMAPD"	380	13	"2026-07-16 16:01:15.583"	"10.0.0.128"	"SENT: 88 OK IDLE terminated"
"IMAPD"	7136	12	"2026-07-16 16:01:15.583"	"10.0.0.128"	"SENT: 97 OK IDLE terminated"
"IMAPD"	5516	14	"2026-07-16 16:01:15.582"	"10.0.0.128"	"SENT: 32 OK IDLE terminated"
"IMAPD"	212	12	"2026-07-16 16:01:15.591"	"10.0.0.128"	"RECEIVED: 98 close"
"IMAPD"	7136	11	"2026-07-16 16:01:15.591"	"10.0.0.128"	"RECEIVED: 38 close"
"IMAPD"	380	13	"2026-07-16 16:01:15.593"	"10.0.0.128"	"RECEIVED: 89 close"
"IMAPD"	212	12	"2026-07-16 16:01:15.593"	"10.0.0.128"	"SENT: 98 OK CLOSE completed"
"IMAPD"	7136	11	"2026-07-16 16:01:15.595"	"10.0.0.128"	"SENT: 38 OK CLOSE completed"
"IMAPD"	380	13	"2026-07-16 16:01:15.595"	"10.0.0.128"	"SENT: 89 OK CLOSE completed"
"IMAPD"	5516	13	"2026-07-16 16:01:15.597"	"10.0.0.128"	"RECEIVED: 90 logout"
"IMAPD"	5952	12	"2026-07-16 16:01:15.597"	"10.0.0.128"	"RECEIVED: 99 logout"
"IMAPD"	5516	13	"2026-07-16 16:01:15.599"	"10.0.0.128"	"SENT: * BYE Have a nice day[nl]90 OK Logout completed"
"IMAPD"	5952	12	"2026-07-16 16:01:15.599"	"10.0.0.128"	"SENT: * BYE Have a nice day[nl]99 OK Logout completed"
"IMAPD"	1072	14	"2026-07-16 16:01:15.599"	"10.0.0.128"	"RECEIVED: 33 close"
"DEBUG"	212	"2026-07-16 16:01:15.604"	"Ending session 13"
"DEBUG"	5516	"2026-07-16 16:01:15.604"	"Ending session 12"
"IMAPD"	1072	14	"2026-07-16 16:01:15.605"	"10.0.0.128"	"SENT: 33 OK CLOSE completed"
"IMAPD"	1492	11	"2026-07-16 16:01:15.605"	"10.0.0.128"	"RECEIVED: 39 logout"
"IMAPD"	5952	14	"2026-07-16 16:01:15.612"	"10.0.0.128"	"RECEIVED: 34 logout"
"IMAPD"	1492	11	"2026-07-16 16:01:15.612"	"10.0.0.128"	"SENT: * BYE Have a nice day[nl]39 OK Logout completed"
"IMAPD"	5952	14	"2026-07-16 16:01:15.613"	"10.0.0.128"	"SENT: * BYE Have a nice day[nl]34 OK Logout completed"
"DEBUG"	212	"2026-07-16 16:01:15.614"	"Ending session 11"
"DEBUG"	1072	"2026-07-16 16:01:15.616"	"Ending session 14"
"DEBUG"	7412	"2026-07-16 16:07:43.702"	"Received stop-request from Windows."
"APPLICATION"	7412	"2026-07-16 16:07:43.702"	"Stopping servers..."
"DEBUG"	7412	"2026-07-16 16:07:43.702"	"Application::StopServers() - Removing server work queue"
"DEBUG"	7412	"2026-07-16 16:07:43.702"	"WorkQueueManager::RemoveQueue - Server queue"
"DEBUG"	7412	"2026-07-16 16:07:43.702"	"Stopping working queue Server queue."
"DEBUG"	7412	"2026-07-16 16:07:43.702"	"Interupt and join threads in working queue Server queue"
"DEBUG"	5476	"2026-07-16 16:07:43.702"	"Worker exited in work queue Server queue"
"DEBUG"	8076	"2026-07-16 16:07:43.702"	"Worker exited in work queue Server queue"
"DEBUG"	1076	"2026-07-16 16:07:43.702"	"IOService::Stop()"
"DEBUG"	2668	"2026-07-16 16:07:43.702"	"TCP - AcceptEx failed. Error code: 995, Message: 스레드 종료 또는 응용 프로그램 요청 때문에 I/O 작업이 취소되었습니다"
"DEBUG"	2668	"2026-07-16 16:07:43.702"	"Ending session 2"
"DEBUG"	3132	"2026-07-16 16:07:43.702"	"TCP - AcceptEx failed. Error code: 995, Message: 스레드 종료 또는 응용 프로그램 요청 때문에 I/O 작업이 취소되었습니다"
"DEBUG"	3132	"2026-07-16 16:07:43.702"	"Ending session 1"
"DEBUG"	212	"2026-07-16 16:07:43.702"	"TCP - AcceptEx failed. Error code: 995, Message: 스레드 종료 또는 응용 프로그램 요청 때문에 I/O 작업이 취소되었습니다"
"DEBUG"	212	"2026-07-16 16:07:43.702"	"Ending session 10"
"DEBUG"	1076	"2026-07-16 16:07:43.702"	"IOService::DoWork() - removing Queue IOCP Queue"
"DEBUG"	1076	"2026-07-16 16:07:43.718"	"WorkQueueManager::RemoveQueue - IOCPQueue"
"DEBUG"	1076	"2026-07-16 16:07:43.718"	"Stopping working queue IOCPQueue."
"DEBUG"	1076	"2026-07-16 16:07:43.718"	"Interupt and join threads in working queue IOCPQueue"
"DEBUG"	7156	"2026-07-16 16:07:43.702"	"Worker exited in work queue Server queue"
"DEBUG"	1072	"2026-07-16 16:07:43.702"	"TCP - AcceptEx failed. Error code: 995, Message: 스레드 종료 또는 응용 프로그램 요청 때문에 I/O 작업이 취소되었습니다"
"DEBUG"	1072	"2026-07-16 16:07:43.718"	"Ending session 15"
"DEBUG"	212	"2026-07-16 16:07:43.718"	"Worker exited in work queue IOCPQueue"
"DEBUG"	3132	"2026-07-16 16:07:43.718"	"Worker exited in work queue IOCPQueue"
"DEBUG"	2668	"2026-07-16 16:07:43.718"	"Worker exited in work queue IOCPQueue"
"DEBUG"	7412	"2026-07-16 16:07:43.723"	"Still 1 remaining threads in queue Server queue. First task: IOService"
"DEBUG"	1016	"2026-07-16 16:07:43.723"	"Worker exited in work queue IOCPQueue"
"DEBUG"	1072	"2026-07-16 16:07:43.723"	"Worker exited in work queue IOCPQueue"
"DEBUG"	5952	"2026-07-16 16:07:43.723"	"Worker exited in work queue IOCPQueue"
"DEBUG"	5516	"2026-07-16 16:07:43.723"	"Worker exited in work queue IOCPQueue"
"DEBUG"	380	"2026-07-16 16:07:43.723"	"Worker exited in work queue IOCPQueue"
"DEBUG"	7136	"2026-07-16 16:07:43.723"	"Worker exited in work queue IOCPQueue"
"DEBUG"	1492	"2026-07-16 16:07:43.723"	"Worker exited in work queue IOCPQueue"
"DEBUG"	2332	"2026-07-16 16:07:43.723"	"Worker exited in work queue IOCPQueue"
"DEBUG"	6696	"2026-07-16 16:07:43.723"	"Worker exited in work queue IOCPQueue"
"DEBUG"	4236	"2026-07-16 16:07:43.734"	"Worker exited in work queue IOCPQueue"
"DEBUG"	7188	"2026-07-16 16:07:43.734"	"Worker exited in work queue IOCPQueue"
"DEBUG"	3476	"2026-07-16 16:07:43.734"	"Worker exited in work queue IOCPQueue"
"DEBUG"	1076	"2026-07-16 16:07:43.734"	"Still 1 remaining threads in queue IOCPQueue. First task: <Unknown>"
"DEBUG"	1076	"2026-07-16 16:07:44.004"	"All threads are joined in queue IOCPQueue."
"DEBUG"	7412	"2026-07-16 16:07:44.004"	"Still 1 remaining threads in queue Server queue. First task: IOService"
"DEBUG"	1076	"2026-07-16 16:07:44.004"	"WorkQueueManager::RemoveQueue - Stopped IOCPQueue"
"DEBUG"	1076	"2026-07-16 16:07:44.004"	"WorkQueueManager::RemoveQueue - Erased IOCPQueue"
"DEBUG"	1076	"2026-07-16 16:07:44.004"	"IOService::Stop() - Complete"
"DEBUG"	1076	"2026-07-16 16:07:44.004"	"Destructing work queue IOCPQueue"
"DEBUG"	1076	"2026-07-16 16:07:44.258"	"Worker exited in work queue Server queue"
"DEBUG"	7412	"2026-07-16 16:07:44.258"	"All threads are joined in queue Server queue."
"DEBUG"	7412	"2026-07-16 16:07:44.258"	"WorkQueueManager::RemoveQueue - Stopped Server queue"
"DEBUG"	7412	"2026-07-16 16:07:44.258"	"WorkQueueManager::RemoveQueue - Erased Server queue"
"DEBUG"	7412	"2026-07-16 16:07:44.258"	"Destructing work queue Server queue"
"DEBUG"	7412	"2026-07-16 16:07:44.258"	"Application::StopServers() - Clearing caches"
"DEBUG"	7412	"2026-07-16 16:07:44.258"	"Application::StopServers() - Destructing IOCP"
"DEBUG"	7412	"2026-07-16 16:07:44.258"	"IOService::~IOService - Destructing"
"DEBUG"	7412	"2026-07-16 16:07:44.258"	"TCPServer::~TCPServer"
"DEBUG"	7412	"2026-07-16 16:07:44.258"	"TCPServer::~TCPServer"
"DEBUG"	7412	"2026-07-16 16:07:44.258"	"TCPServer::~TCPServer"
"DEBUG"	7412	"2026-07-16 16:07:44.258"	"TCPServer::~TCPServer"
"DEBUG"	7412	"2026-07-16 16:07:44.258"	"Application::StopServers() - Destructing DeliveryManager"
"DEBUG"	7412	"2026-07-16 16:07:44.273"	"WorkQueueManager::RemoveQueue - SMTP delivery queue"
"DEBUG"	7412	"2026-07-16 16:07:44.273"	"Stopping working queue SMTP delivery queue."
"DEBUG"	7412	"2026-07-16 16:07:44.273"	"Interupt and join threads in working queue SMTP delivery queue"
"DEBUG"	5068	"2026-07-16 16:07:44.273"	"Worker exited in work queue SMTP delivery queue"
"DEBUG"	908	"2026-07-16 16:07:44.273"	"Worker exited in work queue SMTP delivery queue"
"DEBUG"	3232	"2026-07-16 16:07:44.273"	"Worker exited in work queue SMTP delivery queue"
"DEBUG"	2760	"2026-07-16 16:07:44.273"	"Worker exited in work queue SMTP delivery queue"
"DEBUG"	7892	"2026-07-16 16:07:44.273"	"Worker exited in work queue SMTP delivery queue"
"DEBUG"	6708	"2026-07-16 16:07:44.273"	"Worker exited in work queue SMTP delivery queue"
"DEBUG"	6488	"2026-07-16 16:07:44.273"	"Worker exited in work queue SMTP delivery queue"
"DEBUG"	7976	"2026-07-16 16:07:44.273"	"Worker exited in work queue SMTP delivery queue"
"DEBUG"	7216	"2026-07-16 16:07:44.273"	"Worker exited in work queue SMTP delivery queue"
"DEBUG"	2236	"2026-07-16 16:07:44.289"	"Worker exited in work queue SMTP delivery queue"
"DEBUG"	7412	"2026-07-16 16:07:44.289"	"Still 1 remaining threads in queue SMTP delivery queue. First task: <Unknown>"
"DEBUG"	7412	"2026-07-16 16:07:44.559"	"All threads are joined in queue SMTP delivery queue."
"DEBUG"	7412	"2026-07-16 16:07:44.559"	"WorkQueueManager::RemoveQueue - Stopped SMTP delivery queue"
"DEBUG"	7412	"2026-07-16 16:07:44.559"	"WorkQueueManager::RemoveQueue - Erased SMTP delivery queue"
"DEBUG"	7412	"2026-07-16 16:07:44.559"	"Destructing work queue SMTP delivery queue"
"DEBUG"	7412	"2026-07-16 16:07:44.559"	"Application::StopServers() - Destructing FetchManager"
"DEBUG"	7412	"2026-07-16 16:07:44.559"	"ExternalFetchManager::~ExternalFetchManager"
"DEBUG"	7412	"2026-07-16 16:07:44.559"	"WorkQueueManager::RemoveQueue - External fetch queue"
"DEBUG"	7412	"2026-07-16 16:07:44.559"	"Stopping working queue External fetch queue."
"DEBUG"	7412	"2026-07-16 16:07:44.559"	"Interupt and join threads in working queue External fetch queue"
"DEBUG"	7280	"2026-07-16 16:07:44.559"	"Worker exited in work queue External fetch queue"
"DEBUG"	6120	"2026-07-16 16:07:44.559"	"Worker exited in work queue External fetch queue"
"DEBUG"	952	"2026-07-16 16:07:44.559"	"Worker exited in work queue External fetch queue"
"DEBUG"	7292	"2026-07-16 16:07:44.559"	"Worker exited in work queue External fetch queue"
"DEBUG"	5224	"2026-07-16 16:07:44.559"	"Worker exited in work queue External fetch queue"
"DEBUG"	3036	"2026-07-16 16:07:44.559"	"Worker exited in work queue External fetch queue"
"DEBUG"	1832	"2026-07-16 16:07:44.559"	"Worker exited in work queue External fetch queue"
"DEBUG"	3104	"2026-07-16 16:07:44.574"	"Worker exited in work queue External fetch queue"
"DEBUG"	6548	"2026-07-16 16:07:44.574"	"Worker exited in work queue External fetch queue"
"DEBUG"	4892	"2026-07-16 16:07:44.574"	"Worker exited in work queue External fetch queue"
"DEBUG"	7872	"2026-07-16 16:07:44.574"	"Worker exited in work queue External fetch queue"
"DEBUG"	1064	"2026-07-16 16:07:44.574"	"Worker exited in work queue External fetch queue"
"DEBUG"	6524	"2026-07-16 16:07:44.574"	"Worker exited in work queue External fetch queue"
"DEBUG"	6216	"2026-07-16 16:07:44.574"	"Worker exited in work queue External fetch queue"
"DEBUG"	8032	"2026-07-16 16:07:44.574"	"Worker exited in work queue External fetch queue"
"DEBUG"	7412	"2026-07-16 16:07:44.574"	"Still 1 remaining threads in queue External fetch queue. First task: <Unknown>"
"DEBUG"	7412	"2026-07-16 16:07:44.845"	"All threads are joined in queue External fetch queue."
"DEBUG"	7412	"2026-07-16 16:07:44.845"	"WorkQueueManager::RemoveQueue - Stopped External fetch queue"
"DEBUG"	7412	"2026-07-16 16:07:44.845"	"WorkQueueManager::RemoveQueue - Erased External fetch queue"
"DEBUG"	7412	"2026-07-16 16:07:44.845"	"Destructing work queue External fetch queue"
"DEBUG"	7412	"2026-07-16 16:07:44.845"	"ExternalFetchManager::~ExternalFetchManager - Removed queue"
"DEBUG"	7412	"2026-07-16 16:07:44.845"	"Application::StopServers() - Destructing Scheduler"
"DEBUG"	7412	"2026-07-16 16:07:44.845"	"Application::StopServers() - Destructing Rest"
"APPLICATION"	7412	"2026-07-16 16:07:44.845"	"Servers stopped."
"DEBUG"	7412	"2026-07-16 16:07:44.845"	"WorkQueueManager::RemoveQueue - Maintenance queue"
"DEBUG"	7412	"2026-07-16 16:07:44.845"	"Stopping working queue Maintenance queue."
"DEBUG"	7412	"2026-07-16 16:07:44.845"	"Interupt and join threads in working queue Maintenance queue"
"DEBUG"	6884	"2026-07-16 16:07:44.845"	"Worker exited in work queue Maintenance queue"
"DEBUG"	5576	"2026-07-16 16:07:44.845"	"Worker exited in work queue Maintenance queue"
"DEBUG"	6772	"2026-07-16 16:07:44.845"	"Worker exited in work queue Maintenance queue"
"DEBUG"	4340	"2026-07-16 16:07:44.845"	"Worker exited in work queue Maintenance queue"
"DEBUG"	6984	"2026-07-16 16:07:44.845"	"Worker exited in work queue Maintenance queue"
"DEBUG"	7412	"2026-07-16 16:07:44.845"	"All threads are joined in queue Maintenance queue."
"DEBUG"	7412	"2026-07-16 16:07:44.845"	"WorkQueueManager::RemoveQueue - Stopped Maintenance queue"
"DEBUG"	7412	"2026-07-16 16:07:44.845"	"WorkQueueManager::RemoveQueue - Erased Maintenance queue"
"DEBUG"	7412	"2026-07-16 16:07:44.845"	"Destructing work queue Maintenance queue"
"DEBUG"	7412	"2026-07-16 16:07:44.845"	"WorkQueueManager::RemoveQueue - Asynchronous task queue"
"DEBUG"	7412	"2026-07-16 16:07:44.845"	"Stopping working queue Asynchronous task queue."
"DEBUG"	7412	"2026-07-16 16:07:44.845"	"Interupt and join threads in working queue Asynchronous task queue"
"DEBUG"	7820	"2026-07-16 16:07:44.845"	"Worker exited in work queue Asynchronous task queue"
"DEBUG"	2676	"2026-07-16 16:07:44.845"	"Worker exited in work queue Asynchronous task queue"
"DEBUG"	2316	"2026-07-16 16:07:44.845"	"Worker exited in work queue Asynchronous task queue"
"DEBUG"	6560	"2026-07-16 16:07:44.861"	"Worker exited in work queue Asynchronous task queue"
"DEBUG"	6284	"2026-07-16 16:07:44.861"	"Worker exited in work queue Asynchronous task queue"
"DEBUG"	6552	"2026-07-16 16:07:44.861"	"Worker exited in work queue Asynchronous task queue"
"DEBUG"	1912	"2026-07-16 16:07:44.861"	"Worker exited in work queue Asynchronous task queue"
"DEBUG"	4504	"2026-07-16 16:07:44.861"	"Worker exited in work queue Asynchronous task queue"
"DEBUG"	7044	"2026-07-16 16:07:44.861"	"Worker exited in work queue Asynchronous task queue"
"DEBUG"	1360	"2026-07-16 16:07:44.861"	"Worker exited in work queue Asynchronous task queue"
"DEBUG"	1224	"2026-07-16 16:07:44.861"	"Worker exited in work queue Asynchronous task queue"
"DEBUG"	3912	"2026-07-16 16:07:44.861"	"Worker exited in work queue Asynchronous task queue"
"DEBUG"	2248	"2026-07-16 16:07:44.861"	"Worker exited in work queue Asynchronous task queue"
"DEBUG"	4372	"2026-07-16 16:07:44.861"	"Worker exited in work queue Asynchronous task queue"
"DEBUG"	7096	"2026-07-16 16:07:44.861"	"Worker exited in work queue Asynchronous task queue"
"DEBUG"	7412	"2026-07-16 16:07:44.861"	"Still 1 remaining threads in queue Asynchronous task queue. First task: <Unknown>"
"DEBUG"	7412	"2026-07-16 16:07:45.130"	"All threads are joined in queue Asynchronous task queue."
"DEBUG"	7412	"2026-07-16 16:07:45.130"	"WorkQueueManager::RemoveQueue - Stopped Asynchronous task queue"
"DEBUG"	7412	"2026-07-16 16:07:45.130"	"WorkQueueManager::RemoveQueue - Erased Asynchronous task queue"
"DEBUG"	7412	"2026-07-16 16:07:45.130"	"Destructing work queue Asynchronous task queue"
"DEBUG"	7412	"2026-07-16 16:07:45.130"	"Application::ExitInstance - Closing database connection..."
"DEBUG"	7412	"2026-07-16 16:07:45.134"	"Application::ExitInstance - Deleting caches..."
"DEBUG"	2496	"2026-07-16 16:07:49.745"	"Application::InitInstance - Configuration loaded."
"DEBUG"	2496	"2026-07-16 16:07:49.745"	"Creating work queue Asynchronous task queue"
"DEBUG"	2496	"2026-07-16 16:07:49.745"	"Starting work queue Asynchronous task queue"
"DEBUG"	2496	"2026-07-16 16:07:49.745"	"Started work queue Asynchronous task queue"
"DEBUG"	7768	"2026-07-16 16:07:49.745"	"Running worker in work queue Asynchronous task queue"
"DEBUG"	1368	"2026-07-16 16:07:49.761"	"Running worker in work queue Asynchronous task queue"
"DEBUG"	3052	"2026-07-16 16:07:49.761"	"Running worker in work queue Asynchronous task queue"
"DEBUG"	5728	"2026-07-16 16:07:49.761"	"Running worker in work queue Asynchronous task queue"
"DEBUG"	4408	"2026-07-16 16:07:49.761"	"Running worker in work queue Asynchronous task queue"
"DEBUG"	7324	"2026-07-16 16:07:49.745"	"Running worker in work queue Asynchronous task queue"
"DEBUG"	7508	"2026-07-16 16:07:49.745"	"Running worker in work queue Asynchronous task queue"
"DEBUG"	1088	"2026-07-16 16:07:49.761"	"Running worker in work queue Asynchronous task queue"
"DEBUG"	3484	"2026-07-16 16:07:49.761"	"Running worker in work queue Asynchronous task queue"
"DEBUG"	3416	"2026-07-16 16:07:49.761"	"Running worker in work queue Asynchronous task queue"
"DEBUG"	3812	"2026-07-16 16:07:49.761"	"Running worker in work queue Asynchronous task queue"
"DEBUG"	5848	"2026-07-16 16:07:49.761"	"Running worker in work queue Asynchronous task queue"
"DEBUG"	2220	"2026-07-16 16:07:49.761"	"Running worker in work queue Asynchronous task queue"
"DEBUG"	548	"2026-07-16 16:07:49.761"	"Running worker in work queue Asynchronous task queue"
"DEBUG"	5236	"2026-07-16 16:07:49.761"	"Running worker in work queue Asynchronous task queue"
"APPLICATION"	2496	"2026-07-16 16:07:49.745"	"Starting servers..."
"DEBUG"	2496	"2026-07-16 16:07:49.777"	"Creating work queue Server queue"
"DEBUG"	2496	"2026-07-16 16:07:49.777"	"Starting work queue Server queue"
"DEBUG"	2496	"2026-07-16 16:07:49.777"	"Started work queue Server queue"
"DEBUG"	2496	"2026-07-16 16:07:49.794"	"Adding task Scheduler to work queue Server queue"
"DEBUG"	2496	"2026-07-16 16:07:49.794"	"Adding task IOService to work queue Server queue"
"DEBUG"	2564	"2026-07-16 16:07:49.794"	"Running worker in work queue Server queue"
"DEBUG"	2800	"2026-07-16 16:07:49.794"	"Running worker in work queue Server queue"
"DEBUG"	2496	"2026-07-16 16:07:49.794"	"Creating work queue SMTP delivery queue"
"DEBUG"	2564	"2026-07-16 16:07:49.794"	"Executing task Scheduler in work queue Server queue"
"DEBUG"	2800	"2026-07-16 16:07:49.794"	"Executing task IOService in work queue Server queue"
"DEBUG"	2496	"2026-07-16 16:07:49.794"	"Starting work queue SMTP delivery queue"
"DEBUG"	7212	"2026-07-16 16:07:49.794"	"Running worker in work queue Server queue"
"DEBUG"	2800	"2026-07-16 16:07:49.794"	"IOService::Start()"
"DEBUG"	800	"2026-07-16 16:07:49.794"	"Running worker in work queue Server queue"
"DEBUG"	2496	"2026-07-16 16:07:49.794"	"Started work queue SMTP delivery queue"
"DEBUG"	2496	"2026-07-16 16:07:49.809"	"Adding task SMTPDeliveryManager to work queue Server queue"
"DEBUG"	2496	"2026-07-16 16:07:49.809"	"Creating work queue External fetch queue"
"DEBUG"	2496	"2026-07-16 16:07:49.809"	"Starting work queue External fetch queue"
"DEBUG"	2496	"2026-07-16 16:07:49.809"	"Started work queue External fetch queue"
"DEBUG"	2496	"2026-07-16 16:07:49.809"	"Adding task ExternalFetchManager to work queue Server queue"
"DEBUG"	800	"2026-07-16 16:07:49.809"	"Executing task SMTPDeliveryManager in work queue Server queue"
"DEBUG"	800	"2026-07-16 16:07:49.809"	"SMTPDeliveryManager::Start()"
"DEBUG"	7212	"2026-07-16 16:07:49.809"	"Executing task ExternalFetchManager in work queue Server queue"
"DEBUG"	7212	"2026-07-16 16:07:49.825"	"ExternalFetchManager::Start()"
"APPLICATION"	2496	"2026-07-16 16:07:49.825"	"Servers started."
"DEBUG"	4776	"2026-07-16 16:07:49.825"	"Running worker in work queue SMTP delivery queue"
"DEBUG"	876	"2026-07-16 16:07:49.825"	"Running worker in work queue SMTP delivery queue"
"DEBUG"	1696	"2026-07-16 16:07:49.825"	"Running worker in work queue SMTP delivery queue"
"DEBUG"	4976	"2026-07-16 16:07:49.825"	"Running worker in work queue SMTP delivery queue"
"DEBUG"	7952	"2026-07-16 16:07:49.825"	"Running worker in work queue SMTP delivery queue"
"DEBUG"	4264	"2026-07-16 16:07:49.825"	"Running worker in work queue SMTP delivery queue"
"DEBUG"	4660	"2026-07-16 16:07:49.825"	"Running worker in work queue SMTP delivery queue"
"DEBUG"	4784	"2026-07-16 16:07:49.825"	"Running worker in work queue SMTP delivery queue"
"DEBUG"	6532	"2026-07-16 16:07:49.825"	"Running worker in work queue SMTP delivery queue"
"DEBUG"	7268	"2026-07-16 16:07:49.825"	"Running worker in work queue SMTP delivery queue"
"DEBUG"	2852	"2026-07-16 16:07:49.825"	"Running worker in work queue External fetch queue"
"DEBUG"	2336	"2026-07-16 16:07:49.825"	"Running worker in work queue External fetch queue"
"DEBUG"	8152	"2026-07-16 16:07:49.825"	"Running worker in work queue External fetch queue"
"DEBUG"	6564	"2026-07-16 16:07:49.825"	"Running worker in work queue External fetch queue"
"DEBUG"	2900	"2026-07-16 16:07:49.825"	"Running worker in work queue External fetch queue"
"DEBUG"	5000	"2026-07-16 16:07:49.825"	"Running worker in work queue External fetch queue"
"DEBUG"	5700	"2026-07-16 16:07:49.825"	"Running worker in work queue External fetch queue"
"DEBUG"	4500	"2026-07-16 16:07:49.825"	"Running worker in work queue External fetch queue"
"DEBUG"	5656	"2026-07-16 16:07:49.825"	"Running worker in work queue External fetch queue"
"DEBUG"	1556	"2026-07-16 16:07:49.825"	"Running worker in work queue External fetch queue"
"DEBUG"	5856	"2026-07-16 16:07:49.825"	"Running worker in work queue External fetch queue"
"DEBUG"	7452	"2026-07-16 16:07:49.825"	"Running worker in work queue External fetch queue"
"DEBUG"	7540	"2026-07-16 16:07:49.825"	"Running worker in work queue External fetch queue"
"DEBUG"	4644	"2026-07-16 16:07:49.825"	"Running worker in work queue External fetch queue"
"DEBUG"	8084	"2026-07-16 16:07:49.825"	"Running worker in work queue External fetch queue"
"DEBUG"	2800	"2026-07-16 16:07:49.825"	"Creating session 1"
"DEBUG"	2800	"2026-07-16 16:07:49.873"	"Creating session 2"
"DEBUG"	2800	"2026-07-16 16:07:49.873"	"Creating session 3"
"DEBUG"	2800	"2026-07-16 16:07:49.873"	"Creating session 4"
"DEBUG"	2800	"2026-07-16 16:07:49.873"	"Creating work queue IOCPQueue"
"DEBUG"	2800	"2026-07-16 16:07:49.873"	"Starting work queue IOCPQueue"
"DEBUG"	2800	"2026-07-16 16:07:49.873"	"Started work queue IOCPQueue"
"DEBUG"	2800	"2026-07-16 16:07:49.889"	"Adding task IOCPQueueWorkerTask to work queue IOCPQueue"
"DEBUG"	2800	"2026-07-16 16:07:49.889"	"Adding task IOCPQueueWorkerTask to work queue IOCPQueue"
"DEBUG"	2800	"2026-07-16 16:07:49.889"	"Adding task IOCPQueueWorkerTask to work queue IOCPQueue"
"DEBUG"	2800	"2026-07-16 16:07:49.889"	"Adding task IOCPQueueWorkerTask to work queue IOCPQueue"
"DEBUG"	2800	"2026-07-16 16:07:49.889"	"Adding task IOCPQueueWorkerTask to work queue IOCPQueue"
"DEBUG"	2800	"2026-07-16 16:07:49.889"	"Adding task IOCPQueueWorkerTask to work queue IOCPQueue"
"DEBUG"	2800	"2026-07-16 16:07:49.889"	"Adding task IOCPQueueWorkerTask to work queue IOCPQueue"
"DEBUG"	2800	"2026-07-16 16:07:49.889"	"Adding task IOCPQueueWorkerTask to work queue IOCPQueue"
"DEBUG"	2800	"2026-07-16 16:07:49.889"	"Adding task IOCPQueueWorkerTask to work queue IOCPQueue"
"DEBUG"	2800	"2026-07-16 16:07:49.889"	"Adding task IOCPQueueWorkerTask to work queue IOCPQueue"
"DEBUG"	2800	"2026-07-16 16:07:49.889"	"Adding task IOCPQueueWorkerTask to work queue IOCPQueue"
"DEBUG"	2800	"2026-07-16 16:07:49.889"	"Adding task IOCPQueueWorkerTask to work queue IOCPQueue"
"DEBUG"	2800	"2026-07-16 16:07:49.889"	"Adding task IOCPQueueWorkerTask to work queue IOCPQueue"
"DEBUG"	2800	"2026-07-16 16:07:49.889"	"Adding task IOCPQueueWorkerTask to work queue IOCPQueue"
"DEBUG"	2800	"2026-07-16 16:07:49.889"	"Adding task IOCPQueueWorkerTask to work queue IOCPQueue"
"DEBUG"	5468	"2026-07-16 16:07:49.904"	"Running worker in work queue IOCPQueue"
"DEBUG"	5288	"2026-07-16 16:07:49.904"	"Running worker in work queue IOCPQueue"
"DEBUG"	5288	"2026-07-16 16:07:49.904"	"Executing task IOCPQueueWorkerTask in work queue IOCPQueue"
"DEBUG"	7644	"2026-07-16 16:07:49.904"	"Running worker in work queue IOCPQueue"
"DEBUG"	7644	"2026-07-16 16:07:49.904"	"Executing task IOCPQueueWorkerTask in work queue IOCPQueue"
"DEBUG"	4488	"2026-07-16 16:07:49.904"	"Running worker in work queue IOCPQueue"
"DEBUG"	4488	"2026-07-16 16:07:49.920"	"Executing task IOCPQueueWorkerTask in work queue IOCPQueue"
"DEBUG"	6476	"2026-07-16 16:07:49.904"	"Running worker in work queue IOCPQueue"
"DEBUG"	6476	"2026-07-16 16:07:49.920"	"Executing task IOCPQueueWorkerTask in work queue IOCPQueue"
"DEBUG"	8188	"2026-07-16 16:07:49.904"	"Running worker in work queue IOCPQueue"
"DEBUG"	8188	"2026-07-16 16:07:49.920"	"Executing task IOCPQueueWorkerTask in work queue IOCPQueue"
"DEBUG"	5452	"2026-07-16 16:07:49.904"	"Running worker in work queue IOCPQueue"
"DEBUG"	5452	"2026-07-16 16:07:49.920"	"Executing task IOCPQueueWorkerTask in work queue IOCPQueue"
"DEBUG"	4904	"2026-07-16 16:07:49.904"	"Running worker in work queue IOCPQueue"
"DEBUG"	4904	"2026-07-16 16:07:49.920"	"Executing task IOCPQueueWorkerTask in work queue IOCPQueue"
"DEBUG"	7900	"2026-07-16 16:07:49.904"	"Running worker in work queue IOCPQueue"
"DEBUG"	7900	"2026-07-16 16:07:49.920"	"Executing task IOCPQueueWorkerTask in work queue IOCPQueue"
"DEBUG"	5132	"2026-07-16 16:07:49.904"	"Running worker in work queue IOCPQueue"
"DEBUG"	5132	"2026-07-16 16:07:49.920"	"Executing task IOCPQueueWorkerTask in work queue IOCPQueue"
"DEBUG"	7352	"2026-07-16 16:07:49.904"	"Running worker in work queue IOCPQueue"
"DEBUG"	7352	"2026-07-16 16:07:49.936"	"Executing task IOCPQueueWorkerTask in work queue IOCPQueue"
"DEBUG"	4632	"2026-07-16 16:07:49.904"	"Running worker in work queue IOCPQueue"
"DEBUG"	4632	"2026-07-16 16:07:49.936"	"Executing task IOCPQueueWorkerTask in work queue IOCPQueue"
"DEBUG"	4124	"2026-07-16 16:07:49.904"	"Running worker in work queue IOCPQueue"
"DEBUG"	4124	"2026-07-16 16:07:49.936"	"Executing task IOCPQueueWorkerTask in work queue IOCPQueue"
"DEBUG"	7208	"2026-07-16 16:07:49.904"	"Running worker in work queue IOCPQueue"
"DEBUG"	7208	"2026-07-16 16:07:49.936"	"Executing task IOCPQueueWorkerTask in work queue IOCPQueue"
"DEBUG"	772	"2026-07-16 16:07:49.904"	"Running worker in work queue IOCPQueue"
"DEBUG"	772	"2026-07-16 16:07:49.936"	"Executing task IOCPQueueWorkerTask in work queue IOCPQueue"
"DEBUG"	5468	"2026-07-16 16:07:49.936"	"Executing task IOCPQueueWorkerTask in work queue IOCPQueue"
"DEBUG"	5468	"2026-07-16 16:08:06.774"	"Creating session 5"
"TCPIP"	5468	"2026-07-16 16:08:06.774"	"TCP - 10.0.0.128 connected to 10.0.0.128:143."
"DEBUG"	5468	"2026-07-16 16:08:06.774"	"TCP connection started for session 3"
"IMAPD"	5468	3	"2026-07-16 16:08:06.774"	"10.0.0.128"	"SENT: * OK IMAPrev1"
"IMAPD"	772	3	"2026-07-16 16:08:06.789"	"10.0.0.128"	"RECEIVED: 97 capability"
"IMAPD"	772	3	"2026-07-16 16:08:06.789"	"10.0.0.128"	"SENT: * CAPABILITY IMAP4 IMAP4rev1 CHILDREN IDLE QUOTA SORT ACL NAMESPACE RIGHTS=texk[nl]97 OK CAPABILITY completed"
"IMAPD"	772	3	"2026-07-16 16:08:06.789"	"10.0.0.128"	"RECEIVED: 99 login "b@hi.xyz" ***"
"IMAPD"	772	3	"2026-07-16 16:08:06.822"	"10.0.0.128"	"SENT: 99 OK LOGIN completed"
"IMAPD"	772	3	"2026-07-16 16:08:06.822"	"10.0.0.128"	"RECEIVED: 100 capability"
"IMAPD"	772	3	"2026-07-16 16:08:06.822"	"10.0.0.128"	"SENT: * CAPABILITY IMAP4 IMAP4rev1 CHILDREN IDLE QUOTA SORT ACL NAMESPACE RIGHTS=texk[nl]100 OK CAPABILITY completed"
"IMAPD"	772	3	"2026-07-16 16:08:06.836"	"10.0.0.128"	"RECEIVED: 101 select "INBOX""
"DEBUG"	772	"2026-07-16 16:08:06.836"	"Reading messages from database."
"IMAPD"	772	3	"2026-07-16 16:08:06.836"	"10.0.0.128"	"SENT: * 7 EXISTS[nl]* 7 RECENT[nl]* FLAGS (\Deleted \Seen \Draft \Answered \Flagged)[nl]* OK [UIDVALIDITY 1783903061] current uidvalidity[nl]* OK [UNSEEN 9] unseen messages[nl]* OK [UIDNEXT 12] next uid[nl]* OK [PERMANENTFLAGS (\Deleted \Seen \Draft \Answered \Flagged)] limited[nl]101 OK [READ-WRITE] SELECT completed"
"IMAPD"	772	3	"2026-07-16 16:08:06.836"	"10.0.0.128"	"RECEIVED: 102 getquotaroot "INBOX""
"IMAPD"	772	3	"2026-07-16 16:08:06.853"	"10.0.0.128"	"SENT: * QUOTAROOT "INBOX" ""[nl]* QUOTA "" ()[nl]102 OK GETQUOTAROOT completed"
"IMAPD"	772	3	"2026-07-16 16:08:06.853"	"10.0.0.128"	"RECEIVED: 103 UID fetch 1:* (FLAGS)"
"IMAPD"	772	3	"2026-07-16 16:08:06.853"	"10.0.0.128"	"SENT: * 1 FETCH (UID 5 FLAGS (\Seen))"
"IMAPD"	772	3	"2026-07-16 16:08:06.853"	"10.0.0.128"	"SENT: * 2 FETCH (UID 6 FLAGS (\Seen))"
"IMAPD"	772	3	"2026-07-16 16:08:06.853"	"10.0.0.128"	"SENT: * 3 FETCH (UID 7 FLAGS (\Seen))"
"IMAPD"	772	3	"2026-07-16 16:08:06.853"	"10.0.0.128"	"SENT: * 4 FETCH (UID 8 FLAGS (\Seen))"
"IMAPD"	772	3	"2026-07-16 16:08:06.853"	"10.0.0.128"	"SENT: * 5 FETCH (UID 9 FLAGS ())"
"IMAPD"	772	3	"2026-07-16 16:08:06.853"	"10.0.0.128"	"SENT: * 6 FETCH (UID 10 FLAGS (\Seen))"
"IMAPD"	772	3	"2026-07-16 16:08:06.853"	"10.0.0.128"	"SENT: * 7 FETCH (UID 11 FLAGS ())"
"IMAPD"	772	3	"2026-07-16 16:08:06.853"	"10.0.0.128"	"SENT: 103 OK UID completed"
"IMAPD"	4632	3	"2026-07-16 16:08:07.987"	"10.0.0.128"	"RECEIVED: 104 uid store 11 +Flags (\Seen)"
"IMAPD"	4632	3	"2026-07-16 16:08:07.987"	"10.0.0.128"	"SENT: * 7 FETCH (FLAGS (\Seen) UID 11)"
"IMAPD"	4632	3	"2026-07-16 16:08:07.987"	"10.0.0.128"	"SENT: 104 OK UID completed"
"IMAPD"	7208	3	"2026-07-16 16:08:10.058"	"10.0.0.128"	"RECEIVED: 105 IDLE"
"IMAPD"	7208	3	"2026-07-16 16:08:10.058"	"10.0.0.128"	"SENT: + idling"
"DEBUG"	7352	"2026-07-16 16:08:36.575"	"Creating session 6"
"TCPIP"	7352	"2026-07-16 16:08:36.579"	"TCP - 10.0.0.128 connected to 10.0.0.128:587."
"DEBUG"	7352	"2026-07-16 16:08:36.579"	"TCP connection started for session 4"
"SMTPD"	7352	4	"2026-07-16 16:08:36.579"	"10.0.0.128"	"SENT: 220 WIN-2F1VNVRVM11 ESMTP"
"SMTPD"	4124	4	"2026-07-16 16:08:36.725"	"10.0.0.128"	"RECEIVED: EHLO [10.0.0.128]"
"SMTPD"	4124	4	"2026-07-16 16:08:36.725"	"10.0.0.128"	"SENT: 250-WIN-2F1VNVRVM11[nl]250-SIZE 20480000[nl]250-AUTH LOGIN[nl]250 HELP"
"SMTPD"	7352	4	"2026-07-16 16:08:36.757"	"10.0.0.128"	"RECEIVED: AUTH LOGIN"
"SMTPD"	7352	4	"2026-07-16 16:08:36.757"	"10.0.0.128"	"SENT: 334 VXNlcm5hbWU6"
"SMTPD"	7352	4	"2026-07-16 16:08:36.772"	"10.0.0.128"	"RECEIVED: YkBoaS54eXo="
"SMTPD"	7352	4	"2026-07-16 16:08:36.772"	"10.0.0.128"	"SENT: 334 UGFzc3dvcmQ6"
"SMTPD"	7208	4	"2026-07-16 16:08:36.777"	"10.0.0.128"	"RECEIVED: ***"
"SMTPD"	7208	4	"2026-07-16 16:08:36.777"	"10.0.0.128"	"SENT: 235 authenticated."
"SMTPD"	4124	4	"2026-07-16 16:08:36.783"	"10.0.0.128"	"RECEIVED: MAIL FROM:<a@hi.xyz> SIZE=752"
"SMTPD"	4124	4	"2026-07-16 16:08:36.793"	"10.0.0.128"	"SENT: 250 OK"
"SMTPD"	772	4	"2026-07-16 16:08:36.793"	"10.0.0.128"	"RECEIVED: RCPT TO:<b@hi.xyz>"
"SMTPD"	772	4	"2026-07-16 16:08:36.793"	"10.0.0.128"	"SENT: 250 OK"
"SMTPD"	772	4	"2026-07-16 16:08:36.793"	"10.0.0.128"	"RECEIVED: DATA"
"SMTPD"	772	4	"2026-07-16 16:08:36.805"	"10.0.0.128"	"SENT: 354 OK, send."
"DEBUG"	7352	"2026-07-16 16:08:36.810"	"Adding task AsynchronousTask to work queue Asynchronous task queue"
"DEBUG"	5236	"2026-07-16 16:08:36.810"	"Executing task AsynchronousTask in work queue Asynchronous task queue"
"DEBUG"	5236	"2026-07-16 16:08:36.810"	"Executing event OnAcceptMessage"
"DEBUG"	5236	"2026-07-16 16:08:36.858"	"Event completed"
"DEBUG"	5236	"2026-07-16 16:08:36.858"	"Saving message: {294B1488-FB5D-4846-9EAE-99F2DCCD919B}.eml"
"DEBUG"	5236	"2026-07-16 16:08:36.858"	"Requesting SMTPDeliveryManager to start message delivery"
"SMTPD"	5236	4	"2026-07-16 16:08:36.858"	"10.0.0.128"	"SENT: 250 Queued (0.000 seconds)"
"DEBUG"	800	"2026-07-16 16:08:36.873"	"Adding task DeliveryTask to work queue SMTP delivery queue"
"DEBUG"	7268	"2026-07-16 16:08:36.877"	"Executing task DeliveryTask in work queue SMTP delivery queue"
"DEBUG"	7268	"2026-07-16 16:08:36.877"	"Delivering message..."
"DEBUG"	5468	"2026-07-16 16:08:36.877"	"Creating session 7"
"APPLICATION"	7268	"2026-07-16 16:08:36.890"	"SMTPDeliverer - Message 53: Delivering message from a@hi.xyz to b@hi.xyz. File: C:\Program Files (x86)\hMailServer\Data\{294B1488-FB5D-4846-9EAE-99F2DCCD919B}.eml"
"TCPIP"	5468	"2026-07-16 16:08:36.890"	"TCP - 10.0.0.128 connected to 10.0.0.128:143."
"DEBUG"	5468	"2026-07-16 16:08:36.890"	"TCP connection started for session 5"
"IMAPD"	5468	5	"2026-07-16 16:08:36.890"	"10.0.0.128"	"SENT: * OK IMAPrev1"
"DEBUG"	7268	"2026-07-16 16:08:36.970"	"Applying rules"
"DEBUG"	7268	"2026-07-16 16:08:36.970"	"Applying rule Phishing Filter"
"DEBUG"	7268	"2026-07-16 16:08:36.970"	"Performing local delivery"
"IMAPD"	772	5	"2026-07-16 16:08:36.978"	"10.0.0.128"	"RECEIVED: 10 capability"
"IMAPD"	772	5	"2026-07-16 16:08:36.978"	"10.0.0.128"	"SENT: * CAPABILITY IMAP4 IMAP4rev1 CHILDREN IDLE QUOTA SORT ACL NAMESPACE RIGHTS=texk[nl]10 OK CAPABILITY completed"
"DEBUG"	7268	"2026-07-16 16:08:36.978"	"Applying rules"
"DEBUG"	7268	"2026-07-16 16:08:36.986"	"Saving message: {294B1488-FB5D-4846-9EAE-99F2DCCD919B}.eml"
"IMAPD"	5468	5	"2026-07-16 16:08:36.986"	"10.0.0.128"	"RECEIVED: 12 login "a@hi.xyz" ***"
"DEBUG"	7268	"2026-07-16 16:08:36.986"	"Reading messages from database."
"IMAPD"	7268	3	"2026-07-16 16:08:37.002"	"10.0.0.128"	"SENT: * 8 EXISTS"
"IMAPD"	7268	3	"2026-07-16 16:08:37.002"	"10.0.0.128"	"SENT: * 8 RECENT"
"DEBUG"	7268	"2026-07-16 16:08:37.007"	"Local delivery completed"
"APPLICATION"	7268	"2026-07-16 16:08:37.007"	"SMTPDeliverer - Message 53: Message delivery thread completed."
"IMAPD"	4124	3	"2026-07-16 16:08:37.007"	"10.0.0.128"	"RECEIVED: DONE"
"IMAPD"	4124	3	"2026-07-16 16:08:37.007"	"10.0.0.128"	"SENT: 105 OK IDLE terminated"
"IMAPD"	5132	3	"2026-07-16 16:08:37.019"	"10.0.0.128"	"RECEIVED: 106 noop"
"IMAPD"	5132	3	"2026-07-16 16:08:37.019"	"10.0.0.128"	"SENT: 106 OK NOOP completed"
"IMAPD"	7208	3	"2026-07-16 16:08:37.019"	"10.0.0.128"	"RECEIVED: 107 getquotaroot "INBOX""
"IMAPD"	7208	3	"2026-07-16 16:08:37.019"	"10.0.0.128"	"SENT: * QUOTAROOT "INBOX" ""[nl]* QUOTA "" ()[nl]107 OK GETQUOTAROOT completed"
"IMAPD"	772	3	"2026-07-16 16:08:37.019"	"10.0.0.128"	"RECEIVED: 108 UID fetch 12:* (FLAGS)"
"IMAPD"	772	3	"2026-07-16 16:08:37.019"	"10.0.0.128"	"SENT: * 8 FETCH (UID 12 FLAGS ())"
"IMAPD"	772	3	"2026-07-16 16:08:37.019"	"10.0.0.128"	"SENT: 108 OK UID completed"
"IMAPD"	4632	3	"2026-07-16 16:08:37.019"	"10.0.0.128"	"RECEIVED: 109 UID fetch 12 (UID RFC822.SIZE FLAGS BODY.PEEK[HEADER.FIELDS (From To Cc Bcc Subject Date Message-ID Priority X-Priority References Newsgroups In-Reply-To Content-Type Reply-To Received)])"
"IMAPD"	5468	5	"2026-07-16 16:08:37.019"	"10.0.0.128"	"SENT: 12 OK LOGIN completed"
"IMAPD"	5468	5	"2026-07-16 16:08:37.036"	"10.0.0.128"	"RECEIVED: 13 capability"
"IMAPD"	5468	5	"2026-07-16 16:08:37.036"	"10.0.0.128"	"SENT: * CAPABILITY IMAP4 IMAP4rev1 CHILDREN IDLE QUOTA SORT ACL NAMESPACE RIGHTS=texk[nl]13 OK CAPABILITY completed"
"IMAPD"	772	5	"2026-07-16 16:08:37.036"	"10.0.0.128"	"RECEIVED: 14 append "Sent" (\Seen) {752}"
"IMAPD"	772	5	"2026-07-16 16:08:37.036"	"10.0.0.128"	"SENT: + Ready for literal data"
"DEBUG"	4124	"2026-07-16 16:08:37.036"	"Saving message: {2A4C098D-52EB-44F9-9F85-F6197E65C530}.eml"
"IMAPD"	4124	5	"2026-07-16 16:08:37.036"	"10.0.0.128"	"SENT: 14 OK APPEND completed"
"IMAPD"	4632	3	"2026-07-16 16:08:37.051"	"10.0.0.128"	"SENT: * 8 FETCH (UID 12 RFC822.SIZE 881 FLAGS () BODY[HEADER.FIELDS (From To Cc Bcc Subject Date Message-ID Priority X-Priority References Newsgroups In-Reply-To Content-Type Reply-To Received)] {380}"
"IMAPD"	4632	3	"2026-07-16 16:08:37.051"	"10.0.0.128"	"SENT: )"
"IMAPD"	4632	3	"2026-07-16 16:08:37.051"	"10.0.0.128"	"SENT: 109 OK UID completed"
"IMAPD"	7352	3	"2026-07-16 16:08:37.131"	"10.0.0.128"	"RECEIVED: 110 UID fetch 12 (UID RFC822.SIZE BODY.PEEK[])"
"IMAPD"	7352	3	"2026-07-16 16:08:37.131"	"10.0.0.128"	"SENT: * 8 FETCH (UID 12 RFC822.SIZE 881 BODY[] {904}"
"IMAPD"	7352	3	"2026-07-16 16:08:37.131"	"10.0.0.128"	"SENT: )"
"IMAPD"	7352	3	"2026-07-16 16:08:37.131"	"10.0.0.128"	"SENT: 110 OK UID completed"
"IMAPD"	4124	3	"2026-07-16 16:08:37.162"	"10.0.0.128"	"RECEIVED: 111 UID fetch 12 (UID BODY.PEEK[HEADER.FIELDS (Content-Type Content-Transfer-Encoding)] BODY.PEEK[TEXT]<0.2048>)"
"IMAPD"	4124	3	"2026-07-16 16:08:37.162"	"10.0.0.128"	"SENT: * 8 FETCH (UID 12 BODY[HEADER.FIELDS (Content-Type Content-Transfer-Encoding)] {91}"
"IMAPD"	4124	3	"2026-07-16 16:08:37.162"	"10.0.0.128"	"SENT:  BODY[TEXT]<0> {390}"
"IMAPD"	4124	3	"2026-07-16 16:08:37.162"	"10.0.0.128"	"SENT: )"
"IMAPD"	4124	3	"2026-07-16 16:08:37.162"	"10.0.0.128"	"SENT: 111 OK UID completed"
"IMAPD"	4632	3	"2026-07-16 16:08:39.190"	"10.0.0.128"	"RECEIVED: 112 IDLE"
"IMAPD"	4632	3	"2026-07-16 16:08:39.190"	"10.0.0.128"	"SENT: + idling"
"SMTPD"	4632	4	"2026-07-16 16:08:42.207"	"10.0.0.128"	"RECEIVED: QUIT"
"SMTPD"	4632	4	"2026-07-16 16:08:42.207"	"10.0.0.128"	"SENT: 221 goodbye"
"DEBUG"	7208	"2026-07-16 16:08:42.225"	"Ending session 4"
"IMAPD"	7208	3	"2026-07-16 16:08:51.160"	"10.0.0.128"	"RECEIVED: DONE"
"IMAPD"	7208	3	"2026-07-16 16:08:51.160"	"10.0.0.128"	"SENT: 112 OK IDLE terminated"
"DEBUG"	5468	"2026-07-16 16:08:51.176"	"Creating session 8"
"IMAPD"	7900	3	"2026-07-16 16:08:51.192"	"10.0.0.128"	"RECEIVED: 113 noop"
"IMAPD"	7900	3	"2026-07-16 16:08:51.201"	"10.0.0.128"	"SENT: 113 OK NOOP completed"
"TCPIP"	5468	"2026-07-16 16:08:51.201"	"TCP - 10.0.0.128 connected to 10.0.0.128:143."
"IMAPD"	7208	3	"2026-07-16 16:08:51.209"	"10.0.0.128"	"RECEIVED: 114 getquotaroot "INBOX""
"IMAPD"	7208	3	"2026-07-16 16:08:51.209"	"10.0.0.128"	"SENT: * QUOTAROOT "INBOX" ""[nl]* QUOTA "" ()[nl]114 OK GETQUOTAROOT completed"
"IMAPD"	7208	3	"2026-07-16 16:08:51.209"	"10.0.0.128"	"RECEIVED: 115 UID fetch 13:* (FLAGS)"
"DEBUG"	5468	"2026-07-16 16:08:51.209"	"TCP connection started for session 7"
"IMAPD"	7208	3	"2026-07-16 16:08:51.209"	"10.0.0.128"	"SENT: 115 OK UID completed"
"IMAPD"	5468	7	"2026-07-16 16:08:51.226"	"10.0.0.128"	"SENT: * OK IMAPrev1"
"IMAPD"	5468	7	"2026-07-16 16:08:51.226"	"10.0.0.128"	"RECEIVED: 14 capability"
"IMAPD"	5468	7	"2026-07-16 16:08:51.226"	"10.0.0.128"	"SENT: * CAPABILITY IMAP4 IMAP4rev1 CHILDREN IDLE QUOTA SORT ACL NAMESPACE RIGHTS=texk[nl]14 OK CAPABILITY completed"
"IMAPD"	772	7	"2026-07-16 16:08:51.241"	"10.0.0.128"	"RECEIVED: 16 login "a@hi.xyz" ***"
"IMAPD"	772	7	"2026-07-16 16:08:51.241"	"10.0.0.128"	"SENT: 16 OK LOGIN completed"
"IMAPD"	772	7	"2026-07-16 16:08:51.241"	"10.0.0.128"	"RECEIVED: 17 capability"
"IMAPD"	772	7	"2026-07-16 16:08:51.241"	"10.0.0.128"	"SENT: * CAPABILITY IMAP4 IMAP4rev1 CHILDREN IDLE QUOTA SORT ACL NAMESPACE RIGHTS=texk[nl]17 OK CAPABILITY completed"
"IMAPD"	772	7	"2026-07-16 16:08:51.257"	"10.0.0.128"	"RECEIVED: 18 select "INBOX""
"DEBUG"	772	"2026-07-16 16:08:51.272"	"Reading messages from database."
"IMAPD"	772	7	"2026-07-16 16:08:51.272"	"10.0.0.128"	"SENT: * 10 EXISTS[nl]* 10 RECENT[nl]* FLAGS (\Deleted \Seen \Draft \Answered \Flagged)[nl]* OK [UIDVALIDITY 1783903039] current uidvalidity[nl]* OK [UNSEEN 5] unseen messages[nl]* OK [UIDNEXT 13] next uid[nl]* OK [PERMANENTFLAGS (\Deleted \Seen \Draft \Answered \Flagged)] limited[nl]18 OK [READ-WRITE] SELECT completed"
"IMAPD"	772	7	"2026-07-16 16:08:51.272"	"10.0.0.128"	"RECEIVED: 19 getquotaroot "INBOX""
"IMAPD"	772	7	"2026-07-16 16:08:51.288"	"10.0.0.128"	"SENT: * QUOTAROOT "INBOX" ""[nl]* QUOTA "" ()[nl]19 OK GETQUOTAROOT completed"
"IMAPD"	5132	7	"2026-07-16 16:08:51.288"	"10.0.0.128"	"RECEIVED: 20 UID fetch 1:* (FLAGS)"
"IMAPD"	5132	7	"2026-07-16 16:08:51.288"	"10.0.0.128"	"SENT: * 1 FETCH (UID 3 FLAGS (\Seen))"
"IMAPD"	5132	7	"2026-07-16 16:08:51.288"	"10.0.0.128"	"SENT: * 2 FETCH (UID 4 FLAGS (\Seen))"
"IMAPD"	5132	7	"2026-07-16 16:08:51.288"	"10.0.0.128"	"SENT: * 3 FETCH (UID 5 FLAGS ())"
"IMAPD"	5132	7	"2026-07-16 16:08:51.302"	"10.0.0.128"	"SENT: * 4 FETCH (UID 6 FLAGS ())"
"IMAPD"	5132	7	"2026-07-16 16:08:51.304"	"10.0.0.128"	"SENT: * 5 FETCH (UID 7 FLAGS ())"
"IMAPD"	5132	7	"2026-07-16 16:08:51.304"	"10.0.0.128"	"SENT: * 6 FETCH (UID 8 FLAGS ())"
"IMAPD"	5132	7	"2026-07-16 16:08:51.304"	"10.0.0.128"	"SENT: * 7 FETCH (UID 9 FLAGS ())"
"IMAPD"	5132	7	"2026-07-16 16:08:51.304"	"10.0.0.128"	"SENT: * 8 FETCH (UID 10 FLAGS ())"
"IMAPD"	5132	7	"2026-07-16 16:08:51.304"	"10.0.0.128"	"SENT: * 9 FETCH (UID 11 FLAGS (\Seen))"
"IMAPD"	5132	7	"2026-07-16 16:08:51.321"	"10.0.0.128"	"SENT: * 10 FETCH (UID 12 FLAGS (\Seen))"
"IMAPD"	5132	7	"2026-07-16 16:08:51.321"	"10.0.0.128"	"SENT: 20 OK UID completed"
"IMAPD"	4632	3	"2026-07-16 16:08:53.245"	"10.0.0.128"	"RECEIVED: 116 IDLE"
"IMAPD"	4632	3	"2026-07-16 16:08:53.245"	"10.0.0.128"	"SENT: + idling"
"IMAPD"	7208	7	"2026-07-16 16:08:53.324"	"10.0.0.128"	"RECEIVED: 21 IDLE"
"IMAPD"	7208	7	"2026-07-16 16:08:53.324"	"10.0.0.128"	"SENT: + idling"
"DEBUG"	1788	"2026-07-16 16:10:08.595"	"Received stop-request from Windows."
"APPLICATION"	1788	"2026-07-16 16:10:08.610"	"Stopping servers..."
"DEBUG"	1788	"2026-07-16 16:10:08.610"	"Application::StopServers() - Removing server work queue"
"DEBUG"	1788	"2026-07-16 16:10:08.610"	"WorkQueueManager::RemoveQueue - Server queue"
"DEBUG"	1788	"2026-07-16 16:10:08.610"	"Stopping working queue Server queue."
"DEBUG"	1788	"2026-07-16 16:10:08.610"	"Interupt and join threads in working queue Server queue"
"DEBUG"	800	"2026-07-16 16:10:08.610"	"Worker exited in work queue Server queue"
"DEBUG"	7212	"2026-07-16 16:10:08.610"	"Worker exited in work queue Server queue"
"DEBUG"	2800	"2026-07-16 16:10:08.610"	"IOService::Stop()"
"DEBUG"	2564	"2026-07-16 16:10:08.610"	"Worker exited in work queue Server queue"
"DEBUG"	5468	"2026-07-16 16:10:08.610"	"TCP - AcceptEx failed. Error code: 995, Message: 스레드 종료 또는 응용 프로그램 요청 때문에 I/O 작업이 취소되었습니다"
"DEBUG"	4632	"2026-07-16 16:10:08.610"	"TCP - AcceptEx failed. Error code: 995, Message: 스레드 종료 또는 응용 프로그램 요청 때문에 I/O 작업이 취소되었습니다"
"DEBUG"	7208	"2026-07-16 16:10:08.610"	"TCP - AcceptEx failed. Error code: 995, Message: 스레드 종료 또는 응용 프로그램 요청 때문에 I/O 작업이 취소되었습니다"
"DEBUG"	7352	"2026-07-16 16:10:08.610"	"TCP - AcceptEx failed. Error code: 995, Message: 스레드 종료 또는 응용 프로그램 요청 때문에 I/O 작업이 취소되었습니다"
"DEBUG"	5468	"2026-07-16 16:10:08.610"	"Ending session 1"
"DEBUG"	2800	"2026-07-16 16:10:08.610"	"IOService::DoWork() - removing Queue IOCP Queue"
"DEBUG"	4632	"2026-07-16 16:10:08.610"	"Ending session 2"
"DEBUG"	7208	"2026-07-16 16:10:08.610"	"Ending session 8"
"DEBUG"	7352	"2026-07-16 16:10:08.610"	"Ending session 6"
"DEBUG"	2800	"2026-07-16 16:10:08.610"	"WorkQueueManager::RemoveQueue - IOCPQueue"
"DEBUG"	2800	"2026-07-16 16:10:08.610"	"Stopping working queue IOCPQueue."
"DEBUG"	2800	"2026-07-16 16:10:08.610"	"Interupt and join threads in working queue IOCPQueue"
"DEBUG"	8188	"2026-07-16 16:10:08.626"	"Worker exited in work queue IOCPQueue"
"DEBUG"	1788	"2026-07-16 16:10:08.626"	"Still 1 remaining threads in queue Server queue. First task: IOService"
"DEBUG"	6476	"2026-07-16 16:10:08.626"	"Worker exited in work queue IOCPQueue"
"DEBUG"	4488	"2026-07-16 16:10:08.626"	"Worker exited in work queue IOCPQueue"
"DEBUG"	7644	"2026-07-16 16:10:08.626"	"Worker exited in work queue IOCPQueue"
"DEBUG"	7352	"2026-07-16 16:10:08.626"	"Worker exited in work queue IOCPQueue"
"DEBUG"	4632	"2026-07-16 16:10:08.626"	"Worker exited in work queue IOCPQueue"
"DEBUG"	5452	"2026-07-16 16:10:08.626"	"Worker exited in work queue IOCPQueue"
"DEBUG"	7208	"2026-07-16 16:10:08.626"	"Worker exited in work queue IOCPQueue"
"DEBUG"	5288	"2026-07-16 16:10:08.626"	"Worker exited in work queue IOCPQueue"
"DEBUG"	4904	"2026-07-16 16:10:08.626"	"Worker exited in work queue IOCPQueue"
"DEBUG"	5132	"2026-07-16 16:10:08.626"	"Worker exited in work queue IOCPQueue"
"DEBUG"	772	"2026-07-16 16:10:08.626"	"Worker exited in work queue IOCPQueue"
"DEBUG"	5468	"2026-07-16 16:10:08.626"	"Worker exited in work queue IOCPQueue"
"DEBUG"	7900	"2026-07-16 16:10:08.626"	"Worker exited in work queue IOCPQueue"
"DEBUG"	4124	"2026-07-16 16:10:08.626"	"Worker exited in work queue IOCPQueue"
"DEBUG"	2800	"2026-07-16 16:10:08.642"	"Still 1 remaining threads in queue IOCPQueue. First task: <Unknown>"
"DEBUG"	1788	"2026-07-16 16:10:08.896"	"Still 1 remaining threads in queue Server queue. First task: IOService"
"DEBUG"	2800	"2026-07-16 16:10:08.896"	"All threads are joined in queue IOCPQueue."
"DEBUG"	2800	"2026-07-16 16:10:08.896"	"WorkQueueManager::RemoveQueue - Stopped IOCPQueue"
"DEBUG"	2800	"2026-07-16 16:10:08.896"	"WorkQueueManager::RemoveQueue - Erased IOCPQueue"
"DEBUG"	2800	"2026-07-16 16:10:08.896"	"IOService::Stop() - Complete"
"DEBUG"	2800	"2026-07-16 16:10:08.896"	"Destructing work queue IOCPQueue"
"DEBUG"	2800	"2026-07-16 16:10:09.161"	"Worker exited in work queue Server queue"
"DEBUG"	1788	"2026-07-16 16:10:09.161"	"All threads are joined in queue Server queue."
"DEBUG"	1788	"2026-07-16 16:10:09.161"	"WorkQueueManager::RemoveQueue - Stopped Server queue"
"DEBUG"	1788	"2026-07-16 16:10:09.161"	"WorkQueueManager::RemoveQueue - Erased Server queue"
"DEBUG"	1788	"2026-07-16 16:10:09.161"	"Destructing work queue Server queue"
"DEBUG"	1788	"2026-07-16 16:10:09.161"	"Application::StopServers() - Clearing caches"
"DEBUG"	1788	"2026-07-16 16:10:09.161"	"Application::StopServers() - Destructing IOCP"
"DEBUG"	1788	"2026-07-16 16:10:09.161"	"IOService::~IOService - Destructing"
"DEBUG"	1788	"2026-07-16 16:10:09.161"	"TCPServer::~TCPServer"
"DEBUG"	1788	"2026-07-16 16:10:09.161"	"TCPServer::~TCPServer"
"DEBUG"	1788	"2026-07-16 16:10:09.161"	"TCPServer::~TCPServer"
"DEBUG"	1788	"2026-07-16 16:10:09.161"	"TCPServer::~TCPServer"
"DEBUG"	1788	"2026-07-16 16:10:09.161"	"Ending session 7"
"DEBUG"	1788	"2026-07-16 16:10:09.161"	"Ending session 5"
"DEBUG"	1788	"2026-07-16 16:10:09.161"	"Ending session 3"
"DEBUG"	1788	"2026-07-16 16:10:09.161"	"Application::StopServers() - Destructing DeliveryManager"
"DEBUG"	1788	"2026-07-16 16:10:09.161"	"WorkQueueManager::RemoveQueue - SMTP delivery queue"
"DEBUG"	1788	"2026-07-16 16:10:09.161"	"Stopping working queue SMTP delivery queue."
"DEBUG"	1788	"2026-07-16 16:10:09.161"	"Interupt and join threads in working queue SMTP delivery queue"
"DEBUG"	7268	"2026-07-16 16:10:09.161"	"Worker exited in work queue SMTP delivery queue"
"DEBUG"	6532	"2026-07-16 16:10:09.161"	"Worker exited in work queue SMTP delivery queue"
"DEBUG"	4784	"2026-07-16 16:10:09.178"	"Worker exited in work queue SMTP delivery queue"
"DEBUG"	4660	"2026-07-16 16:10:09.178"	"Worker exited in work queue SMTP delivery queue"
"DEBUG"	4264	"2026-07-16 16:10:09.178"	"Worker exited in work queue SMTP delivery queue"
"DEBUG"	7952	"2026-07-16 16:10:09.178"	"Worker exited in work queue SMTP delivery queue"
"DEBUG"	4976	"2026-07-16 16:10:09.178"	"Worker exited in work queue SMTP delivery queue"
"DEBUG"	4776	"2026-07-16 16:10:09.178"	"Worker exited in work queue SMTP delivery queue"
"DEBUG"	1696	"2026-07-16 16:10:09.178"	"Worker exited in work queue SMTP delivery queue"
"DEBUG"	876	"2026-07-16 16:10:09.178"	"Worker exited in work queue SMTP delivery queue"
"DEBUG"	1788	"2026-07-16 16:10:09.178"	"Still 1 remaining threads in queue SMTP delivery queue. First task: <Unknown>"
"DEBUG"	1788	"2026-07-16 16:10:09.446"	"All threads are joined in queue SMTP delivery queue."
"DEBUG"	1788	"2026-07-16 16:10:09.446"	"WorkQueueManager::RemoveQueue - Stopped SMTP delivery queue"
"DEBUG"	1788	"2026-07-16 16:10:09.446"	"WorkQueueManager::RemoveQueue - Erased SMTP delivery queue"
"DEBUG"	1788	"2026-07-16 16:10:09.446"	"Destructing work queue SMTP delivery queue"
"DEBUG"	1788	"2026-07-16 16:10:09.446"	"Application::StopServers() - Destructing FetchManager"
"DEBUG"	1788	"2026-07-16 16:10:09.446"	"ExternalFetchManager::~ExternalFetchManager"
"DEBUG"	1788	"2026-07-16 16:10:09.446"	"WorkQueueManager::RemoveQueue - External fetch queue"
"DEBUG"	1788	"2026-07-16 16:10:09.446"	"Stopping working queue External fetch queue."
"DEBUG"	1788	"2026-07-16 16:10:09.446"	"Interupt and join threads in working queue External fetch queue"
"DEBUG"	8084	"2026-07-16 16:10:09.446"	"Worker exited in work queue External fetch queue"
"DEBUG"	4644	"2026-07-16 16:10:09.446"	"Worker exited in work queue External fetch queue"
"DEBUG"	7540	"2026-07-16 16:10:09.446"	"Worker exited in work queue External fetch queue"
"DEBUG"	7452	"2026-07-16 16:10:09.446"	"Worker exited in work queue External fetch queue"
"DEBUG"	5856	"2026-07-16 16:10:09.446"	"Worker exited in work queue External fetch queue"
"DEBUG"	1556	"2026-07-16 16:10:09.446"	"Worker exited in work queue External fetch queue"
"DEBUG"	5656	"2026-07-16 16:10:09.446"	"Worker exited in work queue External fetch queue"
"DEBUG"	4500	"2026-07-16 16:10:09.446"	"Worker exited in work queue External fetch queue"
"DEBUG"	5700	"2026-07-16 16:10:09.446"	"Worker exited in work queue External fetch queue"
"DEBUG"	5000	"2026-07-16 16:10:09.446"	"Worker exited in work queue External fetch queue"
"DEBUG"	2900	"2026-07-16 16:10:09.446"	"Worker exited in work queue External fetch queue"
"DEBUG"	6564	"2026-07-16 16:10:09.446"	"Worker exited in work queue External fetch queue"
"DEBUG"	8152	"2026-07-16 16:10:09.458"	"Worker exited in work queue External fetch queue"
"DEBUG"	2336	"2026-07-16 16:10:09.458"	"Worker exited in work queue External fetch queue"
"DEBUG"	2852	"2026-07-16 16:10:09.458"	"Worker exited in work queue External fetch queue"
"DEBUG"	1788	"2026-07-16 16:10:09.458"	"All threads are joined in queue External fetch queue."
"DEBUG"	1788	"2026-07-16 16:10:09.463"	"WorkQueueManager::RemoveQueue - Stopped External fetch queue"
"DEBUG"	1788	"2026-07-16 16:10:09.463"	"WorkQueueManager::RemoveQueue - Erased External fetch queue"
"DEBUG"	1788	"2026-07-16 16:10:09.463"	"Destructing work queue External fetch queue"
"DEBUG"	1788	"2026-07-16 16:10:09.463"	"ExternalFetchManager::~ExternalFetchManager - Removed queue"
"DEBUG"	1788	"2026-07-16 16:10:09.463"	"Application::StopServers() - Destructing Scheduler"
"DEBUG"	1788	"2026-07-16 16:10:09.463"	"Application::StopServers() - Destructing Rest"
"APPLICATION"	1788	"2026-07-16 16:10:09.463"	"Servers stopped."
"DEBUG"	1788	"2026-07-16 16:10:09.463"	"WorkQueueManager::RemoveQueue - Maintenance queue"
"DEBUG"	1788	"2026-07-16 16:10:09.463"	"Stopping working queue Maintenance queue."
"DEBUG"	1788	"2026-07-16 16:10:09.463"	"Interupt and join threads in working queue Maintenance queue"
"DEBUG"	7440	"2026-07-16 16:10:09.463"	"Worker exited in work queue Maintenance queue"
"DEBUG"	6932	"2026-07-16 16:10:09.463"	"Worker exited in work queue Maintenance queue"
"DEBUG"	3648	"2026-07-16 16:10:09.463"	"Worker exited in work queue Maintenance queue"
"DEBUG"	2820	"2026-07-16 16:10:09.463"	"Worker exited in work queue Maintenance queue"
"DEBUG"	7348	"2026-07-16 16:10:09.463"	"Worker exited in work queue Maintenance queue"
"DEBUG"	1788	"2026-07-16 16:10:09.463"	"All threads are joined in queue Maintenance queue."
"DEBUG"	1788	"2026-07-16 16:10:09.463"	"WorkQueueManager::RemoveQueue - Stopped Maintenance queue"
"DEBUG"	1788	"2026-07-16 16:10:09.463"	"WorkQueueManager::RemoveQueue - Erased Maintenance queue"
"DEBUG"	1788	"2026-07-16 16:10:09.463"	"Destructing work queue Maintenance queue"
"DEBUG"	1788	"2026-07-16 16:10:09.463"	"WorkQueueManager::RemoveQueue - Asynchronous task queue"
"DEBUG"	1788	"2026-07-16 16:10:09.463"	"Stopping working queue Asynchronous task queue."
"DEBUG"	1788	"2026-07-16 16:10:09.463"	"Interupt and join threads in working queue Asynchronous task queue"
"DEBUG"	5236	"2026-07-16 16:10:09.463"	"Worker exited in work queue Asynchronous task queue"
"DEBUG"	548	"2026-07-16 16:10:09.463"	"Worker exited in work queue Asynchronous task queue"
"DEBUG"	2220	"2026-07-16 16:10:09.463"	"Worker exited in work queue Asynchronous task queue"
"DEBUG"	5848	"2026-07-16 16:10:09.463"	"Worker exited in work queue Asynchronous task queue"
"DEBUG"	3812	"2026-07-16 16:10:09.463"	"Worker exited in work queue Asynchronous task queue"
"DEBUG"	3416	"2026-07-16 16:10:09.463"	"Worker exited in work queue Asynchronous task queue"
"DEBUG"	3484	"2026-07-16 16:10:09.479"	"Worker exited in work queue Asynchronous task queue"
"DEBUG"	1088	"2026-07-16 16:10:09.479"	"Worker exited in work queue Asynchronous task queue"
"DEBUG"	7508	"2026-07-16 16:10:09.479"	"Worker exited in work queue Asynchronous task queue"
"DEBUG"	7324	"2026-07-16 16:10:09.479"	"Worker exited in work queue Asynchronous task queue"
"DEBUG"	4408	"2026-07-16 16:10:09.479"	"Worker exited in work queue Asynchronous task queue"
"DEBUG"	5728	"2026-07-16 16:10:09.479"	"Worker exited in work queue Asynchronous task queue"
"DEBUG"	3052	"2026-07-16 16:10:09.479"	"Worker exited in work queue Asynchronous task queue"
"DEBUG"	1368	"2026-07-16 16:10:09.479"	"Worker exited in work queue Asynchronous task queue"
"DEBUG"	7768	"2026-07-16 16:10:09.479"	"Worker exited in work queue Asynchronous task queue"
"DEBUG"	1788	"2026-07-16 16:10:09.479"	"All threads are joined in queue Asynchronous task queue."
"DEBUG"	1788	"2026-07-16 16:10:09.479"	"WorkQueueManager::RemoveQueue - Stopped Asynchronous task queue"
"DEBUG"	1788	"2026-07-16 16:10:09.479"	"WorkQueueManager::RemoveQueue - Erased Asynchronous task queue"
"DEBUG"	1788	"2026-07-16 16:10:09.479"	"Destructing work queue Asynchronous task queue"
"DEBUG"	1788	"2026-07-16 16:10:09.479"	"Application::ExitInstance - Closing database connection..."
"DEBUG"	1788	"2026-07-16 16:10:09.479"	"Application::ExitInstance - Deleting caches..."
"DEBUG"	5544	"2026-07-16 16:10:14.780"	"Application::InitInstance - Configuration loaded."
"DEBUG"	5544	"2026-07-16 16:10:14.780"	"Creating work queue Asynchronous task queue"
"DEBUG"	5544	"2026-07-16 16:10:14.780"	"Starting work queue Asynchronous task queue"
"DEBUG"	6456	"2026-07-16 16:10:14.780"	"Running worker in work queue Asynchronous task queue"
"DEBUG"	5544	"2026-07-16 16:10:14.780"	"Started work queue Asynchronous task queue"
"APPLICATION"	5544	"2026-07-16 16:10:14.780"	"Starting servers..."
"DEBUG"	760	"2026-07-16 16:10:14.780"	"Running worker in work queue Asynchronous task queue"
"DEBUG"	7748	"2026-07-16 16:10:14.780"	"Running worker in work queue Asynchronous task queue"
"DEBUG"	4452	"2026-07-16 16:10:14.780"	"Running worker in work queue Asynchronous task queue"
"DEBUG"	4944	"2026-07-16 16:10:14.780"	"Running worker in work queue Asynchronous task queue"
"DEBUG"	4024	"2026-07-16 16:10:14.780"	"Running worker in work queue Asynchronous task queue"
"DEBUG"	1496	"2026-07-16 16:10:14.780"	"Running worker in work queue Asynchronous task queue"
"DEBUG"	1128	"2026-07-16 16:10:14.780"	"Running worker in work queue Asynchronous task queue"
"DEBUG"	2372	"2026-07-16 16:10:14.799"	"Running worker in work queue Asynchronous task queue"
"DEBUG"	2616	"2026-07-16 16:10:14.780"	"Running worker in work queue Asynchronous task queue"
"DEBUG"	3652	"2026-07-16 16:10:14.780"	"Running worker in work queue Asynchronous task queue"
"DEBUG"	3924	"2026-07-16 16:10:14.780"	"Running worker in work queue Asynchronous task queue"
"DEBUG"	2040	"2026-07-16 16:10:14.780"	"Running worker in work queue Asynchronous task queue"
"DEBUG"	5544	"2026-07-16 16:10:14.799"	"Creating work queue Server queue"
"DEBUG"	5544	"2026-07-16 16:10:14.799"	"Starting work queue Server queue"
"DEBUG"	2284	"2026-07-16 16:10:14.799"	"Running worker in work queue Asynchronous task queue"
"DEBUG"	4896	"2026-07-16 16:10:14.780"	"Running worker in work queue Asynchronous task queue"
"DEBUG"	5544	"2026-07-16 16:10:14.799"	"Started work queue Server queue"
"DEBUG"	5544	"2026-07-16 16:10:14.799"	"Adding task Scheduler to work queue Server queue"
"DEBUG"	5544	"2026-07-16 16:10:14.799"	"Adding task IOService to work queue Server queue"
"DEBUG"	5544	"2026-07-16 16:10:14.799"	"Creating work queue SMTP delivery queue"
"DEBUG"	5544	"2026-07-16 16:10:14.799"	"Starting work queue SMTP delivery queue"
"DEBUG"	7732	"2026-07-16 16:10:14.799"	"Running worker in work queue Server queue"
"DEBUG"	5544	"2026-07-16 16:10:14.799"	"Started work queue SMTP delivery queue"
"DEBUG"	5244	"2026-07-16 16:10:14.799"	"Running worker in work queue Server queue"
"DEBUG"	5820	"2026-07-16 16:10:14.799"	"Running worker in work queue Server queue"
"DEBUG"	4060	"2026-07-16 16:10:14.799"	"Running worker in work queue Server queue"
"DEBUG"	2672	"2026-07-16 16:10:14.799"	"Running worker in work queue SMTP delivery queue"
"DEBUG"	7936	"2026-07-16 16:10:14.799"	"Running worker in work queue SMTP delivery queue"
"DEBUG"	7460	"2026-07-16 16:10:14.799"	"Running worker in work queue SMTP delivery queue"
"DEBUG"	5840	"2026-07-16 16:10:14.799"	"Running worker in work queue SMTP delivery queue"
"DEBUG"	5736	"2026-07-16 16:10:14.799"	"Running worker in work queue SMTP delivery queue"
"DEBUG"	5940	"2026-07-16 16:10:14.799"	"Running worker in work queue SMTP delivery queue"
"DEBUG"	7012	"2026-07-16 16:10:14.812"	"Running worker in work queue SMTP delivery queue"
"DEBUG"	6336	"2026-07-16 16:10:14.812"	"Running worker in work queue SMTP delivery queue"
"DEBUG"	7732	"2026-07-16 16:10:14.812"	"Executing task Scheduler in work queue Server queue"
"DEBUG"	8176	"2026-07-16 16:10:14.812"	"Running worker in work queue SMTP delivery queue"
"DEBUG"	2904	"2026-07-16 16:10:14.812"	"Running worker in work queue SMTP delivery queue"
"DEBUG"	5544	"2026-07-16 16:10:14.812"	"Adding task SMTPDeliveryManager to work queue Server queue"
"DEBUG"	5244	"2026-07-16 16:10:14.812"	"Executing task IOService in work queue Server queue"
"DEBUG"	5544	"2026-07-16 16:10:14.812"	"Creating work queue External fetch queue"
"DEBUG"	4060	"2026-07-16 16:10:14.812"	"Executing task SMTPDeliveryManager in work queue Server queue"
"DEBUG"	5244	"2026-07-16 16:10:14.812"	"IOService::Start()"
"DEBUG"	5544	"2026-07-16 16:10:14.812"	"Starting work queue External fetch queue"
"DEBUG"	5544	"2026-07-16 16:10:14.828"	"Started work queue External fetch queue"
"DEBUG"	5544	"2026-07-16 16:10:14.828"	"Adding task ExternalFetchManager to work queue Server queue"
"DEBUG"	4060	"2026-07-16 16:10:14.812"	"SMTPDeliveryManager::Start()"
"DEBUG"	5820	"2026-07-16 16:10:14.828"	"Executing task ExternalFetchManager in work queue Server queue"
"DEBUG"	5820	"2026-07-16 16:10:14.828"	"ExternalFetchManager::Start()"
"APPLICATION"	5544	"2026-07-16 16:10:14.828"	"Servers started."
"DEBUG"	3624	"2026-07-16 16:10:14.828"	"Running worker in work queue External fetch queue"
"DEBUG"	3920	"2026-07-16 16:10:14.828"	"Running worker in work queue External fetch queue"
"DEBUG"	3940	"2026-07-16 16:10:14.828"	"Running worker in work queue External fetch queue"
"DEBUG"	5836	"2026-07-16 16:10:14.828"	"Running worker in work queue External fetch queue"
"DEBUG"	3244	"2026-07-16 16:10:14.828"	"Running worker in work queue External fetch queue"
"DEBUG"	2196	"2026-07-16 16:10:14.828"	"Running worker in work queue External fetch queue"
"DEBUG"	8132	"2026-07-16 16:10:14.828"	"Running worker in work queue External fetch queue"
"DEBUG"	848	"2026-07-16 16:10:14.828"	"Running worker in work queue External fetch queue"
"DEBUG"	7620	"2026-07-16 16:10:14.828"	"Running worker in work queue External fetch queue"
"DEBUG"	1828	"2026-07-16 16:10:14.828"	"Running worker in work queue External fetch queue"
"DEBUG"	3276	"2026-07-16 16:10:14.828"	"Running worker in work queue External fetch queue"
"DEBUG"	6040	"2026-07-16 16:10:14.828"	"Running worker in work queue External fetch queue"
"DEBUG"	4316	"2026-07-16 16:10:14.828"	"Running worker in work queue External fetch queue"
"DEBUG"	6468	"2026-07-16 16:10:14.828"	"Running worker in work queue External fetch queue"
"DEBUG"	376	"2026-07-16 16:10:14.828"	"Running worker in work queue External fetch queue"
"DEBUG"	5244	"2026-07-16 16:10:14.828"	"Creating session 1"
"DEBUG"	5244	"2026-07-16 16:10:14.844"	"Creating session 2"
"DEBUG"	5244	"2026-07-16 16:10:14.844"	"Creating session 3"
"DEBUG"	5244	"2026-07-16 16:10:14.844"	"Creating session 4"
"DEBUG"	5244	"2026-07-16 16:10:14.844"	"Creating work queue IOCPQueue"
"DEBUG"	5244	"2026-07-16 16:10:14.844"	"Starting work queue IOCPQueue"
"DEBUG"	5244	"2026-07-16 16:10:14.844"	"Started work queue IOCPQueue"
"DEBUG"	5244	"2026-07-16 16:10:14.844"	"Adding task IOCPQueueWorkerTask to work queue IOCPQueue"
"DEBUG"	5244	"2026-07-16 16:10:14.844"	"Adding task IOCPQueueWorkerTask to work queue IOCPQueue"
"DEBUG"	5244	"2026-07-16 16:10:14.844"	"Adding task IOCPQueueWorkerTask to work queue IOCPQueue"
"DEBUG"	5244	"2026-07-16 16:10:14.844"	"Adding task IOCPQueueWorkerTask to work queue IOCPQueue"
"DEBUG"	5244	"2026-07-16 16:10:14.844"	"Adding task IOCPQueueWorkerTask to work queue IOCPQueue"
"DEBUG"	5244	"2026-07-16 16:10:14.844"	"Adding task IOCPQueueWorkerTask to work queue IOCPQueue"
"DEBUG"	5244	"2026-07-16 16:10:14.859"	"Adding task IOCPQueueWorkerTask to work queue IOCPQueue"
"DEBUG"	5244	"2026-07-16 16:10:14.859"	"Adding task IOCPQueueWorkerTask to work queue IOCPQueue"
"DEBUG"	5244	"2026-07-16 16:10:14.859"	"Adding task IOCPQueueWorkerTask to work queue IOCPQueue"
"DEBUG"	5244	"2026-07-16 16:10:14.859"	"Adding task IOCPQueueWorkerTask to work queue IOCPQueue"
"DEBUG"	5244	"2026-07-16 16:10:14.859"	"Adding task IOCPQueueWorkerTask to work queue IOCPQueue"
"DEBUG"	5244	"2026-07-16 16:10:14.859"	"Adding task IOCPQueueWorkerTask to work queue IOCPQueue"
"DEBUG"	5244	"2026-07-16 16:10:14.859"	"Adding task IOCPQueueWorkerTask to work queue IOCPQueue"
"DEBUG"	5244	"2026-07-16 16:10:14.859"	"Adding task IOCPQueueWorkerTask to work queue IOCPQueue"
"DEBUG"	5244	"2026-07-16 16:10:14.859"	"Adding task IOCPQueueWorkerTask to work queue IOCPQueue"
"DEBUG"	2088	"2026-07-16 16:10:14.859"	"Running worker in work queue IOCPQueue"
"DEBUG"	4448	"2026-07-16 16:10:14.859"	"Running worker in work queue IOCPQueue"
"DEBUG"	5072	"2026-07-16 16:10:14.859"	"Running worker in work queue IOCPQueue"
"DEBUG"	5072	"2026-07-16 16:10:14.875"	"Executing task IOCPQueueWorkerTask in work queue IOCPQueue"
"DEBUG"	2476	"2026-07-16 16:10:14.859"	"Running worker in work queue IOCPQueue"
"DEBUG"	2476	"2026-07-16 16:10:14.875"	"Executing task IOCPQueueWorkerTask in work queue IOCPQueue"
"DEBUG"	3060	"2026-07-16 16:10:14.859"	"Running worker in work queue IOCPQueue"
"DEBUG"	3060	"2026-07-16 16:10:14.875"	"Executing task IOCPQueueWorkerTask in work queue IOCPQueue"
"DEBUG"	6352	"2026-07-16 16:10:14.859"	"Running worker in work queue IOCPQueue"
"DEBUG"	6352	"2026-07-16 16:10:14.875"	"Executing task IOCPQueueWorkerTask in work queue IOCPQueue"
"DEBUG"	3968	"2026-07-16 16:10:14.859"	"Running worker in work queue IOCPQueue"
"DEBUG"	3968	"2026-07-16 16:10:14.875"	"Executing task IOCPQueueWorkerTask in work queue IOCPQueue"
"DEBUG"	5620	"2026-07-16 16:10:14.859"	"Running worker in work queue IOCPQueue"
"DEBUG"	5620	"2026-07-16 16:10:14.875"	"Executing task IOCPQueueWorkerTask in work queue IOCPQueue"
"DEBUG"	8088	"2026-07-16 16:10:14.859"	"Running worker in work queue IOCPQueue"
"DEBUG"	8088	"2026-07-16 16:10:14.891"	"Executing task IOCPQueueWorkerTask in work queue IOCPQueue"
"DEBUG"	4448	"2026-07-16 16:10:14.875"	"Executing task IOCPQueueWorkerTask in work queue IOCPQueue"
"DEBUG"	2088	"2026-07-16 16:10:14.875"	"Executing task IOCPQueueWorkerTask in work queue IOCPQueue"
"DEBUG"	4460	"2026-07-16 16:10:14.859"	"Running worker in work queue IOCPQueue"
"DEBUG"	4200	"2026-07-16 16:10:14.859"	"Running worker in work queue IOCPQueue"
"DEBUG"	4200	"2026-07-16 16:10:14.891"	"Executing task IOCPQueueWorkerTask in work queue IOCPQueue"
"DEBUG"	2020	"2026-07-16 16:10:14.859"	"Running worker in work queue IOCPQueue"
"DEBUG"	7272	"2026-07-16 16:10:14.859"	"Running worker in work queue IOCPQueue"
"DEBUG"	7272	"2026-07-16 16:10:14.891"	"Executing task IOCPQueueWorkerTask in work queue IOCPQueue"
"DEBUG"	4460	"2026-07-16 16:10:14.891"	"Executing task IOCPQueueWorkerTask in work queue IOCPQueue"
"DEBUG"	7192	"2026-07-16 16:10:14.859"	"Running worker in work queue IOCPQueue"
"DEBUG"	2020	"2026-07-16 16:10:14.891"	"Executing task IOCPQueueWorkerTask in work queue IOCPQueue"
"DEBUG"	6416	"2026-07-16 16:10:14.859"	"Running worker in work queue IOCPQueue"
"DEBUG"	7192	"2026-07-16 16:10:14.900"	"Executing task IOCPQueueWorkerTask in work queue IOCPQueue"
"DEBUG"	6416	"2026-07-16 16:10:14.900"	"Executing task IOCPQueueWorkerTask in work queue IOCPQueue"
"DEBUG"	6416	"2026-07-16 16:10:25.058"	"Creating session 5"
"TCPIP"	6416	"2026-07-16 16:10:25.058"	"TCP - 10.0.0.128 connected to 10.0.0.128:143."
"DEBUG"	6416	"2026-07-16 16:10:25.075"	"TCP connection started for session 3"
"IMAPD"	6416	3	"2026-07-16 16:10:25.075"	"10.0.0.128"	"SENT: * OK IMAPrev1"
"IMAPD"	6416	3	"2026-07-16 16:10:25.075"	"10.0.0.128"	"RECEIVED: 49 capability"
"IMAPD"	6416	3	"2026-07-16 16:10:25.075"	"10.0.0.128"	"SENT: * CAPABILITY IMAP4 IMAP4rev1 CHILDREN IDLE QUOTA SORT ACL NAMESPACE RIGHTS=texk[nl]49 OK CAPABILITY completed"
"IMAPD"	4460	3	"2026-07-16 16:10:25.075"	"10.0.0.128"	"RECEIVED: 51 login "b@hi.xyz" ***"
"IMAPD"	4460	3	"2026-07-16 16:10:25.093"	"10.0.0.128"	"SENT: 51 OK LOGIN completed"
"IMAPD"	4460	3	"2026-07-16 16:10:25.106"	"10.0.0.128"	"RECEIVED: 52 capability"
"IMAPD"	4460	3	"2026-07-16 16:10:25.106"	"10.0.0.128"	"SENT: * CAPABILITY IMAP4 IMAP4rev1 CHILDREN IDLE QUOTA SORT ACL NAMESPACE RIGHTS=texk[nl]52 OK CAPABILITY completed"
"IMAPD"	4460	3	"2026-07-16 16:10:25.106"	"10.0.0.128"	"RECEIVED: 53 select "INBOX""
"DEBUG"	4460	"2026-07-16 16:10:25.106"	"Reading messages from database."
"IMAPD"	4460	3	"2026-07-16 16:10:25.106"	"10.0.0.128"	"SENT: * 8 EXISTS[nl]* 8 RECENT[nl]* FLAGS (\Deleted \Seen \Draft \Answered \Flagged)[nl]* OK [UIDVALIDITY 1783903061] current uidvalidity[nl]* OK [UNSEEN 9] unseen messages[nl]* OK [UIDNEXT 13] next uid[nl]* OK [PERMANENTFLAGS (\Deleted \Seen \Draft \Answered \Flagged)] limited[nl]53 OK [READ-WRITE] SELECT completed"
"IMAPD"	4460	3	"2026-07-16 16:10:25.106"	"10.0.0.128"	"RECEIVED: 54 getquotaroot "INBOX""
"IMAPD"	4460	3	"2026-07-16 16:10:25.123"	"10.0.0.128"	"SENT: * QUOTAROOT "INBOX" ""[nl]* QUOTA "" ()[nl]54 OK GETQUOTAROOT completed"
"IMAPD"	7192	3	"2026-07-16 16:10:25.123"	"10.0.0.128"	"RECEIVED: 55 UID fetch 1:* (FLAGS)"
"IMAPD"	7192	3	"2026-07-16 16:10:25.123"	"10.0.0.128"	"SENT: * 1 FETCH (UID 5 FLAGS (\Seen))"
"IMAPD"	7192	3	"2026-07-16 16:10:25.123"	"10.0.0.128"	"SENT: * 2 FETCH (UID 6 FLAGS (\Seen))"
"IMAPD"	7192	3	"2026-07-16 16:10:25.123"	"10.0.0.128"	"SENT: * 3 FETCH (UID 7 FLAGS (\Seen))"
"IMAPD"	7192	3	"2026-07-16 16:10:25.138"	"10.0.0.128"	"SENT: * 4 FETCH (UID 8 FLAGS (\Seen))"
"IMAPD"	7192	3	"2026-07-16 16:10:25.138"	"10.0.0.128"	"SENT: * 5 FETCH (UID 9 FLAGS ())"
"IMAPD"	7192	3	"2026-07-16 16:10:25.138"	"10.0.0.128"	"SENT: * 6 FETCH (UID 10 FLAGS (\Seen))"
"IMAPD"	7192	3	"2026-07-16 16:10:25.138"	"10.0.0.128"	"SENT: * 7 FETCH (UID 11 FLAGS (\Seen))"
"IMAPD"	7192	3	"2026-07-16 16:10:25.138"	"10.0.0.128"	"SENT: * 8 FETCH (UID 12 FLAGS ())"
"IMAPD"	7192	3	"2026-07-16 16:10:25.138"	"10.0.0.128"	"SENT: 55 OK UID completed"
"IMAPD"	2020	3	"2026-07-16 16:10:25.170"	"10.0.0.128"	"RECEIVED: 56 uid store 12 +Flags (\Seen)"
"IMAPD"	2020	3	"2026-07-16 16:10:25.170"	"10.0.0.128"	"SENT: * 8 FETCH (FLAGS (\Seen) UID 12)"
"IMAPD"	2020	3	"2026-07-16 16:10:25.170"	"10.0.0.128"	"SENT: 56 OK UID completed"
"IMAPD"	6416	3	"2026-07-16 16:10:27.210"	"10.0.0.128"	"RECEIVED: 57 IDLE"
"IMAPD"	6416	3	"2026-07-16 16:10:27.210"	"10.0.0.128"	"SENT: + idling"
"DEBUG"	6416	"2026-07-16 16:10:45.056"	"Creating session 6"
"TCPIP"	6416	"2026-07-16 16:10:45.056"	"TCP - 10.0.0.128 connected to 10.0.0.128:143."
"DEBUG"	6416	"2026-07-16 16:10:45.082"	"TCP connection started for session 5"
"IMAPD"	6416	5	"2026-07-16 16:10:45.082"	"10.0.0.128"	"SENT: * OK IMAPrev1"
"IMAPD"	2088	5	"2026-07-16 16:10:45.146"	"10.0.0.128"	"RECEIVED: 90 capability"
"IMAPD"	2088	5	"2026-07-16 16:10:45.146"	"10.0.0.128"	"SENT: * CAPABILITY IMAP4 IMAP4rev1 CHILDREN IDLE QUOTA SORT ACL NAMESPACE RIGHTS=texk[nl]90 OK CAPABILITY completed"
"IMAPD"	7272	5	"2026-07-16 16:10:45.226"	"10.0.0.128"	"RECEIVED: 92 login "a@hi.xyz" ***"
"IMAPD"	7272	5	"2026-07-16 16:10:45.242"	"10.0.0.128"	"SENT: 92 OK LOGIN completed"
"IMAPD"	6416	5	"2026-07-16 16:10:45.265"	"10.0.0.128"	"RECEIVED: 93 capability"
"IMAPD"	6416	5	"2026-07-16 16:10:45.265"	"10.0.0.128"	"SENT: * CAPABILITY IMAP4 IMAP4rev1 CHILDREN IDLE QUOTA SORT ACL NAMESPACE RIGHTS=texk[nl]93 OK CAPABILITY completed"
"IMAPD"	2088	5	"2026-07-16 16:10:45.274"	"10.0.0.128"	"RECEIVED: 94 select "INBOX""
"DEBUG"	2088	"2026-07-16 16:10:45.274"	"Reading messages from database."
"IMAPD"	2088	5	"2026-07-16 16:10:45.274"	"10.0.0.128"	"SENT: * 10 EXISTS[nl]* 10 RECENT[nl]* FLAGS (\Deleted \Seen \Draft \Answered \Flagged)[nl]* OK [UIDVALIDITY 1783903039] current uidvalidity[nl]* OK [UNSEEN 5] unseen messages[nl]* OK [UIDNEXT 13] next uid[nl]* OK [PERMANENTFLAGS (\Deleted \Seen \Draft \Answered \Flagged)] limited[nl]94 OK [READ-WRITE] SELECT completed"
"IMAPD"	2020	5	"2026-07-16 16:10:45.274"	"10.0.0.128"	"RECEIVED: 95 getquotaroot "INBOX""
"IMAPD"	2020	5	"2026-07-16 16:10:45.290"	"10.0.0.128"	"SENT: * QUOTAROOT "INBOX" ""[nl]* QUOTA "" ()[nl]95 OK GETQUOTAROOT completed"
"IMAPD"	2020	5	"2026-07-16 16:10:45.290"	"10.0.0.128"	"RECEIVED: 96 UID fetch 1:* (FLAGS)"
"IMAPD"	2020	5	"2026-07-16 16:10:45.290"	"10.0.0.128"	"SENT: * 1 FETCH (UID 3 FLAGS (\Seen))"
"IMAPD"	2020	5	"2026-07-16 16:10:45.290"	"10.0.0.128"	"SENT: * 2 FETCH (UID 4 FLAGS (\Seen))"
"IMAPD"	2020	5	"2026-07-16 16:10:45.290"	"10.0.0.128"	"SENT: * 3 FETCH (UID 5 FLAGS ())"
"IMAPD"	2020	5	"2026-07-16 16:10:45.290"	"10.0.0.128"	"SENT: * 4 FETCH (UID 6 FLAGS ())"
"IMAPD"	2020	5	"2026-07-16 16:10:45.290"	"10.0.0.128"	"SENT: * 5 FETCH (UID 7 FLAGS ())"
"IMAPD"	2020	5	"2026-07-16 16:10:45.290"	"10.0.0.128"	"SENT: * 6 FETCH (UID 8 FLAGS ())"
"IMAPD"	2020	5	"2026-07-16 16:10:45.290"	"10.0.0.128"	"SENT: * 7 FETCH (UID 9 FLAGS ())"
"IMAPD"	2020	5	"2026-07-16 16:10:45.302"	"10.0.0.128"	"SENT: * 8 FETCH (UID 10 FLAGS ())"
"IMAPD"	2020	5	"2026-07-16 16:10:45.302"	"10.0.0.128"	"SENT: * 9 FETCH (UID 11 FLAGS (\Seen))"
"IMAPD"	2020	5	"2026-07-16 16:10:45.306"	"10.0.0.128"	"SENT: * 10 FETCH (UID 12 FLAGS (\Seen))"
"IMAPD"	2020	5	"2026-07-16 16:10:45.306"	"10.0.0.128"	"SENT: 96 OK UID completed"
"IMAPD"	4448	5	"2026-07-16 16:10:47.392"	"10.0.0.128"	"RECEIVED: 97 IDLE"
"IMAPD"	4448	5	"2026-07-16 16:10:47.392"	"10.0.0.128"	"SENT: + idling"
"DEBUG"	4200	"2026-07-16 16:11:04.832"	"Creating session 7"
"TCPIP"	4200	"2026-07-16 16:11:04.832"	"TCP - 10.0.0.128 connected to 10.0.0.128:587."
"DEBUG"	4200	"2026-07-16 16:11:04.832"	"TCP connection started for session 4"
"SMTPD"	4200	4	"2026-07-16 16:11:04.848"	"10.0.0.128"	"SENT: 220 WIN-2F1VNVRVM11 ESMTP"
"SMTPD"	4460	4	"2026-07-16 16:11:05.025"	"10.0.0.128"	"RECEIVED: EHLO [10.0.0.128]"
"SMTPD"	4460	4	"2026-07-16 16:11:05.025"	"10.0.0.128"	"SENT: 250-WIN-2F1VNVRVM11[nl]250-SIZE 20480000[nl]250-AUTH LOGIN[nl]250 HELP"
"SMTPD"	4200	4	"2026-07-16 16:11:05.041"	"10.0.0.128"	"RECEIVED: AUTH LOGIN"
"SMTPD"	4200	4	"2026-07-16 16:11:05.041"	"10.0.0.128"	"SENT: 334 VXNlcm5hbWU6"
"SMTPD"	4448	4	"2026-07-16 16:11:05.057"	"10.0.0.128"	"RECEIVED: YkBoaS54eXo="
"SMTPD"	4448	4	"2026-07-16 16:11:05.057"	"10.0.0.128"	"SENT: 334 UGFzc3dvcmQ6"
"SMTPD"	4460	4	"2026-07-16 16:11:05.073"	"10.0.0.128"	"RECEIVED: ***"
"SMTPD"	4460	4	"2026-07-16 16:11:05.073"	"10.0.0.128"	"SENT: 235 authenticated."
"SMTPD"	7192	4	"2026-07-16 16:11:05.089"	"10.0.0.128"	"RECEIVED: MAIL FROM:<a@hi.xyz> SIZE=708"
"SMTPD"	7192	4	"2026-07-16 16:11:05.095"	"10.0.0.128"	"SENT: 250 OK"
"SMTPD"	4460	4	"2026-07-16 16:11:05.095"	"10.0.0.128"	"RECEIVED: RCPT TO:<b@hi.xyz>"
"SMTPD"	4460	4	"2026-07-16 16:11:05.095"	"10.0.0.128"	"SENT: 250 OK"
"SMTPD"	4448	4	"2026-07-16 16:11:05.106"	"10.0.0.128"	"RECEIVED: DATA"
"SMTPD"	4448	4	"2026-07-16 16:11:05.122"	"10.0.0.128"	"SENT: 354 OK, send."
"DEBUG"	7192	"2026-07-16 16:11:05.155"	"Adding task AsynchronousTask to work queue Asynchronous task queue"
"DEBUG"	4896	"2026-07-16 16:11:05.155"	"Executing task AsynchronousTask in work queue Asynchronous task queue"
"DEBUG"	4896	"2026-07-16 16:11:05.171"	"Executing event OnAcceptMessage"
"DEBUG"	4896	"2026-07-16 16:11:05.382"	"Event completed"
"DEBUG"	4896	"2026-07-16 16:11:05.398"	"Saving message: {B2842D6A-653A-42AB-8C9F-98A3337D5121}.eml"
"DEBUG"	4896	"2026-07-16 16:11:05.415"	"Requesting SMTPDeliveryManager to start message delivery"
"SMTPD"	4896	4	"2026-07-16 16:11:05.415"	"10.0.0.128"	"SENT: 250 Queued (0.032 seconds)"
"DEBUG"	4060	"2026-07-16 16:11:05.415"	"Adding task DeliveryTask to work queue SMTP delivery queue"
"DEBUG"	2904	"2026-07-16 16:11:05.430"	"Executing task DeliveryTask in work queue SMTP delivery queue"
"DEBUG"	2904	"2026-07-16 16:11:05.463"	"Delivering message..."
"APPLICATION"	2904	"2026-07-16 16:11:05.497"	"SMTPDeliverer - Message 55: Delivering message from a@hi.xyz to b@hi.xyz. File: C:\Program Files (x86)\hMailServer\Data\{B2842D6A-653A-42AB-8C9F-98A3337D5121}.eml"
"DEBUG"	6416	"2026-07-16 16:11:05.527"	"Creating session 8"
"TCPIP"	6416	"2026-07-16 16:11:05.527"	"TCP - 10.0.0.128 connected to 10.0.0.128:143."
"DEBUG"	2904	"2026-07-16 16:11:05.543"	"Applying rules"
"DEBUG"	2904	"2026-07-16 16:11:05.543"	"Applying rule Phishing Filter"
"DEBUG"	2904	"2026-07-16 16:11:05.543"	"Performing rule action"
"DEBUG"	2904	"2026-07-16 16:11:05.543"	"Performing rule action"
"DEBUG"	6416	"2026-07-16 16:11:05.558"	"TCP connection started for session 6"
"DEBUG"	2904	"2026-07-16 16:11:05.558"	"Performing local delivery"
"IMAPD"	6416	6	"2026-07-16 16:11:05.558"	"10.0.0.128"	"SENT: * OK IMAPrev1"
"DEBUG"	2904	"2026-07-16 16:11:05.558"	"Applying rules"
"IMAPD"	6416	6	"2026-07-16 16:11:05.558"	"10.0.0.128"	"RECEIVED: 9 capability"
"IMAPD"	6416	6	"2026-07-16 16:11:05.558"	"10.0.0.128"	"SENT: * CAPABILITY IMAP4 IMAP4rev1 CHILDREN IDLE QUOTA SORT ACL NAMESPACE RIGHTS=texk[nl]9 OK CAPABILITY completed"
"IMAPD"	4460	6	"2026-07-16 16:11:05.574"	"10.0.0.128"	"RECEIVED: 11 login "a@hi.xyz" ***"
"IMAPD"	4460	6	"2026-07-16 16:11:05.574"	"10.0.0.128"	"SENT: 11 OK LOGIN completed"
"IMAPD"	6416	6	"2026-07-16 16:11:05.574"	"10.0.0.128"	"RECEIVED: 12 capability"
"IMAPD"	6416	6	"2026-07-16 16:11:05.574"	"10.0.0.128"	"SENT: * CAPABILITY IMAP4 IMAP4rev1 CHILDREN IDLE QUOTA SORT ACL NAMESPACE RIGHTS=texk[nl]12 OK CAPABILITY completed"
"IMAPD"	4448	6	"2026-07-16 16:11:05.583"	"10.0.0.128"	"RECEIVED: 13 append "Sent" (\Seen) {708}"
"IMAPD"	4448	6	"2026-07-16 16:11:05.583"	"10.0.0.128"	"SENT: + Ready for literal data"
"DEBUG"	4448	"2026-07-16 16:11:05.590"	"Saving message: {FF9670E3-C899-4326-AAAC-1EC3A155D6D2}.eml"
"IMAPD"	4448	6	"2026-07-16 16:11:05.590"	"10.0.0.128"	"SENT: 13 OK APPEND completed"
"DEBUG"	2904	"2026-07-16 16:11:05.606"	"Saving message: {B2842D6A-653A-42AB-8C9F-98A3337D5121}.eml"
"DEBUG"	2904	"2026-07-16 16:11:05.639"	"Reading messages from database."
"IMAPD"	2904	3	"2026-07-16 16:11:05.639"	"10.0.0.128"	"SENT: * 9 EXISTS"
"IMAPD"	2904	3	"2026-07-16 16:11:05.639"	"10.0.0.128"	"SENT: * 9 RECENT"
"IMAPD"	7192	3	"2026-07-16 16:11:05.639"	"10.0.0.128"	"RECEIVED: DONE"
"IMAPD"	7192	3	"2026-07-16 16:11:05.639"	"10.0.0.128"	"SENT: 57 OK IDLE terminated"
"IMAPD"	4448	3	"2026-07-16 16:11:05.639"	"10.0.0.128"	"RECEIVED: 58 noop"
"IMAPD"	4448	3	"2026-07-16 16:11:05.639"	"10.0.0.128"	"SENT: 58 OK NOOP completed"
"DEBUG"	2904	"2026-07-16 16:11:05.639"	"Local delivery completed"
"IMAPD"	6416	3	"2026-07-16 16:11:05.652"	"10.0.0.128"	"RECEIVED: 59 getquotaroot "INBOX""
"APPLICATION"	2904	"2026-07-16 16:11:05.652"	"SMTPDeliverer - Message 55: Message delivery thread completed."
"IMAPD"	6416	3	"2026-07-16 16:11:05.652"	"10.0.0.128"	"SENT: * QUOTAROOT "INBOX" ""[nl]* QUOTA "" ()[nl]59 OK GETQUOTAROOT completed"
"IMAPD"	7192	3	"2026-07-16 16:11:05.655"	"10.0.0.128"	"RECEIVED: 60 UID fetch 13:* (FLAGS)"
"IMAPD"	7192	3	"2026-07-16 16:11:05.655"	"10.0.0.128"	"SENT: * 9 FETCH (UID 13 FLAGS ())"
"IMAPD"	7192	3	"2026-07-16 16:11:05.655"	"10.0.0.128"	"SENT: 60 OK UID completed"
"IMAPD"	6416	3	"2026-07-16 16:11:05.655"	"10.0.0.128"	"RECEIVED: 61 UID fetch 13 (UID RFC822.SIZE FLAGS BODY.PEEK[HEADER.FIELDS (From To Cc Bcc Subject Date Message-ID Priority X-Priority References Newsgroups In-Reply-To Content-Type Reply-To Received)])"
"IMAPD"	6416	3	"2026-07-16 16:11:05.671"	"10.0.0.128"	"SENT: * 9 FETCH (UID 13 RFC822.SIZE 870 FLAGS () BODY[HEADER.FIELDS (From To Cc Bcc Subject Date Message-ID Priority X-Priority References Newsgroups In-Reply-To Content-Type Reply-To Received)] {348}"
"IMAPD"	6416	3	"2026-07-16 16:11:05.671"	"10.0.0.128"	"SENT: )"
"IMAPD"	6416	3	"2026-07-16 16:11:05.671"	"10.0.0.128"	"SENT: 61 OK UID completed"
"IMAPD"	4200	3	"2026-07-16 16:11:05.719"	"10.0.0.128"	"RECEIVED: 62 UID fetch 13 (UID RFC822.SIZE BODY.PEEK[])"
"IMAPD"	4200	3	"2026-07-16 16:11:05.719"	"10.0.0.128"	"SENT: * 9 FETCH (UID 13 RFC822.SIZE 870 BODY[] {893}"
"IMAPD"	4200	3	"2026-07-16 16:11:05.719"	"10.0.0.128"	"SENT: )"
"IMAPD"	4200	3	"2026-07-16 16:11:05.719"	"10.0.0.128"	"SENT: 62 OK UID completed"
"IMAPD"	7272	3	"2026-07-16 16:11:05.737"	"10.0.0.128"	"RECEIVED: 63 UID fetch 13 (UID BODY.PEEK[HEADER.FIELDS (Content-Type Content-Transfer-Encoding)] BODY.PEEK[TEXT]<0.2048>)"
"IMAPD"	7272	3	"2026-07-16 16:11:05.737"	"10.0.0.128"	"SENT: * 9 FETCH (UID 13 BODY[HEADER.FIELDS (Content-Type Content-Transfer-Encoding)] {91}"
"IMAPD"	7272	3	"2026-07-16 16:11:05.737"	"10.0.0.128"	"SENT:  BODY[TEXT]<0> {378}"
"IMAPD"	7272	3	"2026-07-16 16:11:05.737"	"10.0.0.128"	"SENT: )"
"IMAPD"	7272	3	"2026-07-16 16:11:05.737"	"10.0.0.128"	"SENT: 63 OK UID completed"
"IMAPD"	7192	3	"2026-07-16 16:11:07.764"	"10.0.0.128"	"RECEIVED: 64 IDLE"
"IMAPD"	7192	3	"2026-07-16 16:11:07.764"	"10.0.0.128"	"SENT: + idling"
"SMTPD"	7192	4	"2026-07-16 16:11:10.629"	"10.0.0.128"	"RECEIVED: QUIT"
"SMTPD"	7192	4	"2026-07-16 16:11:10.629"	"10.0.0.128"	"SENT: 221 goodbye"
"DEBUG"	6416	"2026-07-16 16:11:10.629"	"Ending session 4"
"DEBUG"	6260	"2026-07-16 16:17:07.628"	"Received stop-request from Windows."
"APPLICATION"	6260	"2026-07-16 16:17:07.628"	"Stopping servers..."
"DEBUG"	6260	"2026-07-16 16:17:07.644"	"Application::StopServers() - Removing server work queue"
"DEBUG"	6260	"2026-07-16 16:17:07.644"	"WorkQueueManager::RemoveQueue - Server queue"
"DEBUG"	6260	"2026-07-16 16:17:07.644"	"Stopping working queue Server queue."
"DEBUG"	6260	"2026-07-16 16:17:07.644"	"Interupt and join threads in working queue Server queue"
"DEBUG"	5244	"2026-07-16 16:17:07.644"	"IOService::Stop()"
"DEBUG"	7732	"2026-07-16 16:17:07.644"	"Worker exited in work queue Server queue"
"DEBUG"	4448	"2026-07-16 16:17:07.644"	"TCP - AcceptEx failed. Error code: 995, Message: 스레드 종료 또는 응용 프로그램 요청 때문에 I/O 작업이 취소되었습니다"
"DEBUG"	4460	"2026-07-16 16:17:07.644"	"TCP - AcceptEx failed. Error code: 995, Message: 스레드 종료 또는 응용 프로그램 요청 때문에 I/O 작업이 취소되었습니다"
"DEBUG"	7192	"2026-07-16 16:17:07.644"	"TCP - AcceptEx failed. Error code: 995, Message: 스레드 종료 또는 응용 프로그램 요청 때문에 I/O 작업이 취소되었습니다"
"DEBUG"	7192	"2026-07-16 16:17:07.644"	"Ending session 8"
"DEBUG"	5244	"2026-07-16 16:17:07.644"	"IOService::DoWork() - removing Queue IOCP Queue"
"DEBUG"	4448	"2026-07-16 16:17:07.644"	"Ending session 2"
"DEBUG"	5244	"2026-07-16 16:17:07.644"	"WorkQueueManager::RemoveQueue - IOCPQueue"
"DEBUG"	5820	"2026-07-16 16:17:07.644"	"Worker exited in work queue Server queue"
"DEBUG"	4460	"2026-07-16 16:17:07.644"	"Ending session 1"
"DEBUG"	2020	"2026-07-16 16:17:07.644"	"TCP - AcceptEx failed. Error code: 995, Message: 스레드 종료 또는 응용 프로그램 요청 때문에 I/O 작업이 취소되었습니다"
"DEBUG"	2020	"2026-07-16 16:17:07.644"	"Ending session 7"
"DEBUG"	4060	"2026-07-16 16:17:07.644"	"Worker exited in work queue Server queue"
"DEBUG"	5244	"2026-07-16 16:17:07.644"	"Stopping working queue IOCPQueue."
"DEBUG"	5244	"2026-07-16 16:17:07.660"	"Interupt and join threads in working queue IOCPQueue"
"DEBUG"	6260	"2026-07-16 16:17:07.660"	"Still 1 remaining threads in queue Server queue. First task: IOService"
"DEBUG"	8088	"2026-07-16 16:17:07.660"	"Worker exited in work queue IOCPQueue"
"DEBUG"	5620	"2026-07-16 16:17:07.660"	"Worker exited in work queue IOCPQueue"
"DEBUG"	3968	"2026-07-16 16:17:07.660"	"Worker exited in work queue IOCPQueue"
"DEBUG"	6352	"2026-07-16 16:17:07.660"	"Worker exited in work queue IOCPQueue"
"DEBUG"	3060	"2026-07-16 16:17:07.660"	"Worker exited in work queue IOCPQueue"
"DEBUG"	2476	"2026-07-16 16:17:07.660"	"Worker exited in work queue IOCPQueue"
"DEBUG"	2020	"2026-07-16 16:17:07.660"	"Worker exited in work queue IOCPQueue"
"DEBUG"	4460	"2026-07-16 16:17:07.660"	"Worker exited in work queue IOCPQueue"
"DEBUG"	4448	"2026-07-16 16:17:07.660"	"Worker exited in work queue IOCPQueue"
"DEBUG"	5072	"2026-07-16 16:17:07.660"	"Worker exited in work queue IOCPQueue"
"DEBUG"	4200	"2026-07-16 16:17:07.660"	"Worker exited in work queue IOCPQueue"
"DEBUG"	7192	"2026-07-16 16:17:07.660"	"Worker exited in work queue IOCPQueue"
"DEBUG"	7272	"2026-07-16 16:17:07.660"	"Worker exited in work queue IOCPQueue"
"DEBUG"	2088	"2026-07-16 16:17:07.660"	"Worker exited in work queue IOCPQueue"
"DEBUG"	6416	"2026-07-16 16:17:07.660"	"Worker exited in work queue IOCPQueue"
"DEBUG"	5244	"2026-07-16 16:17:07.660"	"All threads are joined in queue IOCPQueue."
"DEBUG"	5244	"2026-07-16 16:17:07.675"	"WorkQueueManager::RemoveQueue - Stopped IOCPQueue"
"DEBUG"	5244	"2026-07-16 16:17:07.675"	"WorkQueueManager::RemoveQueue - Erased IOCPQueue"
"DEBUG"	5244	"2026-07-16 16:17:07.675"	"IOService::Stop() - Complete"
"DEBUG"	5244	"2026-07-16 16:17:07.675"	"Destructing work queue IOCPQueue"
"DEBUG"	5244	"2026-07-16 16:17:07.915"	"Worker exited in work queue Server queue"
"DEBUG"	6260	"2026-07-16 16:17:07.915"	"All threads are joined in queue Server queue."
"DEBUG"	6260	"2026-07-16 16:17:07.915"	"WorkQueueManager::RemoveQueue - Stopped Server queue"
"DEBUG"	6260	"2026-07-16 16:17:07.915"	"WorkQueueManager::RemoveQueue - Erased Server queue"
"DEBUG"	6260	"2026-07-16 16:17:07.915"	"Destructing work queue Server queue"
"DEBUG"	6260	"2026-07-16 16:17:07.915"	"Application::StopServers() - Clearing caches"
"DEBUG"	6260	"2026-07-16 16:17:07.915"	"Application::StopServers() - Destructing IOCP"
"DEBUG"	6260	"2026-07-16 16:17:07.915"	"IOService::~IOService - Destructing"
"DEBUG"	6260	"2026-07-16 16:17:07.915"	"TCPServer::~TCPServer"
"DEBUG"	6260	"2026-07-16 16:17:07.915"	"TCPServer::~TCPServer"
"DEBUG"	6260	"2026-07-16 16:17:07.915"	"TCPServer::~TCPServer"
"DEBUG"	6260	"2026-07-16 16:17:07.915"	"TCPServer::~TCPServer"
"DEBUG"	6260	"2026-07-16 16:17:07.915"	"Ending session 6"
"DEBUG"	6260	"2026-07-16 16:17:07.932"	"Ending session 5"
"DEBUG"	6260	"2026-07-16 16:17:07.932"	"Ending session 3"
"DEBUG"	6260	"2026-07-16 16:17:07.932"	"Application::StopServers() - Destructing DeliveryManager"
"DEBUG"	6260	"2026-07-16 16:17:07.932"	"WorkQueueManager::RemoveQueue - SMTP delivery queue"
"DEBUG"	6260	"2026-07-16 16:17:07.932"	"Stopping working queue SMTP delivery queue."
"DEBUG"	6260	"2026-07-16 16:17:07.932"	"Interupt and join threads in working queue SMTP delivery queue"
"DEBUG"	2904	"2026-07-16 16:17:07.932"	"Worker exited in work queue SMTP delivery queue"
"DEBUG"	8176	"2026-07-16 16:17:07.932"	"Worker exited in work queue SMTP delivery queue"
"DEBUG"	6336	"2026-07-16 16:17:07.932"	"Worker exited in work queue SMTP delivery queue"
"DEBUG"	7012	"2026-07-16 16:17:07.932"	"Worker exited in work queue SMTP delivery queue"
"DEBUG"	5940	"2026-07-16 16:17:07.932"	"Worker exited in work queue SMTP delivery queue"
"DEBUG"	5736	"2026-07-16 16:17:07.932"	"Worker exited in work queue SMTP delivery queue"
"DEBUG"	5840	"2026-07-16 16:17:07.932"	"Worker exited in work queue SMTP delivery queue"
"DEBUG"	7460	"2026-07-16 16:17:07.932"	"Worker exited in work queue SMTP delivery queue"
"DEBUG"	7936	"2026-07-16 16:17:07.947"	"Worker exited in work queue SMTP delivery queue"
"DEBUG"	2672	"2026-07-16 16:17:07.947"	"Worker exited in work queue SMTP delivery queue"
"DEBUG"	6260	"2026-07-16 16:17:07.947"	"Still 1 remaining threads in queue SMTP delivery queue. First task: <Unknown>"
"DEBUG"	6260	"2026-07-16 16:17:08.203"	"All threads are joined in queue SMTP delivery queue."
"DEBUG"	6260	"2026-07-16 16:17:08.203"	"WorkQueueManager::RemoveQueue - Stopped SMTP delivery queue"
"DEBUG"	6260	"2026-07-16 16:17:08.203"	"WorkQueueManager::RemoveQueue - Erased SMTP delivery queue"
"DEBUG"	6260	"2026-07-16 16:17:08.203"	"Destructing work queue SMTP delivery queue"
"DEBUG"	6260	"2026-07-16 16:17:08.210"	"Application::StopServers() - Destructing FetchManager"
"DEBUG"	6260	"2026-07-16 16:17:08.210"	"ExternalFetchManager::~ExternalFetchManager"
"DEBUG"	6260	"2026-07-16 16:17:08.210"	"WorkQueueManager::RemoveQueue - External fetch queue"
"DEBUG"	6260	"2026-07-16 16:17:08.210"	"Stopping working queue External fetch queue."
"DEBUG"	6260	"2026-07-16 16:17:08.210"	"Interupt and join threads in working queue External fetch queue"
"DEBUG"	376	"2026-07-16 16:17:08.210"	"Worker exited in work queue External fetch queue"
"DEBUG"	6468	"2026-07-16 16:17:08.210"	"Worker exited in work queue External fetch queue"
"DEBUG"	4316	"2026-07-16 16:17:08.220"	"Worker exited in work queue External fetch queue"
"DEBUG"	6040	"2026-07-16 16:17:08.220"	"Worker exited in work queue External fetch queue"
"DEBUG"	3276	"2026-07-16 16:17:08.220"	"Worker exited in work queue External fetch queue"
"DEBUG"	1828	"2026-07-16 16:17:08.220"	"Worker exited in work queue External fetch queue"
"DEBUG"	7620	"2026-07-16 16:17:08.220"	"Worker exited in work queue External fetch queue"
"DEBUG"	848	"2026-07-16 16:17:08.220"	"Worker exited in work queue External fetch queue"
"DEBUG"	8132	"2026-07-16 16:17:08.220"	"Worker exited in work queue External fetch queue"
"DEBUG"	2196	"2026-07-16 16:17:08.220"	"Worker exited in work queue External fetch queue"
"DEBUG"	3244	"2026-07-16 16:17:08.220"	"Worker exited in work queue External fetch queue"
"DEBUG"	5836	"2026-07-16 16:17:08.220"	"Worker exited in work queue External fetch queue"
"DEBUG"	3940	"2026-07-16 16:17:08.220"	"Worker exited in work queue External fetch queue"
"DEBUG"	3920	"2026-07-16 16:17:08.236"	"Worker exited in work queue External fetch queue"
"DEBUG"	3624	"2026-07-16 16:17:08.236"	"Worker exited in work queue External fetch queue"
"DEBUG"	6260	"2026-07-16 16:17:08.236"	"Still 2 remaining threads in queue External fetch queue. First task: <Unknown>"
"DEBUG"	6260	"2026-07-16 16:17:08.505"	"All threads are joined in queue External fetch queue."
"DEBUG"	6260	"2026-07-16 16:17:08.505"	"WorkQueueManager::RemoveQueue - Stopped External fetch queue"
"DEBUG"	6260	"2026-07-16 16:17:08.505"	"WorkQueueManager::RemoveQueue - Erased External fetch queue"
"DEBUG"	6260	"2026-07-16 16:17:08.505"	"Destructing work queue External fetch queue"
"DEBUG"	6260	"2026-07-16 16:17:08.513"	"ExternalFetchManager::~ExternalFetchManager - Removed queue"
"DEBUG"	6260	"2026-07-16 16:17:08.513"	"Application::StopServers() - Destructing Scheduler"
"DEBUG"	6260	"2026-07-16 16:17:08.513"	"Application::StopServers() - Destructing Rest"
"APPLICATION"	6260	"2026-07-16 16:17:08.513"	"Servers stopped."
"DEBUG"	6260	"2026-07-16 16:17:08.513"	"WorkQueueManager::RemoveQueue - Maintenance queue"
"DEBUG"	6260	"2026-07-16 16:17:08.513"	"Stopping working queue Maintenance queue."
"DEBUG"	6260	"2026-07-16 16:17:08.513"	"Interupt and join threads in working queue Maintenance queue"
"DEBUG"	5280	"2026-07-16 16:17:08.522"	"Worker exited in work queue Maintenance queue"
"DEBUG"	4396	"2026-07-16 16:17:08.522"	"Worker exited in work queue Maintenance queue"
"DEBUG"	3776	"2026-07-16 16:17:08.522"	"Worker exited in work queue Maintenance queue"
"DEBUG"	2824	"2026-07-16 16:17:08.522"	"Worker exited in work queue Maintenance queue"
"DEBUG"	820	"2026-07-16 16:17:08.522"	"Worker exited in work queue Maintenance queue"
"DEBUG"	6260	"2026-07-16 16:17:08.522"	"All threads are joined in queue Maintenance queue."
"DEBUG"	6260	"2026-07-16 16:17:08.522"	"WorkQueueManager::RemoveQueue - Stopped Maintenance queue"
"DEBUG"	6260	"2026-07-16 16:17:08.539"	"WorkQueueManager::RemoveQueue - Erased Maintenance queue"
"DEBUG"	6260	"2026-07-16 16:17:08.539"	"Destructing work queue Maintenance queue"
"DEBUG"	6260	"2026-07-16 16:17:08.539"	"WorkQueueManager::RemoveQueue - Asynchronous task queue"
"DEBUG"	6260	"2026-07-16 16:17:08.539"	"Stopping working queue Asynchronous task queue."
"DEBUG"	6260	"2026-07-16 16:17:08.539"	"Interupt and join threads in working queue Asynchronous task queue"
"DEBUG"	4896	"2026-07-16 16:17:08.539"	"Worker exited in work queue Asynchronous task queue"
"DEBUG"	2284	"2026-07-16 16:17:08.539"	"Worker exited in work queue Asynchronous task queue"
"DEBUG"	2040	"2026-07-16 16:17:08.539"	"Worker exited in work queue Asynchronous task queue"
"DEBUG"	3924	"2026-07-16 16:17:08.539"	"Worker exited in work queue Asynchronous task queue"
"DEBUG"	3652	"2026-07-16 16:17:08.555"	"Worker exited in work queue Asynchronous task queue"
"DEBUG"	2372	"2026-07-16 16:17:08.555"	"Worker exited in work queue Asynchronous task queue"
"DEBUG"	2616	"2026-07-16 16:17:08.555"	"Worker exited in work queue Asynchronous task queue"
"DEBUG"	1128	"2026-07-16 16:17:08.555"	"Worker exited in work queue Asynchronous task queue"
"DEBUG"	6456	"2026-07-16 16:17:08.555"	"Worker exited in work queue Asynchronous task queue"
"DEBUG"	1496	"2026-07-16 16:17:08.570"	"Worker exited in work queue Asynchronous task queue"
"DEBUG"	7748	"2026-07-16 16:17:08.570"	"Worker exited in work queue Asynchronous task queue"
"DEBUG"	4944	"2026-07-16 16:17:08.570"	"Worker exited in work queue Asynchronous task queue"
"DEBUG"	4452	"2026-07-16 16:17:08.570"	"Worker exited in work queue Asynchronous task queue"
"DEBUG"	760	"2026-07-16 16:17:08.570"	"Worker exited in work queue Asynchronous task queue"
"DEBUG"	4024	"2026-07-16 16:17:08.570"	"Worker exited in work queue Asynchronous task queue"
"DEBUG"	6260	"2026-07-16 16:17:08.586"	"Still 1 remaining threads in queue Asynchronous task queue. First task: <Unknown>"
"DEBUG"	6260	"2026-07-16 16:17:08.858"	"All threads are joined in queue Asynchronous task queue."
"DEBUG"	6260	"2026-07-16 16:17:08.858"	"WorkQueueManager::RemoveQueue - Stopped Asynchronous task queue"
"DEBUG"	6260	"2026-07-16 16:17:08.858"	"WorkQueueManager::RemoveQueue - Erased Asynchronous task queue"
"DEBUG"	6260	"2026-07-16 16:17:08.858"	"Destructing work queue Asynchronous task queue"
"DEBUG"	6260	"2026-07-16 16:17:08.858"	"Application::ExitInstance - Closing database connection..."
"DEBUG"	6260	"2026-07-16 16:17:08.858"	"Application::ExitInstance - Deleting caches..."
"DEBUG"	672	"2026-07-16 16:17:19.648"	"Application::InitInstance - Configuration loaded."
"DEBUG"	672	"2026-07-16 16:17:19.648"	"Creating work queue Asynchronous task queue"
"DEBUG"	672	"2026-07-16 16:17:19.648"	"Starting work queue Asynchronous task queue"
"DEBUG"	672	"2026-07-16 16:17:19.648"	"Started work queue Asynchronous task queue"
"APPLICATION"	672	"2026-07-16 16:17:19.648"	"Starting servers..."
"DEBUG"	7368	"2026-07-16 16:17:19.648"	"Running worker in work queue Asynchronous task queue"
"DEBUG"	5320	"2026-07-16 16:17:19.648"	"Running worker in work queue Asynchronous task queue"
"DEBUG"	7672	"2026-07-16 16:17:19.648"	"Running worker in work queue Asynchronous task queue"
"DEBUG"	2064	"2026-07-16 16:17:19.648"	"Running worker in work queue Asynchronous task queue"
"DEBUG"	3672	"2026-07-16 16:17:19.648"	"Running worker in work queue Asynchronous task queue"
"DEBUG"	7752	"2026-07-16 16:17:19.648"	"Running worker in work queue Asynchronous task queue"
"DEBUG"	4824	"2026-07-16 16:17:19.648"	"Running worker in work queue Asynchronous task queue"
"DEBUG"	8056	"2026-07-16 16:17:19.648"	"Running worker in work queue Asynchronous task queue"
"DEBUG"	6768	"2026-07-16 16:17:19.648"	"Running worker in work queue Asynchronous task queue"
"DEBUG"	5648	"2026-07-16 16:17:19.648"	"Running worker in work queue Asynchronous task queue"
"DEBUG"	6916	"2026-07-16 16:17:19.648"	"Running worker in work queue Asynchronous task queue"
"DEBUG"	5144	"2026-07-16 16:17:19.648"	"Running worker in work queue Asynchronous task queue"
"DEBUG"	2756	"2026-07-16 16:17:19.648"	"Running worker in work queue Asynchronous task queue"
"DEBUG"	6900	"2026-07-16 16:17:19.648"	"Running worker in work queue Asynchronous task queue"
"DEBUG"	2396	"2026-07-16 16:17:19.648"	"Running worker in work queue Asynchronous task queue"
"DEBUG"	672	"2026-07-16 16:17:19.648"	"Creating work queue Server queue"
"DEBUG"	672	"2026-07-16 16:17:19.664"	"Starting work queue Server queue"
"DEBUG"	672	"2026-07-16 16:17:19.664"	"Started work queue Server queue"
"DEBUG"	672	"2026-07-16 16:17:19.664"	"Adding task Scheduler to work queue Server queue"
"DEBUG"	672	"2026-07-16 16:17:19.664"	"Adding task IOService to work queue Server queue"
"DEBUG"	672	"2026-07-16 16:17:19.664"	"Creating work queue SMTP delivery queue"
"DEBUG"	672	"2026-07-16 16:17:19.664"	"Starting work queue SMTP delivery queue"
"DEBUG"	672	"2026-07-16 16:17:19.664"	"Started work queue SMTP delivery queue"
"DEBUG"	672	"2026-07-16 16:17:19.664"	"Adding task SMTPDeliveryManager to work queue Server queue"
"DEBUG"	7376	"2026-07-16 16:17:19.664"	"Running worker in work queue Server queue"
"DEBUG"	7376	"2026-07-16 16:17:19.664"	"Executing task Scheduler in work queue Server queue"
"DEBUG"	3816	"2026-07-16 16:17:19.664"	"Running worker in work queue Server queue"
"DEBUG"	3816	"2026-07-16 16:17:19.664"	"Executing task IOService in work queue Server queue"
"DEBUG"	3816	"2026-07-16 16:17:19.664"	"IOService::Start()"
"DEBUG"	4956	"2026-07-16 16:17:19.664"	"Running worker in work queue Server queue"
"DEBUG"	4956	"2026-07-16 16:17:19.680"	"Executing task SMTPDeliveryManager in work queue Server queue"
"DEBUG"	4956	"2026-07-16 16:17:19.680"	"SMTPDeliveryManager::Start()"
"DEBUG"	5088	"2026-07-16 16:17:19.664"	"Running worker in work queue Server queue"
"DEBUG"	672	"2026-07-16 16:17:19.664"	"Creating work queue External fetch queue"
"DEBUG"	672	"2026-07-16 16:17:19.680"	"Starting work queue External fetch queue"
"DEBUG"	672	"2026-07-16 16:17:19.680"	"Started work queue External fetch queue"
"DEBUG"	672	"2026-07-16 16:17:19.680"	"Adding task ExternalFetchManager to work queue Server queue"
"DEBUG"	1464	"2026-07-16 16:17:19.680"	"Running worker in work queue SMTP delivery queue"
"DEBUG"	5088	"2026-07-16 16:17:19.680"	"Executing task ExternalFetchManager in work queue Server queue"
"DEBUG"	5088	"2026-07-16 16:17:19.680"	"ExternalFetchManager::Start()"
"APPLICATION"	672	"2026-07-16 16:17:19.680"	"Servers started."
"DEBUG"	6636	"2026-07-16 16:17:19.680"	"Running worker in work queue SMTP delivery queue"
"DEBUG"	5628	"2026-07-16 16:17:19.680"	"Running worker in work queue SMTP delivery queue"
"DEBUG"	2256	"2026-07-16 16:17:19.680"	"Running worker in work queue SMTP delivery queue"
"DEBUG"	4596	"2026-07-16 16:17:19.680"	"Running worker in work queue SMTP delivery queue"
"DEBUG"	6820	"2026-07-16 16:17:19.680"	"Running worker in work queue SMTP delivery queue"
"DEBUG"	4440	"2026-07-16 16:17:19.680"	"Running worker in work queue SMTP delivery queue"
"DEBUG"	1164	"2026-07-16 16:17:19.680"	"Running worker in work queue SMTP delivery queue"
"DEBUG"	5556	"2026-07-16 16:17:19.680"	"Running worker in work queue SMTP delivery queue"
"DEBUG"	4560	"2026-07-16 16:17:19.680"	"Running worker in work queue SMTP delivery queue"
"DEBUG"	964	"2026-07-16 16:17:19.680"	"Running worker in work queue External fetch queue"
"DEBUG"	3964	"2026-07-16 16:17:19.680"	"Running worker in work queue External fetch queue"
"DEBUG"	6152	"2026-07-16 16:17:19.680"	"Running worker in work queue External fetch queue"
"DEBUG"	4260	"2026-07-16 16:17:19.680"	"Running worker in work queue External fetch queue"
"DEBUG"	7384	"2026-07-16 16:17:19.680"	"Running worker in work queue External fetch queue"
"DEBUG"	5364	"2026-07-16 16:17:19.680"	"Running worker in work queue External fetch queue"
"DEBUG"	7532	"2026-07-16 16:17:19.695"	"Running worker in work queue External fetch queue"
"DEBUG"	2028	"2026-07-16 16:17:19.680"	"Running worker in work queue External fetch queue"
"DEBUG"	1324	"2026-07-16 16:17:19.695"	"Running worker in work queue External fetch queue"
"DEBUG"	5560	"2026-07-16 16:17:19.695"	"Running worker in work queue External fetch queue"
"DEBUG"	4468	"2026-07-16 16:17:19.695"	"Running worker in work queue External fetch queue"
"DEBUG"	7480	"2026-07-16 16:17:19.695"	"Running worker in work queue External fetch queue"
"DEBUG"	5516	"2026-07-16 16:17:19.695"	"Running worker in work queue External fetch queue"
"DEBUG"	3844	"2026-07-16 16:17:19.695"	"Running worker in work queue External fetch queue"
"DEBUG"	3916	"2026-07-16 16:17:19.695"	"Running worker in work queue External fetch queue"
"DEBUG"	3816	"2026-07-16 16:17:19.695"	"Creating session 1"
"DEBUG"	3816	"2026-07-16 16:17:19.710"	"Creating session 2"
"DEBUG"	3816	"2026-07-16 16:17:19.710"	"Creating session 3"
"DEBUG"	3816	"2026-07-16 16:17:19.718"	"Creating session 4"
"DEBUG"	3816	"2026-07-16 16:17:19.718"	"Creating work queue IOCPQueue"
"DEBUG"	3816	"2026-07-16 16:17:19.718"	"Starting work queue IOCPQueue"
"DEBUG"	3816	"2026-07-16 16:17:19.718"	"Started work queue IOCPQueue"
"DEBUG"	3816	"2026-07-16 16:17:19.718"	"Adding task IOCPQueueWorkerTask to work queue IOCPQueue"
"DEBUG"	3816	"2026-07-16 16:17:19.718"	"Adding task IOCPQueueWorkerTask to work queue IOCPQueue"
"DEBUG"	3816	"2026-07-16 16:17:19.718"	"Adding task IOCPQueueWorkerTask to work queue IOCPQueue"
"DEBUG"	3816	"2026-07-16 16:17:19.718"	"Adding task IOCPQueueWorkerTask to work queue IOCPQueue"
"DEBUG"	3816	"2026-07-16 16:17:19.718"	"Adding task IOCPQueueWorkerTask to work queue IOCPQueue"
"DEBUG"	3816	"2026-07-16 16:17:19.718"	"Adding task IOCPQueueWorkerTask to work queue IOCPQueue"
"DEBUG"	3816	"2026-07-16 16:17:19.727"	"Adding task IOCPQueueWorkerTask to work queue IOCPQueue"
"DEBUG"	3816	"2026-07-16 16:17:19.727"	"Adding task IOCPQueueWorkerTask to work queue IOCPQueue"
"DEBUG"	3816	"2026-07-16 16:17:19.727"	"Adding task IOCPQueueWorkerTask to work queue IOCPQueue"
"DEBUG"	3816	"2026-07-16 16:17:19.727"	"Adding task IOCPQueueWorkerTask to work queue IOCPQueue"
"DEBUG"	3816	"2026-07-16 16:17:19.727"	"Adding task IOCPQueueWorkerTask to work queue IOCPQueue"
"DEBUG"	3816	"2026-07-16 16:17:19.727"	"Adding task IOCPQueueWorkerTask to work queue IOCPQueue"
"DEBUG"	3816	"2026-07-16 16:17:19.727"	"Adding task IOCPQueueWorkerTask to work queue IOCPQueue"
"DEBUG"	3816	"2026-07-16 16:17:19.727"	"Adding task IOCPQueueWorkerTask to work queue IOCPQueue"
"DEBUG"	1076	"2026-07-16 16:17:19.727"	"Running worker in work queue IOCPQueue"
"DEBUG"	3232	"2026-07-16 16:17:19.727"	"Running worker in work queue IOCPQueue"
"DEBUG"	3816	"2026-07-16 16:17:19.727"	"Adding task IOCPQueueWorkerTask to work queue IOCPQueue"
"DEBUG"	8112	"2026-07-16 16:17:19.727"	"Running worker in work queue IOCPQueue"
"DEBUG"	8112	"2026-07-16 16:17:19.727"	"Executing task IOCPQueueWorkerTask in work queue IOCPQueue"
"DEBUG"	908	"2026-07-16 16:17:19.727"	"Running worker in work queue IOCPQueue"
"DEBUG"	6860	"2026-07-16 16:17:19.727"	"Running worker in work queue IOCPQueue"
"DEBUG"	6860	"2026-07-16 16:17:19.727"	"Executing task IOCPQueueWorkerTask in work queue IOCPQueue"
"DEBUG"	1076	"2026-07-16 16:17:19.727"	"Executing task IOCPQueueWorkerTask in work queue IOCPQueue"
"DEBUG"	4980	"2026-07-16 16:17:19.727"	"Running worker in work queue IOCPQueue"
"DEBUG"	4980	"2026-07-16 16:17:19.727"	"Executing task IOCPQueueWorkerTask in work queue IOCPQueue"
"DEBUG"	3232	"2026-07-16 16:17:19.727"	"Executing task IOCPQueueWorkerTask in work queue IOCPQueue"
"DEBUG"	6508	"2026-07-16 16:17:19.727"	"Running worker in work queue IOCPQueue"
"DEBUG"	5156	"2026-07-16 16:17:19.727"	"Running worker in work queue IOCPQueue"
"DEBUG"	3332	"2026-07-16 16:17:19.727"	"Running worker in work queue IOCPQueue"
"DEBUG"	3332	"2026-07-16 16:17:19.743"	"Executing task IOCPQueueWorkerTask in work queue IOCPQueue"
"DEBUG"	7892	"2026-07-16 16:17:19.727"	"Running worker in work queue IOCPQueue"
"DEBUG"	7892	"2026-07-16 16:17:19.743"	"Executing task IOCPQueueWorkerTask in work queue IOCPQueue"
"DEBUG"	2216	"2026-07-16 16:17:19.727"	"Running worker in work queue IOCPQueue"
"DEBUG"	2216	"2026-07-16 16:17:19.743"	"Executing task IOCPQueueWorkerTask in work queue IOCPQueue"
"DEBUG"	908	"2026-07-16 16:17:19.727"	"Executing task IOCPQueueWorkerTask in work queue IOCPQueue"
"DEBUG"	7636	"2026-07-16 16:17:19.727"	"Running worker in work queue IOCPQueue"
"DEBUG"	7636	"2026-07-16 16:17:19.743"	"Executing task IOCPQueueWorkerTask in work queue IOCPQueue"
"DEBUG"	6508	"2026-07-16 16:17:19.743"	"Executing task IOCPQueueWorkerTask in work queue IOCPQueue"
"DEBUG"	5156	"2026-07-16 16:17:19.743"	"Executing task IOCPQueueWorkerTask in work queue IOCPQueue"
"DEBUG"	2948	"2026-07-16 16:17:19.727"	"Running worker in work queue IOCPQueue"
"DEBUG"	3132	"2026-07-16 16:17:19.727"	"Running worker in work queue IOCPQueue"
"DEBUG"	3132	"2026-07-16 16:17:19.743"	"Executing task IOCPQueueWorkerTask in work queue IOCPQueue"
"DEBUG"	2948	"2026-07-16 16:17:19.743"	"Executing task IOCPQueueWorkerTask in work queue IOCPQueue"
"DEBUG"	6136	"2026-07-16 16:17:19.727"	"Running worker in work queue IOCPQueue"
"DEBUG"	6136	"2026-07-16 16:17:19.743"	"Executing task IOCPQueueWorkerTask in work queue IOCPQueue"
"DEBUG"	6136	"2026-07-16 16:17:43.361"	"Creating session 5"
"TCPIP"	6136	"2026-07-16 16:17:43.361"	"TCP - 10.0.0.128 connected to 10.0.0.128:143."
"DEBUG"	6136	"2026-07-16 16:17:43.377"	"TCP connection started for session 3"
"IMAPD"	6136	3	"2026-07-16 16:17:43.377"	"10.0.0.128"	"SENT: * OK IMAPrev1"
"IMAPD"	2948	3	"2026-07-16 16:17:43.401"	"10.0.0.128"	"RECEIVED: 8 capability"
"IMAPD"	2948	3	"2026-07-16 16:17:43.401"	"10.0.0.128"	"SENT: * CAPABILITY IMAP4 IMAP4rev1 CHILDREN IDLE QUOTA SORT ACL NAMESPACE RIGHTS=texk[nl]8 OK CAPABILITY completed"
"IMAPD"	3132	3	"2026-07-16 16:17:43.401"	"10.0.0.128"	"RECEIVED: 10 login "b@hi.xyz" ***"
"IMAPD"	3132	3	"2026-07-16 16:17:43.432"	"10.0.0.128"	"SENT: 10 OK LOGIN completed"
"IMAPD"	2948	3	"2026-07-16 16:17:43.438"	"10.0.0.128"	"RECEIVED: 11 capability"
"IMAPD"	2948	3	"2026-07-16 16:17:43.438"	"10.0.0.128"	"SENT: * CAPABILITY IMAP4 IMAP4rev1 CHILDREN IDLE QUOTA SORT ACL NAMESPACE RIGHTS=texk[nl]11 OK CAPABILITY completed"
"IMAPD"	6136	3	"2026-07-16 16:17:43.442"	"10.0.0.128"	"RECEIVED: 12 select "INBOX""
"DEBUG"	6136	"2026-07-16 16:17:43.442"	"Reading messages from database."
"IMAPD"	6136	3	"2026-07-16 16:17:43.442"	"10.0.0.128"	"SENT: * 9 EXISTS[nl]* 9 RECENT[nl]* FLAGS (\Deleted \Seen \Draft \Answered \Flagged)[nl]* OK [UIDVALIDITY 1783903061] current uidvalidity[nl]* OK [UNSEEN 9] unseen messages[nl]* OK [UIDNEXT 14] next uid[nl]* OK [PERMANENTFLAGS (\Deleted \Seen \Draft \Answered \Flagged)] limited[nl]12 OK [READ-WRITE] SELECT completed"
"IMAPD"	6136	3	"2026-07-16 16:17:43.442"	"10.0.0.128"	"RECEIVED: 13 getquotaroot "INBOX""
"IMAPD"	6136	3	"2026-07-16 16:17:43.458"	"10.0.0.128"	"SENT: * QUOTAROOT "INBOX" ""[nl]* QUOTA "" ()[nl]13 OK GETQUOTAROOT completed"
"IMAPD"	5156	3	"2026-07-16 16:17:43.458"	"10.0.0.128"	"RECEIVED: 14 UID fetch 1:* (FLAGS)"
"IMAPD"	5156	3	"2026-07-16 16:17:43.458"	"10.0.0.128"	"SENT: * 1 FETCH (UID 5 FLAGS (\Seen))"
"IMAPD"	5156	3	"2026-07-16 16:17:43.458"	"10.0.0.128"	"SENT: * 2 FETCH (UID 6 FLAGS (\Seen))"
"IMAPD"	5156	3	"2026-07-16 16:17:43.458"	"10.0.0.128"	"SENT: * 3 FETCH (UID 7 FLAGS (\Seen))"
"IMAPD"	5156	3	"2026-07-16 16:17:43.458"	"10.0.0.128"	"SENT: * 4 FETCH (UID 8 FLAGS (\Seen))"
"IMAPD"	5156	3	"2026-07-16 16:17:43.458"	"10.0.0.128"	"SENT: * 5 FETCH (UID 9 FLAGS ())"
"IMAPD"	5156	3	"2026-07-16 16:17:43.458"	"10.0.0.128"	"SENT: * 6 FETCH (UID 10 FLAGS (\Seen))"
"IMAPD"	5156	3	"2026-07-16 16:17:43.458"	"10.0.0.128"	"SENT: * 7 FETCH (UID 11 FLAGS (\Seen))"
"IMAPD"	5156	3	"2026-07-16 16:17:43.474"	"10.0.0.128"	"SENT: * 8 FETCH (UID 12 FLAGS (\Seen))"
"IMAPD"	5156	3	"2026-07-16 16:17:43.474"	"10.0.0.128"	"SENT: * 9 FETCH (UID 13 FLAGS ())"
"IMAPD"	5156	3	"2026-07-16 16:17:43.474"	"10.0.0.128"	"SENT: 14 OK UID completed"
"IMAPD"	5156	3	"2026-07-16 16:17:45.547"	"10.0.0.128"	"RECEIVED: 15 IDLE"
"IMAPD"	5156	3	"2026-07-16 16:17:45.547"	"10.0.0.128"	"SENT: + idling"
"IMAPD"	6136	3	"2026-07-16 16:17:56.604"	"10.0.0.128"	"RECEIVED: DONE"
"IMAPD"	6136	3	"2026-07-16 16:17:56.604"	"10.0.0.128"	"SENT: 15 OK IDLE terminated"
"IMAPD"	3132	3	"2026-07-16 16:17:56.781"	"10.0.0.128"	"RECEIVED: 16 uid store 13 +Flags (\Seen)"
"IMAPD"	3132	3	"2026-07-16 16:17:56.781"	"10.0.0.128"	"SENT: * 9 FETCH (FLAGS (\Seen) UID 13)"
"IMAPD"	3132	3	"2026-07-16 16:17:56.781"	"10.0.0.128"	"SENT: 16 OK UID completed"
"IMAPD"	7636	3	"2026-07-16 16:17:58.808"	"10.0.0.128"	"RECEIVED: 17 IDLE"
"IMAPD"	7636	3	"2026-07-16 16:17:58.808"	"10.0.0.128"	"SENT: + idling"
"DEBUG"	6508	"2026-07-16 16:18:03.568"	"Creating session 6"
"TCPIP"	6508	"2026-07-16 16:18:03.577"	"TCP - 10.0.0.128 connected to 10.0.0.128:587."
"DEBUG"	6508	"2026-07-16 16:18:03.594"	"TCP connection started for session 4"
"SMTPD"	6508	4	"2026-07-16 16:18:03.594"	"10.0.0.128"	"SENT: 220 WIN-2F1VNVRVM11 ESMTP"
"SMTPD"	5156	4	"2026-07-16 16:18:03.690"	"10.0.0.128"	"RECEIVED: EHLO [10.0.0.128]"
"SMTPD"	5156	4	"2026-07-16 16:18:03.690"	"10.0.0.128"	"SENT: 250-WIN-2F1VNVRVM11[nl]250-SIZE 20480000[nl]250-AUTH LOGIN[nl]250 HELP"
"SMTPD"	7636	4	"2026-07-16 16:18:03.707"	"10.0.0.128"	"RECEIVED: AUTH LOGIN"
"SMTPD"	7636	4	"2026-07-16 16:18:03.707"	"10.0.0.128"	"SENT: 334 VXNlcm5hbWU6"
"SMTPD"	6508	4	"2026-07-16 16:18:03.707"	"10.0.0.128"	"RECEIVED: YkBoaS54eXo="
"SMTPD"	6508	4	"2026-07-16 16:18:03.722"	"10.0.0.128"	"SENT: 334 UGFzc3dvcmQ6"
"SMTPD"	5156	4	"2026-07-16 16:18:03.722"	"10.0.0.128"	"RECEIVED: ***"
"SMTPD"	5156	4	"2026-07-16 16:18:03.722"	"10.0.0.128"	"SENT: 235 authenticated."
"SMTPD"	5156	4	"2026-07-16 16:18:03.722"	"10.0.0.128"	"RECEIVED: MAIL FROM:<b@hi.xyz> SIZE=708"
"SMTPD"	5156	4	"2026-07-16 16:18:03.737"	"10.0.0.128"	"SENT: 250 OK"
"SMTPD"	5156	4	"2026-07-16 16:18:03.739"	"10.0.0.128"	"RECEIVED: RCPT TO:<a@hi.xyz>"
"SMTPD"	5156	4	"2026-07-16 16:18:03.739"	"10.0.0.128"	"SENT: 250 OK"
"SMTPD"	5156	4	"2026-07-16 16:18:03.739"	"10.0.0.128"	"RECEIVED: DATA"
"SMTPD"	5156	4	"2026-07-16 16:18:03.739"	"10.0.0.128"	"SENT: 354 OK, send."
"DEBUG"	2948	"2026-07-16 16:18:03.755"	"Adding task AsynchronousTask to work queue Asynchronous task queue"
"DEBUG"	2396	"2026-07-16 16:18:03.755"	"Executing task AsynchronousTask in work queue Asynchronous task queue"
"DEBUG"	2396	"2026-07-16 16:18:03.755"	"Executing event OnAcceptMessage"
"ERROR"	2396	"2026-07-16 16:18:03.771"	"Script Error: Source: Microsoft VBScript "DEBUG"	2396	"2026-07-16 16:18:03.771"	"Event completed"
"DEBUG"	2396	"2026-07-16 16:18:03.771"	"Saving message: {6E8FD92F-3865-4EF8-8B96-DA407CEA2AD3}.eml"
"DEBUG"	2396	"2026-07-16 16:18:03.787"	"Requesting SMTPDeliveryManager to start message delivery"
"SMTPD"	2396	4	"2026-07-16 16:18:03.787"	"10.0.0.128"	"SENT: 250 Queued (0.016 seconds)"
"DEBUG"	4956	"2026-07-16 16:18:03.798"	"Adding task DeliveryTask to work queue SMTP delivery queue"
"DEBUG"	4560	"2026-07-16 16:18:03.804"	"Executing task DeliveryTask in work queue SMTP delivery queue"
"DEBUG"	6136	"2026-07-16 16:18:03.804"	"Creating session 7"
"TCPIP"	6136	"2026-07-16 16:18:03.820"	"TCP - 10.0.0.128 connected to 10.0.0.128:143."
"DEBUG"	6136	"2026-07-16 16:18:03.838"	"TCP connection started for session 5"
"IMAPD"	6136	5	"2026-07-16 16:18:03.838"	"10.0.0.128"	"SENT: * OK IMAPrev1"
"DEBUG"	4560	"2026-07-16 16:18:03.838"	"Delivering message..."
"APPLICATION"	4560	"2026-07-16 16:18:03.852"	"SMTPDeliverer - Message 57: Delivering message from b@hi.xyz to a@hi.xyz. File: C:\Program Files (x86)\hMailServer\Data\{6E8FD92F-3865-4EF8-8B96-DA407CEA2AD3}.eml"
"DEBUG"	4560	"2026-07-16 16:18:03.870"	"Applying rules"
"DEBUG"	4560	"2026-07-16 16:18:03.901"	"Applying rule Phishing Filter"
"DEBUG"	4560	"2026-07-16 16:18:03.901"	"Performing rule action"
"DEBUG"	4560	"2026-07-16 16:18:03.901"	"Performing rule action"
"DEBUG"	4560	"2026-07-16 16:18:03.901"	"Performing local delivery"
"DEBUG"	4560	"2026-07-16 16:18:03.918"	"Applying rules"
"IMAPD"	7636	5	"2026-07-16 16:18:03.939"	"10.0.0.128"	"RECEIVED: 85 capability"
"IMAPD"	7636	5	"2026-07-16 16:18:03.939"	"10.0.0.128"	"SENT: * CAPABILITY IMAP4 IMAP4rev1 CHILDREN IDLE QUOTA SORT ACL NAMESPACE RIGHTS=texk[nl]85 OK CAPABILITY completed"
"IMAPD"	6136	5	"2026-07-16 16:18:03.950"	"10.0.0.128"	"RECEIVED: 87 login "b@hi.xyz" ***"
"IMAPD"	6136	5	"2026-07-16 16:18:03.966"	"10.0.0.128"	"SENT: 87 OK LOGIN completed"
"IMAPD"	6508	5	"2026-07-16 16:18:03.982"	"10.0.0.128"	"RECEIVED: 88 capability"
"IMAPD"	6508	5	"2026-07-16 16:18:03.982"	"10.0.0.128"	"SENT: * CAPABILITY IMAP4 IMAP4rev1 CHILDREN IDLE QUOTA SORT ACL NAMESPACE RIGHTS=texk[nl]88 OK CAPABILITY completed"
"IMAPD"	908	5	"2026-07-16 16:18:03.999"	"10.0.0.128"	"RECEIVED: 89 append "Sent" (\Seen) {708}"
"DEBUG"	4560	"2026-07-16 16:18:03.999"	"Saving message: {6E8FD92F-3865-4EF8-8B96-DA407CEA2AD3}.eml"
"DEBUG"	4560	"2026-07-16 16:18:04.014"	"Local delivery completed"
"APPLICATION"	4560	"2026-07-16 16:18:04.014"	"SMTPDeliverer - Message 57: Message delivery thread completed."
"IMAPD"	908	5	"2026-07-16 16:18:04.014"	"10.0.0.128"	"SENT: + Ready for literal data"
"DEBUG"	5156	"2026-07-16 16:18:04.030"	"Saving message: {0A4FB2EB-0E38-4FC1-BCE2-EDB4C7BE8A4D}.eml"
"IMAPD"	5156	5	"2026-07-16 16:18:04.047"	"10.0.0.128"	"SENT: 89 OK APPEND completed"
"DEBUG"	6136	"2026-07-16 16:18:06.799"	"Creating session 8"
"TCPIP"	6136	"2026-07-16 16:18:06.799"	"TCP - 10.0.0.128 connected to 10.0.0.128:143."
"DEBUG"	6136	"2026-07-16 16:18:06.820"	"TCP connection started for session 7"
"IMAPD"	6136	7	"2026-07-16 16:18:06.820"	"10.0.0.128"	"SENT: * OK IMAPrev1"
"IMAPD"	5156	7	"2026-07-16 16:18:06.848"	"10.0.0.128"	"RECEIVED: 57 capability"
"IMAPD"	5156	7	"2026-07-16 16:18:06.848"	"10.0.0.128"	"SENT: * CAPABILITY IMAP4 IMAP4rev1 CHILDREN IDLE QUOTA SORT ACL NAMESPACE RIGHTS=texk[nl]57 OK CAPABILITY completed"
"IMAPD"	908	7	"2026-07-16 16:18:06.880"	"10.0.0.128"	"RECEIVED: 59 login "a@hi.xyz" ***"
"IMAPD"	908	7	"2026-07-16 16:18:06.880"	"10.0.0.128"	"SENT: 59 OK LOGIN completed"
"IMAPD"	2948	7	"2026-07-16 16:18:06.912"	"10.0.0.128"	"RECEIVED: 60 capability"
"IMAPD"	2948	7	"2026-07-16 16:18:06.912"	"10.0.0.128"	"SENT: * CAPABILITY IMAP4 IMAP4rev1 CHILDREN IDLE QUOTA SORT ACL NAMESPACE RIGHTS=texk[nl]60 OK CAPABILITY completed"
"IMAPD"	2948	7	"2026-07-16 16:18:06.912"	"10.0.0.128"	"RECEIVED: 61 select "INBOX""
"DEBUG"	2948	"2026-07-16 16:18:06.941"	"Reading messages from database."
"IMAPD"	2948	7	"2026-07-16 16:18:06.941"	"10.0.0.128"	"SENT: * 11 EXISTS[nl]* 11 RECENT[nl]* FLAGS (\Deleted \Seen \Draft \Answered \Flagged)[nl]* OK [UIDVALIDITY 1783903039] current uidvalidity[nl]* OK [UNSEEN 5] unseen messages[nl]* OK [UIDNEXT 14] next uid[nl]* OK [PERMANENTFLAGS (\Deleted \Seen \Draft \Answered \Flagged)] limited[nl]61 OK [READ-WRITE] SELECT completed"
"IMAPD"	6136	7	"2026-07-16 16:18:06.946"	"10.0.0.128"	"RECEIVED: 62 getquotaroot "INBOX""
"IMAPD"	6136	7	"2026-07-16 16:18:06.954"	"10.0.0.128"	"SENT: * QUOTAROOT "INBOX" ""[nl]* QUOTA "" ()[nl]62 OK GETQUOTAROOT completed"
"IMAPD"	6136	7	"2026-07-16 16:18:06.954"	"10.0.0.128"	"RECEIVED: 63 UID fetch 1:* (FLAGS)"
"IMAPD"	6136	7	"2026-07-16 16:18:06.954"	"10.0.0.128"	"SENT: * 1 FETCH (UID 3 FLAGS (\Seen))"
"IMAPD"	6136	7	"2026-07-16 16:18:06.954"	"10.0.0.128"	"SENT: * 2 FETCH (UID 4 FLAGS (\Seen))"
"IMAPD"	6136	7	"2026-07-16 16:18:06.961"	"10.0.0.128"	"SENT: * 3 FETCH (UID 5 FLAGS ())"
"IMAPD"	6136	7	"2026-07-16 16:18:06.961"	"10.0.0.128"	"SENT: * 4 FETCH (UID 6 FLAGS ())"
"IMAPD"	6136	7	"2026-07-16 16:18:06.961"	"10.0.0.128"	"SENT: * 5 FETCH (UID 7 FLAGS ())"
"IMAPD"	6136	7	"2026-07-16 16:18:06.961"	"10.0.0.128"	"SENT: * 6 FETCH (UID 8 FLAGS ())"
"IMAPD"	6136	7	"2026-07-16 16:18:06.961"	"10.0.0.128"	"SENT: * 7 FETCH (UID 9 FLAGS ())"
"IMAPD"	6136	7	"2026-07-16 16:18:06.961"	"10.0.0.128"	"SENT: * 8 FETCH (UID 10 FLAGS ())"
"IMAPD"	6136	7	"2026-07-16 16:18:06.961"	"10.0.0.128"	"SENT: * 9 FETCH (UID 11 FLAGS (\Seen))"
"IMAPD"	6136	7	"2026-07-16 16:18:06.961"	"10.0.0.128"	"SENT: * 10 FETCH (UID 12 FLAGS (\Seen))"
"IMAPD"	6136	7	"2026-07-16 16:18:06.961"	"10.0.0.128"	"SENT: * 11 FETCH (UID 13 FLAGS ())"
"IMAPD"	6136	7	"2026-07-16 16:18:06.961"	"10.0.0.128"	"SENT: 63 OK UID completed"
"IMAPD"	3132	7	"2026-07-16 16:18:06.977"	"10.0.0.128"	"RECEIVED: 64 UID fetch 13 (UID RFC822.SIZE FLAGS BODY.PEEK[HEADER.FIELDS (From To Cc Bcc Subject Date Message-ID Priority X-Priority References Newsgroups In-Reply-To Content-Type Reply-To Received)])"
"IMAPD"	3132	7	"2026-07-16 16:18:06.994"	"10.0.0.128"	"SENT: * 11 FETCH (UID 13 RFC822.SIZE 870 FLAGS () BODY[HEADER.FIELDS (From To Cc Bcc Subject Date Message-ID Priority X-Priority References Newsgroups In-Reply-To Content-Type Reply-To Received)] {348}"
"IMAPD"	3132	7	"2026-07-16 16:18:06.994"	"10.0.0.128"	"SENT: )"
"IMAPD"	3132	7	"2026-07-16 16:18:06.994"	"10.0.0.128"	"SENT: 64 OK UID completed"
"IMAPD"	6508	7	"2026-07-16 16:18:07.268"	"10.0.0.128"	"RECEIVED: 65 UID fetch 13 (UID RFC822.SIZE BODY.PEEK[])"
"IMAPD"	6508	7	"2026-07-16 16:18:07.268"	"10.0.0.128"	"SENT: * 11 FETCH (UID 13 RFC822.SIZE 870 BODY[] {893}"
"IMAPD"	6508	7	"2026-07-16 16:18:07.268"	"10.0.0.128"	"SENT: )"
"IMAPD"	6508	7	"2026-07-16 16:18:07.268"	"10.0.0.128"	"SENT: 65 OK UID completed"
"SMTPD"	7892	4	"2026-07-16 16:18:08.837"	"10.0.0.128"	"RECEIVED: QUIT"
"SMTPD"	7892	4	"2026-07-16 16:18:08.837"	"10.0.0.128"	"SENT: 221 goodbye"
"DEBUG"	908	"2026-07-16 16:18:08.841"	"Ending session 4"
"IMAPD"	908	7	"2026-07-16 16:18:09.355"	"10.0.0.128"	"RECEIVED: 66 IDLE"
"IMAPD"	908	7	"2026-07-16 16:18:09.355"	"10.0.0.128"	"SENT: + idling"
"IMAPD"	2216	7	"2026-07-16 16:18:51.173"	"10.0.0.128"	"RECEIVED: DONE"
"IMAPD"	2216	7	"2026-07-16 16:18:51.173"	"10.0.0.128"	"SENT: 66 OK IDLE terminated"
"IMAPD"	2216	7	"2026-07-16 16:18:51.192"	"10.0.0.128"	"RECEIVED: 67 noop"
"IMAPD"	7892	3	"2026-07-16 16:18:51.206"	"10.0.0.128"	"RECEIVED: DONE"
"IMAPD"	7892	3	"2026-07-16 16:18:51.210"	"10.0.0.128"	"SENT: 17 OK IDLE terminated"
"IMAPD"	2216	7	"2026-07-16 16:18:51.210"	"10.0.0.128"	"SENT: 67 OK NOOP completed"
"IMAPD"	908	3	"2026-07-16 16:18:51.223"	"10.0.0.128"	"RECEIVED: 18 noop"
"IMAPD"	908	3	"2026-07-16 16:18:51.223"	"10.0.0.128"	"SENT: 18 OK NOOP completed"
"IMAPD"	908	7	"2026-07-16 16:18:51.223"	"10.0.0.128"	"RECEIVED: 68 getquotaroot "INBOX""
"IMAPD"	908	7	"2026-07-16 16:18:51.223"	"10.0.0.128"	"SENT: * QUOTAROOT "INBOX" ""[nl]* QUOTA "" ()[nl]68 OK GETQUOTAROOT completed"
"IMAPD"	7892	3	"2026-07-16 16:18:51.223"	"10.0.0.128"	"RECEIVED: 19 getquotaroot "INBOX""
"IMAPD"	7636	7	"2026-07-16 16:18:51.239"	"10.0.0.128"	"RECEIVED: 69 UID fetch 14:* (FLAGS)"
"IMAPD"	7636	7	"2026-07-16 16:18:51.239"	"10.0.0.128"	"SENT: 69 OK UID completed"
"IMAPD"	7892	3	"2026-07-16 16:18:51.255"	"10.0.0.128"	"SENT: * QUOTAROOT "INBOX" ""[nl]* QUOTA "" ()[nl]19 OK GETQUOTAROOT completed"
"IMAPD"	3132	3	"2026-07-16 16:18:51.255"	"10.0.0.128"	"RECEIVED: 20 UID fetch 14:* (FLAGS)"
"IMAPD"	3132	3	"2026-07-16 16:18:51.255"	"10.0.0.128"	"SENT: 20 OK UID completed"
"IMAPD"	3132	7	"2026-07-16 16:18:53.257"	"10.0.0.128"	"RECEIVED: 70 IDLE"
"IMAPD"	3132	7	"2026-07-16 16:18:53.257"	"10.0.0.128"	"SENT: + idling"
"IMAPD"	908	3	"2026-07-16 16:18:53.273"	"10.0.0.128"	"RECEIVED: 21 IDLE"
"IMAPD"	908	3	"2026-07-16 16:18:53.273"	"10.0.0.128"	"SENT: + idling"
"DEBUG"	6508	"2026-07-16 16:19:32.613"	"Creating session 9"
"TCPIP"	6508	"2026-07-16 16:19:32.613"	"TCP - 10.0.0.128 connected to 10.0.0.128:587."
"DEBUG"	6508	"2026-07-16 16:19:32.626"	"TCP connection started for session 6"
"SMTPD"	6508	6	"2026-07-16 16:19:32.626"	"10.0.0.128"	"SENT: 220 WIN-2F1VNVRVM11 ESMTP"
"SMTPD"	7636	6	"2026-07-16 16:19:32.739"	"10.0.0.128"	"RECEIVED: EHLO [10.0.0.128]"
"SMTPD"	7636	6	"2026-07-16 16:19:32.739"	"10.0.0.128"	"SENT: 250-WIN-2F1VNVRVM11[nl]250-SIZE 20480000[nl]250-AUTH LOGIN[nl]250 HELP"
"SMTPD"	6508	6	"2026-07-16 16:19:32.771"	"10.0.0.128"	"RECEIVED: AUTH LOGIN"
"SMTPD"	6508	6	"2026-07-16 16:19:32.771"	"10.0.0.128"	"SENT: 334 VXNlcm5hbWU6"
"SMTPD"	908	6	"2026-07-16 16:19:32.771"	"10.0.0.128"	"RECEIVED: YkBoaS54eXo="
"SMTPD"	908	6	"2026-07-16 16:19:32.771"	"10.0.0.128"	"SENT: 334 UGFzc3dvcmQ6"
"SMTPD"	7636	6	"2026-07-16 16:19:32.787"	"10.0.0.128"	"RECEIVED: ***"
"SMTPD"	7636	6	"2026-07-16 16:19:32.787"	"10.0.0.128"	"SENT: 235 authenticated."
"SMTPD"	7892	6	"2026-07-16 16:19:32.787"	"10.0.0.128"	"RECEIVED: MAIL FROM:<a@hi.xyz> SIZE=691"
"SMTPD"	7892	6	"2026-07-16 16:19:32.803"	"10.0.0.128"	"SENT: 250 OK"
"SMTPD"	6508	6	"2026-07-16 16:19:32.803"	"10.0.0.128"	"RECEIVED: RCPT TO:<b@hi.xyz>"
"SMTPD"	6508	6	"2026-07-16 16:19:32.803"	"10.0.0.128"	"SENT: 250 OK"
"SMTPD"	7636	6	"2026-07-16 16:19:32.814"	"10.0.0.128"	"RECEIVED: DATA"
"SMTPD"	7636	6	"2026-07-16 16:19:32.814"	"10.0.0.128"	"SENT: 354 OK, send."
"DEBUG"	908	"2026-07-16 16:19:32.819"	"Adding task AsynchronousTask to work queue Asynchronous task queue"
"DEBUG"	2396	"2026-07-16 16:19:32.819"	"Executing task AsynchronousTask in work queue Asynchronous task queue"
"DEBUG"	2396	"2026-07-16 16:19:32.835"	"Executing event OnAcceptMessage"
"DEBUG"	2396	"2026-07-16 16:19:32.931"	"Event completed"
"DEBUG"	2396	"2026-07-16 16:19:32.963"	"Saving message: {48B9AFA6-39EB-433B-B6E4-53B2D12C6E55}.eml"
"DEBUG"	2396	"2026-07-16 16:19:32.963"	"Requesting SMTPDeliveryManager to start message delivery"
"SMTPD"	2396	6	"2026-07-16 16:19:32.963"	"10.0.0.128"	"SENT: 250 Queued (0.032 seconds)"
"DEBUG"	4956	"2026-07-16 16:19:32.963"	"Adding task DeliveryTask to work queue SMTP delivery queue"
"DEBUG"	4560	"2026-07-16 16:19:33.075"	"Executing task DeliveryTask in work queue SMTP delivery queue"
"DEBUG"	4560	"2026-07-16 16:19:33.075"	"Delivering message..."
"APPLICATION"	4560	"2026-07-16 16:19:33.075"	"SMTPDeliverer - Message 59: Delivering message from a@hi.xyz to b@hi.xyz. File: C:\Program Files (x86)\hMailServer\Data\{48B9AFA6-39EB-433B-B6E4-53B2D12C6E55}.eml"
"DEBUG"	4560	"2026-07-16 16:19:33.075"	"Applying rules"
"DEBUG"	4560	"2026-07-16 16:19:33.122"	"Applying rule Phishing Filter"
"DEBUG"	4560	"2026-07-16 16:19:33.138"	"Performing rule action"
"DEBUG"	4560	"2026-07-16 16:19:33.138"	"Performing rule action"
"DEBUG"	4560	"2026-07-16 16:19:33.146"	"Performing local delivery"
"DEBUG"	4560	"2026-07-16 16:19:33.170"	"Applying rules"
"DEBUG"	6136	"2026-07-16 16:19:33.170"	"Creating session 10"
"TCPIP"	6136	"2026-07-16 16:19:33.170"	"TCP - 10.0.0.128 connected to 10.0.0.128:143."
"DEBUG"	6136	"2026-07-16 16:19:33.187"	"TCP connection started for session 8"
"IMAPD"	6136	8	"2026-07-16 16:19:33.202"	"10.0.0.128"	"SENT: * OK IMAPrev1"
"IMAPD"	6136	8	"2026-07-16 16:19:33.202"	"10.0.0.128"	"RECEIVED: 42 capability"
"IMAPD"	6136	8	"2026-07-16 16:19:33.202"	"10.0.0.128"	"SENT: * CAPABILITY IMAP4 IMAP4rev1 CHILDREN IDLE QUOTA SORT ACL NAMESPACE RIGHTS=texk[nl]42 OK CAPABILITY completed"
"IMAPD"	6136	8	"2026-07-16 16:19:33.202"	"10.0.0.128"	"RECEIVED: 44 login "a@hi.xyz" ***"
"IMAPD"	6136	8	"2026-07-16 16:19:33.218"	"10.0.0.128"	"SENT: 44 OK LOGIN completed"
"IMAPD"	6136	8	"2026-07-16 16:19:33.218"	"10.0.0.128"	"RECEIVED: 45 capability"
"IMAPD"	6136	8	"2026-07-16 16:19:33.218"	"10.0.0.128"	"SENT: * CAPABILITY IMAP4 IMAP4rev1 CHILDREN IDLE QUOTA SORT ACL NAMESPACE RIGHTS=texk[nl]45 OK CAPABILITY completed"
"IMAPD"	908	8	"2026-07-16 16:19:33.218"	"10.0.0.128"	"RECEIVED: 46 append "Sent" (\Seen) {691}"
"IMAPD"	908	8	"2026-07-16 16:19:33.234"	"10.0.0.128"	"SENT: + Ready for literal data"
"DEBUG"	2216	"2026-07-16 16:19:33.247"	"Saving message: {DCBCC39A-FBEF-45A7-817E-88F301C042AA}.eml"
"DEBUG"	4560	"2026-07-16 16:19:33.249"	"Saving message: {48B9AFA6-39EB-433B-B6E4-53B2D12C6E55}.eml"
"IMAPD"	2216	8	"2026-07-16 16:19:33.249"	"10.0.0.128"	"SENT: 46 OK APPEND completed"
"DEBUG"	4560	"2026-07-16 16:19:33.262"	"Reading messages from database."
"IMAPD"	4560	3	"2026-07-16 16:19:33.266"	"10.0.0.128"	"SENT: * 10 EXISTS"
"IMAPD"	908	3	"2026-07-16 16:19:33.266"	"10.0.0.128"	"RECEIVED: DONE"
"IMAPD"	908	3	"2026-07-16 16:19:33.266"	"10.0.0.128"	"SENT: 21 OK IDLE terminated"
"IMAPD"	4560	3	"2026-07-16 16:19:33.266"	"10.0.0.128"	"SENT: * 10 RECENT"
"IMAPD"	7892	3	"2026-07-16 16:19:33.281"	"10.0.0.128"	"RECEIVED: 22 noop"
"IMAPD"	7892	3	"2026-07-16 16:19:33.281"	"10.0.0.128"	"SENT: 22 OK NOOP completed"
"DEBUG"	4560	"2026-07-16 16:19:33.281"	"Local delivery completed"
"IMAPD"	7892	3	"2026-07-16 16:19:33.281"	"10.0.0.128"	"RECEIVED: 23 getquotaroot "INBOX""
"IMAPD"	7892	3	"2026-07-16 16:19:33.281"	"10.0.0.128"	"SENT: * QUOTAROOT "INBOX" ""[nl]* QUOTA "" ()[nl]23 OK GETQUOTAROOT completed"
"APPLICATION"	4560	"2026-07-16 16:19:33.281"	"SMTPDeliverer - Message 59: Message delivery thread completed."
"IMAPD"	2216	3	"2026-07-16 16:19:33.281"	"10.0.0.128"	"RECEIVED: 24 UID fetch 14:* (FLAGS)"
"IMAPD"	2216	3	"2026-07-16 16:19:33.281"	"10.0.0.128"	"SENT: * 10 FETCH (UID 14 FLAGS ())"
"IMAPD"	2216	3	"2026-07-16 16:19:33.281"	"10.0.0.128"	"SENT: 24 OK UID completed"
"IMAPD"	7636	3	"2026-07-16 16:19:33.281"	"10.0.0.128"	"RECEIVED: 25 UID fetch 14 (UID RFC822.SIZE FLAGS BODY.PEEK[HEADER.FIELDS (From To Cc Bcc Subject Date Message-ID Priority X-Priority References Newsgroups In-Reply-To Content-Type Reply-To Received)])"
"IMAPD"	7636	3	"2026-07-16 16:19:33.314"	"10.0.0.128"	"SENT: * 10 FETCH (UID 14 RFC822.SIZE 853 FLAGS () BODY[HEADER.FIELDS (From To Cc Bcc Subject Date Message-ID Priority X-Priority References Newsgroups In-Reply-To Content-Type Reply-To Received)] {331}"
"IMAPD"	7636	3	"2026-07-16 16:19:33.314"	"10.0.0.128"	"SENT: )"
"IMAPD"	7636	3	"2026-07-16 16:19:33.314"	"10.0.0.128"	"SENT: 25 OK UID completed"
"IMAPD"	6136	3	"2026-07-16 16:19:33.395"	"10.0.0.128"	"RECEIVED: 26 UID fetch 14 (UID RFC822.SIZE BODY.PEEK[])"
"IMAPD"	6136	3	"2026-07-16 16:19:33.395"	"10.0.0.128"	"SENT: * 10 FETCH (UID 14 RFC822.SIZE 853 BODY[] {876}"
"IMAPD"	6136	3	"2026-07-16 16:19:33.395"	"10.0.0.128"	"SENT: )"
"IMAPD"	6136	3	"2026-07-16 16:19:33.395"	"10.0.0.128"	"SENT: 26 OK UID completed"
"IMAPD"	2216	3	"2026-07-16 16:19:33.410"	"10.0.0.128"	"RECEIVED: 27 UID fetch 14 (UID BODY.PEEK[HEADER.FIELDS (Content-Type Content-Transfer-Encoding)] BODY.PEEK[TEXT]<0.2048>)"
"IMAPD"	2216	3	"2026-07-16 16:19:33.410"	"10.0.0.128"	"SENT: * 10 FETCH (UID 14 BODY[HEADER.FIELDS (Content-Type Content-Transfer-Encoding)] {91}"
"IMAPD"	2216	3	"2026-07-16 16:19:33.410"	"10.0.0.128"	"SENT:  BODY[TEXT]<0> {378}"
"IMAPD"	2216	3	"2026-07-16 16:19:33.410"	"10.0.0.128"	"SENT: )"
"IMAPD"	2216	3	"2026-07-16 16:19:33.426"	"10.0.0.128"	"SENT: 27 OK UID completed"
"IMAPD"	5156	3	"2026-07-16 16:19:35.445"	"10.0.0.128"	"RECEIVED: 28 IDLE"
"IMAPD"	5156	3	"2026-07-16 16:19:35.445"	"10.0.0.128"	"SENT: + idling"
"SMTPD"	5156	6	"2026-07-16 16:19:38.493"	"10.0.0.128"	"RECEIVED: QUIT"
"SMTPD"	5156	6	"2026-07-16 16:19:38.493"	"10.0.0.128"	"SENT: 221 goodbye"
"DEBUG"	3132	"2026-07-16 16:19:38.516"	"Ending session 6"
"DEBUG"	1476	"2026-07-16 16:24:24.263"	"Received stop-request from Windows."
"APPLICATION"	1476	"2026-07-16 16:24:24.263"	"Stopping servers..."
"DEBUG"	1476	"2026-07-16 16:24:24.263"	"Application::StopServers() - Removing server work queue"
"DEBUG"	1476	"2026-07-16 16:24:24.263"	"WorkQueueManager::RemoveQueue - Server queue"
"DEBUG"	1476	"2026-07-16 16:24:24.263"	"Stopping working queue Server queue."
"DEBUG"	1476	"2026-07-16 16:24:24.263"	"Interupt and join threads in working queue Server queue"
"DEBUG"	7376	"2026-07-16 16:24:24.263"	"Worker exited in work queue Server queue"
"DEBUG"	4956	"2026-07-16 16:24:24.263"	"Worker exited in work queue Server queue"
"DEBUG"	3816	"2026-07-16 16:24:24.263"	"IOService::Stop()"
"DEBUG"	5088	"2026-07-16 16:24:24.263"	"Worker exited in work queue Server queue"
"DEBUG"	3132	"2026-07-16 16:24:24.263"	"TCP - AcceptEx failed. Error code: 995, Message: 스레드 종료 또는 응용 프로그램 요청 때문에 I/O 작업이 취소되었습니다"
"DEBUG"	5156	"2026-07-16 16:24:24.263"	"TCP - AcceptEx failed. Error code: 995, Message: 스레드 종료 또는 응용 프로그램 요청 때문에 I/O 작업이 취소되었습니다"
"DEBUG"	5156	"2026-07-16 16:24:24.263"	"Ending session 2"
"DEBUG"	7892	"2026-07-16 16:24:24.263"	"TCP - AcceptEx failed. Error code: 995, Message: 스레드 종료 또는 응용 프로그램 요청 때문에 I/O 작업이 취소되었습니다"
"DEBUG"	3816	"2026-07-16 16:24:24.263"	"IOService::DoWork() - removing Queue IOCP Queue"
"DEBUG"	3132	"2026-07-16 16:24:24.263"	"Ending session 1"
"DEBUG"	6508	"2026-07-16 16:24:24.263"	"TCP - AcceptEx failed. Error code: 995, Message: 스레드 종료 또는 응용 프로그램 요청 때문에 I/O 작업이 취소되었습니다"
"DEBUG"	7892	"2026-07-16 16:24:24.263"	"Ending session 9"
"DEBUG"	3816	"2026-07-16 16:24:24.263"	"WorkQueueManager::RemoveQueue - IOCPQueue"
"DEBUG"	6508	"2026-07-16 16:24:24.263"	"Ending session 10"
"DEBUG"	3816	"2026-07-16 16:24:24.263"	"Stopping working queue IOCPQueue."
"DEBUG"	3816	"2026-07-16 16:24:24.279"	"Interupt and join threads in working queue IOCPQueue"
"DEBUG"	3232	"2026-07-16 16:24:24.279"	"Worker exited in work queue IOCPQueue"
"DEBUG"	6508	"2026-07-16 16:24:24.279"	"Worker exited in work queue IOCPQueue"
"DEBUG"	4980	"2026-07-16 16:24:24.279"	"Worker exited in work queue IOCPQueue"
"DEBUG"	1076	"2026-07-16 16:24:24.279"	"Worker exited in work queue IOCPQueue"
"DEBUG"	6860	"2026-07-16 16:24:24.279"	"Worker exited in work queue IOCPQueue"
"DEBUG"	3132	"2026-07-16 16:24:24.279"	"Worker exited in work queue IOCPQueue"
"DEBUG"	7892	"2026-07-16 16:24:24.279"	"Worker exited in work queue IOCPQueue"
"DEBUG"	8112	"2026-07-16 16:24:24.279"	"Worker exited in work queue IOCPQueue"
"DEBUG"	3332	"2026-07-16 16:24:24.279"	"Worker exited in work queue IOCPQueue"
"DEBUG"	5156	"2026-07-16 16:24:24.279"	"Worker exited in work queue IOCPQueue"
"DEBUG"	2948	"2026-07-16 16:24:24.279"	"Worker exited in work queue IOCPQueue"
"DEBUG"	908	"2026-07-16 16:24:24.279"	"Worker exited in work queue IOCPQueue"
"DEBUG"	7636	"2026-07-16 16:24:24.279"	"Worker exited in work queue IOCPQueue"
"DEBUG"	6136	"2026-07-16 16:24:24.279"	"Worker exited in work queue IOCPQueue"
"DEBUG"	2216	"2026-07-16 16:24:24.279"	"Worker exited in work queue IOCPQueue"
"DEBUG"	3816	"2026-07-16 16:24:24.279"	"All threads are joined in queue IOCPQueue."
"DEBUG"	3816	"2026-07-16 16:24:24.279"	"WorkQueueManager::RemoveQueue - Stopped IOCPQueue"
"DEBUG"	3816	"2026-07-16 16:24:24.279"	"WorkQueueManager::RemoveQueue - Erased IOCPQueue"
"DEBUG"	3816	"2026-07-16 16:24:24.279"	"IOService::Stop() - Complete"
"DEBUG"	3816	"2026-07-16 16:24:24.294"	"Destructing work queue IOCPQueue"
"DEBUG"	3816	"2026-07-16 16:24:24.294"	"Worker exited in work queue Server queue"
"DEBUG"	1476	"2026-07-16 16:24:24.294"	"Still 1 remaining threads in queue Server queue. First task: <Unknown>"
"DEBUG"	1476	"2026-07-16 16:24:24.548"	"All threads are joined in queue Server queue."
"DEBUG"	1476	"2026-07-16 16:24:24.548"	"WorkQueueManager::RemoveQueue - Stopped Server queue"
"DEBUG"	1476	"2026-07-16 16:24:24.548"	"WorkQueueManager::RemoveQueue - Erased Server queue"
"DEBUG"	1476	"2026-07-16 16:24:24.548"	"Destructing work queue Server queue"
"DEBUG"	1476	"2026-07-16 16:24:24.548"	"Application::StopServers() - Clearing caches"
"DEBUG"	1476	"2026-07-16 16:24:24.548"	"Application::StopServers() - Destructing IOCP"
"DEBUG"	1476	"2026-07-16 16:24:24.548"	"IOService::~IOService - Destructing"
"DEBUG"	1476	"2026-07-16 16:24:24.548"	"TCPServer::~TCPServer"
"DEBUG"	1476	"2026-07-16 16:24:24.548"	"TCPServer::~TCPServer"
"DEBUG"	1476	"2026-07-16 16:24:24.548"	"TCPServer::~TCPServer"
"DEBUG"	1476	"2026-07-16 16:24:24.548"	"TCPServer::~TCPServer"
"DEBUG"	1476	"2026-07-16 16:24:24.548"	"Ending session 8"
"DEBUG"	1476	"2026-07-16 16:24:24.548"	"Ending session 7"
"DEBUG"	1476	"2026-07-16 16:24:24.548"	"Ending session 5"
"DEBUG"	1476	"2026-07-16 16:24:24.548"	"Ending session 3"
"DEBUG"	1476	"2026-07-16 16:24:24.548"	"Application::StopServers() - Destructing DeliveryManager"
"DEBUG"	1476	"2026-07-16 16:24:24.548"	"WorkQueueManager::RemoveQueue - SMTP delivery queue"
"DEBUG"	1476	"2026-07-16 16:24:24.548"	"Stopping working queue SMTP delivery queue."
"DEBUG"	1476	"2026-07-16 16:24:24.548"	"Interupt and join threads in working queue SMTP delivery queue"
"DEBUG"	4560	"2026-07-16 16:24:24.548"	"Worker exited in work queue SMTP delivery queue"
"DEBUG"	5556	"2026-07-16 16:24:24.564"	"Worker exited in work queue SMTP delivery queue"
"DEBUG"	1164	"2026-07-16 16:24:24.564"	"Worker exited in work queue SMTP delivery queue"
"DEBUG"	4440	"2026-07-16 16:24:24.564"	"Worker exited in work queue SMTP delivery queue"
"DEBUG"	6820	"2026-07-16 16:24:24.564"	"Worker exited in work queue SMTP delivery queue"
"DEBUG"	2256	"2026-07-16 16:24:24.564"	"Worker exited in work queue SMTP delivery queue"
"DEBUG"	4596	"2026-07-16 16:24:24.564"	"Worker exited in work queue SMTP delivery queue"
"DEBUG"	5628	"2026-07-16 16:24:24.564"	"Worker exited in work queue SMTP delivery queue"
"DEBUG"	6636	"2026-07-16 16:24:24.564"	"Worker exited in work queue SMTP delivery queue"
"DEBUG"	1464	"2026-07-16 16:24:24.564"	"Worker exited in work queue SMTP delivery queue"
"DEBUG"	1476	"2026-07-16 16:24:24.564"	"Still 1 remaining threads in queue SMTP delivery queue. First task: <Unknown>"
"DEBUG"	1476	"2026-07-16 16:24:24.833"	"All threads are joined in queue SMTP delivery queue."
"DEBUG"	1476	"2026-07-16 16:24:24.833"	"WorkQueueManager::RemoveQueue - Stopped SMTP delivery queue"
"DEBUG"	1476	"2026-07-16 16:24:24.833"	"WorkQueueManager::RemoveQueue - Erased SMTP delivery queue"
"DEBUG"	1476	"2026-07-16 16:24:24.833"	"Destructing work queue SMTP delivery queue"
"DEBUG"	1476	"2026-07-16 16:24:24.836"	"Application::StopServers() - Destructing FetchManager"
"DEBUG"	1476	"2026-07-16 16:24:24.836"	"ExternalFetchManager::~ExternalFetchManager"
"DEBUG"	1476	"2026-07-16 16:24:24.836"	"WorkQueueManager::RemoveQueue - External fetch queue"
"DEBUG"	1476	"2026-07-16 16:24:24.836"	"Stopping working queue External fetch queue."
"DEBUG"	1476	"2026-07-16 16:24:24.836"	"Interupt and join threads in working queue External fetch queue"
"DEBUG"	3916	"2026-07-16 16:24:24.836"	"Worker exited in work queue External fetch queue"
"DEBUG"	3844	"2026-07-16 16:24:24.836"	"Worker exited in work queue External fetch queue"
"DEBUG"	5516	"2026-07-16 16:24:24.836"	"Worker exited in work queue External fetch queue"
"DEBUG"	7480	"2026-07-16 16:24:24.836"	"Worker exited in work queue External fetch queue"
"DEBUG"	4468	"2026-07-16 16:24:24.836"	"Worker exited in work queue External fetch queue"
"DEBUG"	5560	"2026-07-16 16:24:24.836"	"Worker exited in work queue External fetch queue"
"DEBUG"	1324	"2026-07-16 16:24:24.836"	"Worker exited in work queue External fetch queue"
"DEBUG"	2028	"2026-07-16 16:24:24.836"	"Worker exited in work queue External fetch queue"
"DEBUG"	7532	"2026-07-16 16:24:24.836"	"Worker exited in work queue External fetch queue"
"DEBUG"	5364	"2026-07-16 16:24:24.836"	"Worker exited in work queue External fetch queue"
"DEBUG"	7384	"2026-07-16 16:24:24.836"	"Worker exited in work queue External fetch queue"
"DEBUG"	4260	"2026-07-16 16:24:24.836"	"Worker exited in work queue External fetch queue"
"DEBUG"	6152	"2026-07-16 16:24:24.850"	"Worker exited in work queue External fetch queue"
"DEBUG"	3964	"2026-07-16 16:24:24.850"	"Worker exited in work queue External fetch queue"
"DEBUG"	964	"2026-07-16 16:24:24.850"	"Worker exited in work queue External fetch queue"
"DEBUG"	1476	"2026-07-16 16:24:24.850"	"Still 1 remaining threads in queue External fetch queue. First task: <Unknown>"
"DEBUG"	1476	"2026-07-16 16:24:25.119"	"All threads are joined in queue External fetch queue."
"DEBUG"	1476	"2026-07-16 16:24:25.119"	"WorkQueueManager::RemoveQueue - Stopped External fetch queue"
"DEBUG"	1476	"2026-07-16 16:24:25.119"	"WorkQueueManager::RemoveQueue - Erased External fetch queue"
"DEBUG"	1476	"2026-07-16 16:24:25.119"	"Destructing work queue External fetch queue"
"DEBUG"	1476	"2026-07-16 16:24:25.119"	"ExternalFetchManager::~ExternalFetchManager - Removed queue"
"DEBUG"	1476	"2026-07-16 16:24:25.119"	"Application::StopServers() - Destructing Scheduler"
"DEBUG"	1476	"2026-07-16 16:24:25.119"	"Application::StopServers() - Destructing Rest"
"APPLICATION"	1476	"2026-07-16 16:24:25.119"	"Servers stopped."
"DEBUG"	1476	"2026-07-16 16:24:25.119"	"WorkQueueManager::RemoveQueue - Maintenance queue"
"DEBUG"	1476	"2026-07-16 16:24:25.119"	"Stopping working queue Maintenance queue."
"DEBUG"	1476	"2026-07-16 16:24:25.119"	"Interupt and join threads in working queue Maintenance queue"
"DEBUG"	7000	"2026-07-16 16:24:25.119"	"Worker exited in work queue Maintenance queue"
"DEBUG"	7500	"2026-07-16 16:24:25.119"	"Worker exited in work queue Maintenance queue"
"DEBUG"	7488	"2026-07-16 16:24:25.119"	"Worker exited in work queue Maintenance queue"
"DEBUG"	7852	"2026-07-16 16:24:25.119"	"Worker exited in work queue Maintenance queue"
"DEBUG"	5808	"2026-07-16 16:24:25.119"	"Worker exited in work queue Maintenance queue"
"DEBUG"	1476	"2026-07-16 16:24:25.135"	"Still 1 remaining threads in queue Maintenance queue. First task: <Unknown>"
"DEBUG"	1476	"2026-07-16 16:24:25.389"	"All threads are joined in queue Maintenance queue."
"DEBUG"	1476	"2026-07-16 16:24:25.389"	"WorkQueueManager::RemoveQueue - Stopped Maintenance queue"
"DEBUG"	1476	"2026-07-16 16:24:25.389"	"WorkQueueManager::RemoveQueue - Erased Maintenance queue"
"DEBUG"	1476	"2026-07-16 16:24:25.389"	"Destructing work queue Maintenance queue"
"DEBUG"	1476	"2026-07-16 16:24:25.389"	"WorkQueueManager::RemoveQueue - Asynchronous task queue"
"DEBUG"	1476	"2026-07-16 16:24:25.389"	"Stopping working queue Asynchronous task queue."
"DEBUG"	1476	"2026-07-16 16:24:25.389"	"Interupt and join threads in working queue Asynchronous task queue"
"DEBUG"	2396	"2026-07-16 16:24:25.389"	"Worker exited in work queue Asynchronous task queue"
"DEBUG"	6900	"2026-07-16 16:24:25.389"	"Worker exited in work queue Asynchronous task queue"
"DEBUG"	2756	"2026-07-16 16:24:25.389"	"Worker exited in work queue Asynchronous task queue"
"DEBUG"	5144	"2026-07-16 16:24:25.389"	"Worker exited in work queue Asynchronous task queue"
"DEBUG"	6916	"2026-07-16 16:24:25.389"	"Worker exited in work queue Asynchronous task queue"
"DEBUG"	5648	"2026-07-16 16:24:25.389"	"Worker exited in work queue Asynchronous task queue"
"DEBUG"	6768	"2026-07-16 16:24:25.389"	"Worker exited in work queue Asynchronous task queue"
"DEBUG"	8056	"2026-07-16 16:24:25.389"	"Worker exited in work queue Asynchronous task queue"
"DEBUG"	4824	"2026-07-16 16:24:25.389"	"Worker exited in work queue Asynchronous task queue"
"DEBUG"	7752	"2026-07-16 16:24:25.389"	"Worker exited in work queue Asynchronous task queue"
"DEBUG"	3672	"2026-07-16 16:24:25.405"	"Worker exited in work queue Asynchronous task queue"
"DEBUG"	2064	"2026-07-16 16:24:25.405"	"Worker exited in work queue Asynchronous task queue"
"DEBUG"	7368	"2026-07-16 16:24:25.405"	"Worker exited in work queue Asynchronous task queue"
"DEBUG"	7672	"2026-07-16 16:24:25.405"	"Worker exited in work queue Asynchronous task queue"
"DEBUG"	5320	"2026-07-16 16:24:25.405"	"Worker exited in work queue Asynchronous task queue"
"DEBUG"	1476	"2026-07-16 16:24:25.405"	"All threads are joined in queue Asynchronous task queue."
"DEBUG"	1476	"2026-07-16 16:24:25.405"	"WorkQueueManager::RemoveQueue - Stopped Asynchronous task queue"
"DEBUG"	1476	"2026-07-16 16:24:25.405"	"WorkQueueManager::RemoveQueue - Erased Asynchronous task queue"
"DEBUG"	1476	"2026-07-16 16:24:25.405"	"Destructing work queue Asynchronous task queue"
"DEBUG"	1476	"2026-07-16 16:24:25.405"	"Application::ExitInstance - Closing database connection..."
"DEBUG"	1476	"2026-07-16 16:24:25.405"	"Application::ExitInstance - Deleting caches..."
"DEBUG"	6740	"2026-07-16 16:24:28.012"	"Application::InitInstance - Configuration loaded."
"DEBUG"	6740	"2026-07-16 16:24:28.012"	"Creating work queue Asynchronous task queue"
"DEBUG"	6740	"2026-07-16 16:24:28.012"	"Starting work queue Asynchronous task queue"
"DEBUG"	6740	"2026-07-16 16:24:28.012"	"Started work queue Asynchronous task queue"
"DEBUG"	2936	"2026-07-16 16:24:28.012"	"Running worker in work queue Asynchronous task queue"
"DEBUG"	7176	"2026-07-16 16:24:28.012"	"Running worker in work queue Asynchronous task queue"
"DEBUG"	4844	"2026-07-16 16:24:28.012"	"Running worker in work queue Asynchronous task queue"
"DEBUG"	6940	"2026-07-16 16:24:28.012"	"Running worker in work queue Asynchronous task queue"
"DEBUG"	7420	"2026-07-16 16:24:28.028"	"Running worker in work queue Asynchronous task queue"
"DEBUG"	7156	"2026-07-16 16:24:28.028"	"Running worker in work queue Asynchronous task queue"
"DEBUG"	3788	"2026-07-16 16:24:28.028"	"Running worker in work queue Asynchronous task queue"
"DEBUG"	6264	"2026-07-16 16:24:28.028"	"Running worker in work queue Asynchronous task queue"
"DEBUG"	3760	"2026-07-16 16:24:28.028"	"Running worker in work queue Asynchronous task queue"
"DEBUG"	2760	"2026-07-16 16:24:28.028"	"Running worker in work queue Asynchronous task queue"
"DEBUG"	1040	"2026-07-16 16:24:28.028"	"Running worker in work queue Asynchronous task queue"
"DEBUG"	1484	"2026-07-16 16:24:28.028"	"Running worker in work queue Asynchronous task queue"
"DEBUG"	3928	"2026-07-16 16:24:28.028"	"Running worker in work queue Asynchronous task queue"
"DEBUG"	460	"2026-07-16 16:24:28.028"	"Running worker in work queue Asynchronous task queue"
"DEBUG"	2276	"2026-07-16 16:24:28.028"	"Running worker in work queue Asynchronous task queue"
"APPLICATION"	6740	"2026-07-16 16:24:28.028"	"Starting servers..."
"DEBUG"	6740	"2026-07-16 16:24:28.043"	"Creating work queue Server queue"
"DEBUG"	6740	"2026-07-16 16:24:28.043"	"Starting work queue Server queue"
"DEBUG"	6740	"2026-07-16 16:24:28.043"	"Started work queue Server queue"
"DEBUG"	6740	"2026-07-16 16:24:28.043"	"Adding task Scheduler to work queue Server queue"
"DEBUG"	6740	"2026-07-16 16:24:28.043"	"Adding task IOService to work queue Server queue"
"DEBUG"	6740	"2026-07-16 16:24:28.043"	"Creating work queue SMTP delivery queue"
"DEBUG"	6740	"2026-07-16 16:24:28.043"	"Starting work queue SMTP delivery queue"
"DEBUG"	6740	"2026-07-16 16:24:28.043"	"Started work queue SMTP delivery queue"
"DEBUG"	6740	"2026-07-16 16:24:28.043"	"Adding task SMTPDeliveryManager to work queue Server queue"
"DEBUG"	6740	"2026-07-16 16:24:28.043"	"Creating work queue External fetch queue"
"DEBUG"	2392	"2026-07-16 16:24:28.043"	"Running worker in work queue Server queue"
"DEBUG"	2392	"2026-07-16 16:24:28.043"	"Executing task Scheduler in work queue Server queue"
"DEBUG"	5288	"2026-07-16 16:24:28.043"	"Running worker in work queue Server queue"
"DEBUG"	7160	"2026-07-16 16:24:28.043"	"Running worker in work queue Server queue"
"DEBUG"	6740	"2026-07-16 16:24:28.043"	"Starting work queue External fetch queue"
"DEBUG"	7324	"2026-07-16 16:24:28.043"	"Running worker in work queue Server queue"
"DEBUG"	3608	"2026-07-16 16:24:28.043"	"Running worker in work queue SMTP delivery queue"
"DEBUG"	1932	"2026-07-16 16:24:28.059"	"Running worker in work queue SMTP delivery queue"
"DEBUG"	6332	"2026-07-16 16:24:28.043"	"Running worker in work queue SMTP delivery queue"
"DEBUG"	6192	"2026-07-16 16:24:28.043"	"Running worker in work queue SMTP delivery queue"
"DEBUG"	1072	"2026-07-16 16:24:28.043"	"Running worker in work queue SMTP delivery queue"
"DEBUG"	4976	"2026-07-16 16:24:28.061"	"Running worker in work queue External fetch queue"
"DEBUG"	380	"2026-07-16 16:24:28.043"	"Running worker in work queue SMTP delivery queue"
"DEBUG"	7188	"2026-07-16 16:24:28.043"	"Running worker in work queue SMTP delivery queue"
"DEBUG"	6740	"2026-07-16 16:24:28.059"	"Started work queue External fetch queue"
"DEBUG"	6740	"2026-07-16 16:24:28.061"	"Adding task ExternalFetchManager to work queue Server queue"
"DEBUG"	7952	"2026-07-16 16:24:28.059"	"Running worker in work queue SMTP delivery queue"
"DEBUG"	7324	"2026-07-16 16:24:28.061"	"Executing task ExternalFetchManager in work queue Server queue"
"DEBUG"	7324	"2026-07-16 16:24:28.061"	"ExternalFetchManager::Start()"
"DEBUG"	7160	"2026-07-16 16:24:28.043"	"Executing task SMTPDeliveryManager in work queue Server queue"
"DEBUG"	7160	"2026-07-16 16:24:28.061"	"SMTPDeliveryManager::Start()"
"DEBUG"	876	"2026-07-16 16:24:28.061"	"Running worker in work queue External fetch queue"
"DEBUG"	8064	"2026-07-16 16:24:28.061"	"Running worker in work queue External fetch queue"
"DEBUG"	4500	"2026-07-16 16:24:28.061"	"Running worker in work queue External fetch queue"
"DEBUG"	5936	"2026-07-16 16:24:28.061"	"Running worker in work queue External fetch queue"
"DEBUG"	1708	"2026-07-16 16:24:28.061"	"Running worker in work queue External fetch queue"
"DEBUG"	1948	"2026-07-16 16:24:28.061"	"Running worker in work queue External fetch queue"
"DEBUG"	2780	"2026-07-16 16:24:28.061"	"Running worker in work queue External fetch queue"
"DEBUG"	6984	"2026-07-16 16:24:28.061"	"Running worker in work queue External fetch queue"
"DEBUG"	4812	"2026-07-16 16:24:28.061"	"Running worker in work queue External fetch queue"
"DEBUG"	5044	"2026-07-16 16:24:28.061"	"Running worker in work queue External fetch queue"
"DEBUG"	7604	"2026-07-16 16:24:28.061"	"Running worker in work queue External fetch queue"
"DEBUG"	6788	"2026-07-16 16:24:28.061"	"Running worker in work queue External fetch queue"
"DEBUG"	2248	"2026-07-16 16:24:28.061"	"Running worker in work queue External fetch queue"
"DEBUG"	2268	"2026-07-16 16:24:28.061"	"Running worker in work queue External fetch queue"
"DEBUG"	4072	"2026-07-16 16:24:28.059"	"Running worker in work queue SMTP delivery queue"
"DEBUG"	5288	"2026-07-16 16:24:28.043"	"Executing task IOService in work queue Server queue"
"DEBUG"	5288	"2026-07-16 16:24:28.075"	"IOService::Start()"
"DEBUG"	2900	"2026-07-16 16:24:28.059"	"Running worker in work queue SMTP delivery queue"
"APPLICATION"	6740	"2026-07-16 16:24:28.075"	"Servers started."
"DEBUG"	5288	"2026-07-16 16:24:28.092"	"Creating session 1"
"DEBUG"	5288	"2026-07-16 16:24:28.092"	"Creating session 2"
"DEBUG"	5288	"2026-07-16 16:24:28.092"	"Creating session 3"
"DEBUG"	5288	"2026-07-16 16:24:28.092"	"Creating session 4"
"DEBUG"	5288	"2026-07-16 16:24:28.092"	"Creating work queue IOCPQueue"
"DEBUG"	5288	"2026-07-16 16:24:28.092"	"Starting work queue IOCPQueue"
"DEBUG"	5288	"2026-07-16 16:24:28.092"	"Started work queue IOCPQueue"
"DEBUG"	5288	"2026-07-16 16:24:28.092"	"Adding task IOCPQueueWorkerTask to work queue IOCPQueue"
"DEBUG"	5288	"2026-07-16 16:24:28.107"	"Adding task IOCPQueueWorkerTask to work queue IOCPQueue"
"DEBUG"	5288	"2026-07-16 16:24:28.107"	"Adding task IOCPQueueWorkerTask to work queue IOCPQueue"
"DEBUG"	5288	"2026-07-16 16:24:28.107"	"Adding task IOCPQueueWorkerTask to work queue IOCPQueue"
"DEBUG"	5288	"2026-07-16 16:24:28.107"	"Adding task IOCPQueueWorkerTask to work queue IOCPQueue"
"DEBUG"	7820	"2026-07-16 16:24:28.107"	"Running worker in work queue IOCPQueue"
"DEBUG"	5288	"2026-07-16 16:24:28.107"	"Adding task IOCPQueueWorkerTask to work queue IOCPQueue"
"DEBUG"	5252	"2026-07-16 16:24:28.107"	"Running worker in work queue IOCPQueue"
"DEBUG"	5060	"2026-07-16 16:24:28.107"	"Running worker in work queue IOCPQueue"
"DEBUG"	2436	"2026-07-16 16:24:28.107"	"Running worker in work queue IOCPQueue"
"DEBUG"	7820	"2026-07-16 16:24:28.107"	"Executing task IOCPQueueWorkerTask in work queue IOCPQueue"
"DEBUG"	5776	"2026-07-16 16:24:28.107"	"Running worker in work queue IOCPQueue"
"DEBUG"	5776	"2026-07-16 16:24:28.107"	"Executing task IOCPQueueWorkerTask in work queue IOCPQueue"
"DEBUG"	7504	"2026-07-16 16:24:28.107"	"Running worker in work queue IOCPQueue"
"DEBUG"	7504	"2026-07-16 16:24:28.107"	"Executing task IOCPQueueWorkerTask in work queue IOCPQueue"
"DEBUG"	5700	"2026-07-16 16:24:28.107"	"Running worker in work queue IOCPQueue"
"DEBUG"	7860	"2026-07-16 16:24:28.107"	"Running worker in work queue IOCPQueue"
"DEBUG"	7608	"2026-07-16 16:24:28.107"	"Running worker in work queue IOCPQueue"
"DEBUG"	5252	"2026-07-16 16:24:28.107"	"Executing task IOCPQueueWorkerTask in work queue IOCPQueue"
"DEBUG"	912	"2026-07-16 16:24:28.107"	"Running worker in work queue IOCPQueue"
"DEBUG"	3952	"2026-07-16 16:24:28.107"	"Running worker in work queue IOCPQueue"
"DEBUG"	5708	"2026-07-16 16:24:28.107"	"Running worker in work queue IOCPQueue"
"DEBUG"	7720	"2026-07-16 16:24:28.107"	"Running worker in work queue IOCPQueue"
"DEBUG"	5060	"2026-07-16 16:24:28.107"	"Executing task IOCPQueueWorkerTask in work queue IOCPQueue"
"DEBUG"	5340	"2026-07-16 16:24:28.107"	"Running worker in work queue IOCPQueue"
"DEBUG"	7116	"2026-07-16 16:24:28.107"	"Running worker in work queue IOCPQueue"
"DEBUG"	2436	"2026-07-16 16:24:28.107"	"Executing task IOCPQueueWorkerTask in work queue IOCPQueue"
"DEBUG"	5288	"2026-07-16 16:24:28.107"	"Adding task IOCPQueueWorkerTask to work queue IOCPQueue"
"DEBUG"	5288	"2026-07-16 16:24:28.123"	"Adding task IOCPQueueWorkerTask to work queue IOCPQueue"
"DEBUG"	5288	"2026-07-16 16:24:28.123"	"Adding task IOCPQueueWorkerTask to work queue IOCPQueue"
"DEBUG"	5288	"2026-07-16 16:24:28.123"	"Adding task IOCPQueueWorkerTask to work queue IOCPQueue"
"DEBUG"	7720	"2026-07-16 16:24:28.123"	"Executing task IOCPQueueWorkerTask in work queue IOCPQueue"
"DEBUG"	7116	"2026-07-16 16:24:28.123"	"Executing task IOCPQueueWorkerTask in work queue IOCPQueue"
"DEBUG"	5288	"2026-07-16 16:24:28.123"	"Adding task IOCPQueueWorkerTask to work queue IOCPQueue"
"DEBUG"	5288	"2026-07-16 16:24:28.123"	"Adding task IOCPQueueWorkerTask to work queue IOCPQueue"
"DEBUG"	5288	"2026-07-16 16:24:28.123"	"Adding task IOCPQueueWorkerTask to work queue IOCPQueue"
"DEBUG"	5288	"2026-07-16 16:24:28.123"	"Adding task IOCPQueueWorkerTask to work queue IOCPQueue"
"DEBUG"	5288	"2026-07-16 16:24:28.123"	"Adding task IOCPQueueWorkerTask to work queue IOCPQueue"
"DEBUG"	5708	"2026-07-16 16:24:28.123"	"Executing task IOCPQueueWorkerTask in work queue IOCPQueue"
"DEBUG"	912	"2026-07-16 16:24:28.123"	"Executing task IOCPQueueWorkerTask in work queue IOCPQueue"
"DEBUG"	5340	"2026-07-16 16:24:28.123"	"Executing task IOCPQueueWorkerTask in work queue IOCPQueue"
"DEBUG"	7608	"2026-07-16 16:24:28.123"	"Executing task IOCPQueueWorkerTask in work queue IOCPQueue"
"DEBUG"	3952	"2026-07-16 16:24:28.123"	"Executing task IOCPQueueWorkerTask in work queue IOCPQueue"
"DEBUG"	7860	"2026-07-16 16:24:28.123"	"Executing task IOCPQueueWorkerTask in work queue IOCPQueue"
"DEBUG"	5700	"2026-07-16 16:24:28.123"	"Executing task IOCPQueueWorkerTask in work queue IOCPQueue"
"DEBUG"	5700	"2026-07-16 16:24:56.853"	"Creating session 5"
"TCPIP"	5700	"2026-07-16 16:24:56.853"	"TCP - 10.0.0.128 connected to 10.0.0.128:143."
"DEBUG"	5700	"2026-07-16 16:24:56.853"	"TCP connection started for session 3"
"IMAPD"	5700	3	"2026-07-16 16:24:56.853"	"10.0.0.128"	"SENT: * OK IMAPrev1"
"IMAPD"	7860	3	"2026-07-16 16:24:56.870"	"10.0.0.128"	"RECEIVED: 46 capability"
"IMAPD"	7860	3	"2026-07-16 16:24:56.870"	"10.0.0.128"	"SENT: * CAPABILITY IMAP4 IMAP4rev1 CHILDREN IDLE QUOTA SORT ACL NAMESPACE RIGHTS=texk[nl]46 OK CAPABILITY completed"
"IMAPD"	7608	3	"2026-07-16 16:24:56.870"	"10.0.0.128"	"RECEIVED: 48 login "a@hi.xyz" ***"
"IMAPD"	7608	3	"2026-07-16 16:24:56.893"	"10.0.0.128"	"SENT: 48 OK LOGIN completed"
"IMAPD"	3952	3	"2026-07-16 16:24:56.909"	"10.0.0.128"	"RECEIVED: 49 capability"
"IMAPD"	3952	3	"2026-07-16 16:24:56.909"	"10.0.0.128"	"SENT: * CAPABILITY IMAP4 IMAP4rev1 CHILDREN IDLE QUOTA SORT ACL NAMESPACE RIGHTS=texk[nl]49 OK CAPABILITY completed"
"IMAPD"	7608	3	"2026-07-16 16:24:56.909"	"10.0.0.128"	"RECEIVED: 50 select "INBOX""
"DEBUG"	7608	"2026-07-16 16:24:56.924"	"Reading messages from database."
"IMAPD"	7608	3	"2026-07-16 16:24:56.924"	"10.0.0.128"	"SENT: * 11 EXISTS[nl]* 11 RECENT[nl]* FLAGS (\Deleted \Seen \Draft \Answered \Flagged)[nl]* OK [UIDVALIDITY 1783903039] current uidvalidity[nl]* OK [UNSEEN 5] unseen messages[nl]* OK [UIDNEXT 14] next uid[nl]* OK [PERMANENTFLAGS (\Deleted \Seen \Draft \Answered \Flagged)] limited[nl]50 OK [READ-WRITE] SELECT completed"
"IMAPD"	7860	3	"2026-07-16 16:24:56.924"	"10.0.0.128"	"RECEIVED: 51 getquotaroot "INBOX""
"IMAPD"	7860	3	"2026-07-16 16:24:56.924"	"10.0.0.128"	"SENT: * QUOTAROOT "INBOX" ""[nl]* QUOTA "" ()[nl]51 OK GETQUOTAROOT completed"
"IMAPD"	7608	3	"2026-07-16 16:24:56.924"	"10.0.0.128"	"RECEIVED: 52 UID fetch 1:* (FLAGS)"
"IMAPD"	7608	3	"2026-07-16 16:24:56.924"	"10.0.0.128"	"SENT: * 1 FETCH (UID 3 FLAGS (\Seen))"
"IMAPD"	7608	3	"2026-07-16 16:24:56.940"	"10.0.0.128"	"SENT: * 2 FETCH (UID 4 FLAGS (\Seen))"
"IMAPD"	7608	3	"2026-07-16 16:24:56.940"	"10.0.0.128"	"SENT: * 3 FETCH (UID 5 FLAGS ())"
"IMAPD"	7608	3	"2026-07-16 16:24:56.940"	"10.0.0.128"	"SENT: * 4 FETCH (UID 6 FLAGS ())"
"IMAPD"	7608	3	"2026-07-16 16:24:56.940"	"10.0.0.128"	"SENT: * 5 FETCH (UID 7 FLAGS ())"
"IMAPD"	7608	3	"2026-07-16 16:24:56.940"	"10.0.0.128"	"SENT: * 6 FETCH (UID 8 FLAGS ())"
"IMAPD"	7608	3	"2026-07-16 16:24:56.940"	"10.0.0.128"	"SENT: * 7 FETCH (UID 9 FLAGS ())"
"IMAPD"	7608	3	"2026-07-16 16:24:56.940"	"10.0.0.128"	"SENT: * 8 FETCH (UID 10 FLAGS ())"
"IMAPD"	7608	3	"2026-07-16 16:24:56.940"	"10.0.0.128"	"SENT: * 9 FETCH (UID 11 FLAGS (\Seen))"
"IMAPD"	7608	3	"2026-07-16 16:24:56.940"	"10.0.0.128"	"SENT: * 10 FETCH (UID 12 FLAGS (\Seen))"
"IMAPD"	7608	3	"2026-07-16 16:24:56.940"	"10.0.0.128"	"SENT: * 11 FETCH (UID 13 FLAGS ())"
"IMAPD"	7608	3	"2026-07-16 16:24:56.940"	"10.0.0.128"	"SENT: 52 OK UID completed"
"IMAPD"	7860	3	"2026-07-16 16:24:56.972"	"10.0.0.128"	"RECEIVED: 53 uid store 13 +Flags (\Seen)"
"IMAPD"	7860	3	"2026-07-16 16:24:56.987"	"10.0.0.128"	"SENT: * 11 FETCH (FLAGS (\Seen) UID 13)"
"IMAPD"	7860	3	"2026-07-16 16:24:56.987"	"10.0.0.128"	"SENT: 53 OK UID completed"
"IMAPD"	5340	3	"2026-07-16 16:24:59.030"	"10.0.0.128"	"RECEIVED: 54 IDLE"
"IMAPD"	5340	3	"2026-07-16 16:24:59.030"	"10.0.0.128"	"SENT: + idling"
"DEBUG"	5700	"2026-07-16 16:25:03.915"	"Creating session 6"
"TCPIP"	5700	"2026-07-16 16:25:03.915"	"TCP - 10.0.0.128 connected to 10.0.0.128:587."
"DEBUG"	5700	"2026-07-16 16:25:03.931"	"TCP connection started for session 4"
"SMTPD"	5700	4	"2026-07-16 16:25:03.931"	"10.0.0.128"	"SENT: 220 WIN-2F1VNVRVM11 ESMTP"
"SMTPD"	7608	4	"2026-07-16 16:25:04.066"	"10.0.0.128"	"RECEIVED: EHLO [10.0.0.128]"
"SMTPD"	7608	4	"2026-07-16 16:25:04.075"	"10.0.0.128"	"SENT: 250-WIN-2F1VNVRVM11[nl]250-SIZE 20480000[nl]250-AUTH LOGIN[nl]250 HELP"
"SMTPD"	5340	4	"2026-07-16 16:25:04.091"	"10.0.0.128"	"RECEIVED: AUTH LOGIN"
"SMTPD"	5340	4	"2026-07-16 16:25:04.091"	"10.0.0.128"	"SENT: 334 VXNlcm5hbWU6"
"SMTPD"	3952	4	"2026-07-16 16:25:04.091"	"10.0.0.128"	"RECEIVED: YkBoaS54eXo="
"SMTPD"	3952	4	"2026-07-16 16:25:04.091"	"10.0.0.128"	"SENT: 334 UGFzc3dvcmQ6"
"SMTPD"	7860	4	"2026-07-16 16:25:04.107"	"10.0.0.128"	"RECEIVED: ***"
"SMTPD"	7860	4	"2026-07-16 16:25:04.107"	"10.0.0.128"	"SENT: 235 authenticated."
"SMTPD"	5340	4	"2026-07-16 16:25:04.107"	"10.0.0.128"	"RECEIVED: MAIL FROM:<a@hi.xyz> SIZE=694"
"SMTPD"	5340	4	"2026-07-16 16:25:04.123"	"10.0.0.128"	"SENT: 250 OK"
"SMTPD"	5700	4	"2026-07-16 16:25:04.123"	"10.0.0.128"	"RECEIVED: RCPT TO:<b@hi.xyz>"
"SMTPD"	5700	4	"2026-07-16 16:25:04.138"	"10.0.0.128"	"SENT: 250 OK"
"SMTPD"	5700	4	"2026-07-16 16:25:04.138"	"10.0.0.128"	"RECEIVED: DATA"
"SMTPD"	5700	4	"2026-07-16 16:25:04.138"	"10.0.0.128"	"SENT: 354 OK, send."
"DEBUG"	3952	"2026-07-16 16:25:04.173"	"Adding task AsynchronousTask to work queue Asynchronous task queue"
"DEBUG"	2276	"2026-07-16 16:25:04.173"	"Executing task AsynchronousTask in work queue Asynchronous task queue"
"DEBUG"	2276	"2026-07-16 16:25:04.173"	"Executing event OnAcceptMessage"
"DEBUG"	2276	"2026-07-16 16:25:04.426"	"Event completed"
"DEBUG"	2276	"2026-07-16 16:25:04.426"	"Saving message: {3EECAC2B-4C32-4149-BA76-AEB095BEF9CB}.eml"
"DEBUG"	2276	"2026-07-16 16:25:04.441"	"Requesting SMTPDeliveryManager to start message delivery"
"SMTPD"	2276	4	"2026-07-16 16:25:04.441"	"10.0.0.128"	"SENT: 250 Queued (0.031 seconds)"
"DEBUG"	7160	"2026-07-16 16:25:04.473"	"Adding task DeliveryTask to work queue SMTP delivery queue"
"DEBUG"	2900	"2026-07-16 16:25:04.572"	"Executing task DeliveryTask in work queue SMTP delivery queue"
"DEBUG"	2900	"2026-07-16 16:25:04.572"	"Delivering message..."
"APPLICATION"	2900	"2026-07-16 16:25:04.572"	"SMTPDeliverer - Message 61: Delivering message from a@hi.xyz to b@hi.xyz. File: C:\Program Files (x86)\hMailServer\Data\{3EECAC2B-4C32-4149-BA76-AEB095BEF9CB}.eml"
"DEBUG"	2900	"2026-07-16 16:25:04.585"	"Applying rules"
"DEBUG"	2900	"2026-07-16 16:25:04.585"	"Applying rule Phishing Filter"
"DEBUG"	2900	"2026-07-16 16:25:04.585"	"Performing rule action"
"DEBUG"	2900	"2026-07-16 16:25:04.585"	"Performing rule action"
"DEBUG"	2900	"2026-07-16 16:25:04.585"	"Performing local delivery"
"DEBUG"	2900	"2026-07-16 16:25:04.601"	"Applying rules"
"DEBUG"	5700	"2026-07-16 16:25:04.696"	"Creating session 7"
"TCPIP"	5700	"2026-07-16 16:25:04.696"	"TCP - 10.0.0.128 connected to 10.0.0.128:143."
"DEBUG"	5700	"2026-07-16 16:25:04.712"	"TCP connection started for session 5"
"IMAPD"	5700	5	"2026-07-16 16:25:04.727"	"10.0.0.128"	"SENT: * OK IMAPrev1"
"DEBUG"	2900	"2026-07-16 16:25:04.727"	"Saving message: {3EECAC2B-4C32-4149-BA76-AEB095BEF9CB}.eml"
"IMAPD"	7860	5	"2026-07-16 16:25:04.743"	"10.0.0.128"	"RECEIVED: 51 capability"
"IMAPD"	7860	5	"2026-07-16 16:25:04.743"	"10.0.0.128"	"SENT: * CAPABILITY IMAP4 IMAP4rev1 CHILDREN IDLE QUOTA SORT ACL NAMESPACE RIGHTS=texk[nl]51 OK CAPABILITY completed"
"DEBUG"	2900	"2026-07-16 16:25:04.759"	"Local delivery completed"
"IMAPD"	5700	5	"2026-07-16 16:25:04.759"	"10.0.0.128"	"RECEIVED: 53 login "a@hi.xyz" ***"
"APPLICATION"	2900	"2026-07-16 16:25:04.759"	"SMTPDeliverer - Message 61: Message delivery thread completed."
"IMAPD"	5700	5	"2026-07-16 16:25:04.771"	"10.0.0.128"	"SENT: 53 OK LOGIN completed"
"IMAPD"	7860	5	"2026-07-16 16:25:04.775"	"10.0.0.128"	"RECEIVED: 54 capability"
"IMAPD"	7860	5	"2026-07-16 16:25:04.775"	"10.0.0.128"	"SENT: * CAPABILITY IMAP4 IMAP4rev1 CHILDREN IDLE QUOTA SORT ACL NAMESPACE RIGHTS=texk[nl]54 OK CAPABILITY completed"
"IMAPD"	7860	5	"2026-07-16 16:25:04.782"	"10.0.0.128"	"RECEIVED: 55 append "Sent" (\Seen) {694}"
"IMAPD"	7860	5	"2026-07-16 16:25:04.782"	"10.0.0.128"	"SENT: + Ready for literal data"
"DEBUG"	3952	"2026-07-16 16:25:04.782"	"Saving message: {C1E786DB-CF48-4D5F-AFC6-1F56E4849658}.eml"
"IMAPD"	3952	5	"2026-07-16 16:25:04.791"	"10.0.0.128"	"SENT: 55 OK APPEND completed"
"DEBUG"	5700	"2026-07-16 16:25:08.329"	"Creating session 8"
"TCPIP"	5700	"2026-07-16 16:25:08.329"	"TCP - 10.0.0.128 connected to 10.0.0.128:143."
"DEBUG"	5700	"2026-07-16 16:25:08.329"	"TCP connection started for session 7"
"IMAPD"	5700	7	"2026-07-16 16:25:08.329"	"10.0.0.128"	"SENT: * OK IMAPrev1"
"IMAPD"	5700	7	"2026-07-16 16:25:08.349"	"10.0.0.128"	"RECEIVED: 75 capability"
"IMAPD"	5700	7	"2026-07-16 16:25:08.349"	"10.0.0.128"	"SENT: * CAPABILITY IMAP4 IMAP4rev1 CHILDREN IDLE QUOTA SORT ACL NAMESPACE RIGHTS=texk[nl]75 OK CAPABILITY completed"
"IMAPD"	3952	7	"2026-07-16 16:25:08.377"	"10.0.0.128"	"RECEIVED: 77 login "b@hi.xyz" ***"
"IMAPD"	3952	7	"2026-07-16 16:25:08.377"	"10.0.0.128"	"SENT: 77 OK LOGIN completed"
"IMAPD"	3952	7	"2026-07-16 16:25:08.392"	"10.0.0.128"	"RECEIVED: 78 capability"
"IMAPD"	3952	7	"2026-07-16 16:25:08.392"	"10.0.0.128"	"SENT: * CAPABILITY IMAP4 IMAP4rev1 CHILDREN IDLE QUOTA SORT ACL NAMESPACE RIGHTS=texk[nl]78 OK CAPABILITY completed"
"IMAPD"	7860	7	"2026-07-16 16:25:08.398"	"10.0.0.128"	"RECEIVED: 79 select "INBOX""
"DEBUG"	7860	"2026-07-16 16:25:08.400"	"Reading messages from database."
"IMAPD"	7860	7	"2026-07-16 16:25:08.400"	"10.0.0.128"	"SENT: * 11 EXISTS[nl]* 11 RECENT[nl]* FLAGS (\Deleted \Seen \Draft \Answered \Flagged)[nl]* OK [UIDVALIDITY 1783903061] current uidvalidity[nl]* OK [UNSEEN 9] unseen messages[nl]* OK [UIDNEXT 16] next uid[nl]* OK [PERMANENTFLAGS (\Deleted \Seen \Draft \Answered \Flagged)] limited[nl]79 OK [READ-WRITE] SELECT completed"
"IMAPD"	912	7	"2026-07-16 16:25:08.400"	"10.0.0.128"	"RECEIVED: 80 getquotaroot "INBOX""
"IMAPD"	912	7	"2026-07-16 16:25:08.409"	"10.0.0.128"	"SENT: * QUOTAROOT "INBOX" ""[nl]* QUOTA "" ()[nl]80 OK GETQUOTAROOT completed"
"IMAPD"	7608	7	"2026-07-16 16:25:08.409"	"10.0.0.128"	"RECEIVED: 81 UID fetch 1:* (FLAGS)"
"IMAPD"	7608	7	"2026-07-16 16:25:08.409"	"10.0.0.128"	"SENT: * 1 FETCH (UID 5 FLAGS (\Seen))"
"IMAPD"	7608	7	"2026-07-16 16:25:08.409"	"10.0.0.128"	"SENT: * 2 FETCH (UID 6 FLAGS (\Seen))"
"IMAPD"	7608	7	"2026-07-16 16:25:08.409"	"10.0.0.128"	"SENT: * 3 FETCH (UID 7 FLAGS (\Seen))"
"IMAPD"	7608	7	"2026-07-16 16:25:08.409"	"10.0.0.128"	"SENT: * 4 FETCH (UID 8 FLAGS (\Seen))"
"IMAPD"	7608	7	"2026-07-16 16:25:08.409"	"10.0.0.128"	"SENT: * 5 FETCH (UID 9 FLAGS ())"
"IMAPD"	7608	7	"2026-07-16 16:25:08.409"	"10.0.0.128"	"SENT: * 6 FETCH (UID 10 FLAGS (\Seen))"
"IMAPD"	7608	7	"2026-07-16 16:25:08.409"	"10.0.0.128"	"SENT: * 7 FETCH (UID 11 FLAGS (\Seen))"
"IMAPD"	7608	7	"2026-07-16 16:25:08.409"	"10.0.0.128"	"SENT: * 8 FETCH (UID 12 FLAGS (\Seen))"
"IMAPD"	7608	7	"2026-07-16 16:25:08.409"	"10.0.0.128"	"SENT: * 9 FETCH (UID 13 FLAGS (\Seen))"
"IMAPD"	7608	7	"2026-07-16 16:25:08.409"	"10.0.0.128"	"SENT: * 10 FETCH (UID 14 FLAGS ())"
"IMAPD"	7608	7	"2026-07-16 16:25:08.409"	"10.0.0.128"	"SENT: * 11 FETCH (UID 15 FLAGS ())"
"IMAPD"	7608	7	"2026-07-16 16:25:08.409"	"10.0.0.128"	"SENT: 81 OK UID completed"
"IMAPD"	7116	7	"2026-07-16 16:25:08.425"	"10.0.0.128"	"RECEIVED: 82 UID fetch 15 (UID RFC822.SIZE FLAGS BODY.PEEK[HEADER.FIELDS (From To Cc Bcc Subject Date Message-ID Priority X-Priority References Newsgroups In-Reply-To Content-Type Reply-To Received)])"
"IMAPD"	7116	7	"2026-07-16 16:25:08.451"	"10.0.0.128"	"SENT: * 11 FETCH (UID 15 RFC822.SIZE 856 FLAGS () BODY[HEADER.FIELDS (From To Cc Bcc Subject Date Message-ID Priority X-Priority References Newsgroups In-Reply-To Content-Type Reply-To Received)] {348}"
"IMAPD"	7116	7	"2026-07-16 16:25:08.451"	"10.0.0.128"	"SENT: )"
"IMAPD"	7116	7	"2026-07-16 16:25:08.451"	"10.0.0.128"	"SENT: 82 OK UID completed"
"IMAPD"	7860	7	"2026-07-16 16:25:08.601"	"10.0.0.128"	"RECEIVED: 83 UID fetch 15 (UID RFC822.SIZE BODY.PEEK[])"
"IMAPD"	7860	7	"2026-07-16 16:25:08.615"	"10.0.0.128"	"SENT: * 11 FETCH (UID 15 RFC822.SIZE 856 BODY[] {879}"
"IMAPD"	7860	7	"2026-07-16 16:25:08.615"	"10.0.0.128"	"SENT: )"
"IMAPD"	7860	7	"2026-07-16 16:25:08.618"	"10.0.0.128"	"SENT: 83 OK UID completed"
"SMTPD"	5708	4	"2026-07-16 16:25:09.661"	"10.0.0.128"	"RECEIVED: QUIT"
"SMTPD"	5708	4	"2026-07-16 16:25:09.661"	"10.0.0.128"	"SENT: 221 goodbye"
"DEBUG"	7116	"2026-07-16 16:25:09.661"	"Ending session 4"
"IMAPD"	7608	7	"2026-07-16 16:25:10.715"	"10.0.0.128"	"RECEIVED: 84 IDLE"
"IMAPD"	7608	7	"2026-07-16 16:25:10.720"	"10.0.0.128"	"SENT: + idling"
"DEBUG"	5700	"2026-07-16 16:26:20.689"	"Creating session 9"
"TCPIP"	5700	"2026-07-16 16:26:20.689"	"TCP - 10.0.0.128 connected to 10.0.0.128:587."
"DEBUG"	5700	"2026-07-16 16:26:20.689"	"TCP connection started for session 6"
"SMTPD"	5700	6	"2026-07-16 16:26:20.689"	"10.0.0.128"	"SENT: 220 WIN-2F1VNVRVM11 ESMTP"
"SMTPD"	5340	6	"2026-07-16 16:26:20.851"	"10.0.0.128"	"RECEIVED: EHLO [10.0.0.128]"
"SMTPD"	5340	6	"2026-07-16 16:26:20.851"	"10.0.0.128"	"SENT: 250-WIN-2F1VNVRVM11[nl]250-SIZE 20480000[nl]250-AUTH LOGIN[nl]250 HELP"
"SMTPD"	7116	6	"2026-07-16 16:26:20.851"	"10.0.0.128"	"RECEIVED: AUTH LOGIN"
"SMTPD"	7116	6	"2026-07-16 16:26:20.851"	"10.0.0.128"	"SENT: 334 VXNlcm5hbWU6"
"SMTPD"	5708	6	"2026-07-16 16:26:20.867"	"10.0.0.128"	"RECEIVED: YkBoaS54eXo="
"SMTPD"	5708	6	"2026-07-16 16:26:20.867"	"10.0.0.128"	"SENT: 334 UGFzc3dvcmQ6"
"SMTPD"	5700	6	"2026-07-16 16:26:20.913"	"10.0.0.128"	"RECEIVED: ***"
"SMTPD"	5700	6	"2026-07-16 16:26:20.929"	"10.0.0.128"	"SENT: 235 authenticated."
"SMTPD"	5708	6	"2026-07-16 16:26:20.935"	"10.0.0.128"	"RECEIVED: MAIL FROM:<b@hi.xyz> SIZE=318"
"SMTPD"	5708	6	"2026-07-16 16:26:20.945"	"10.0.0.128"	"SENT: 250 OK"
"SMTPD"	7116	6	"2026-07-16 16:26:20.978"	"10.0.0.128"	"RECEIVED: RCPT TO:<a@hi.xyz>"
"SMTPD"	7116	6	"2026-07-16 16:26:20.978"	"10.0.0.128"	"SENT: 250 OK"
"SMTPD"	5700	6	"2026-07-16 16:26:20.978"	"10.0.0.128"	"RECEIVED: DATA"
"SMTPD"	5700	6	"2026-07-16 16:26:20.993"	"10.0.0.128"	"SENT: 354 OK, send."
"DEBUG"	7116	"2026-07-16 16:26:21.009"	"Adding task AsynchronousTask to work queue Asynchronous task queue"
"DEBUG"	2276	"2026-07-16 16:26:21.009"	"Executing task AsynchronousTask in work queue Asynchronous task queue"
"DEBUG"	2276	"2026-07-16 16:26:21.009"	"Executing event OnAcceptMessage"
"DEBUG"	2276	"2026-07-16 16:26:21.295"	"Event completed"
"DEBUG"	2276	"2026-07-16 16:26:21.299"	"Saving message: {8F22CBE1-AE08-4EE2-944D-C069CD572EF5}.eml"
"DEBUG"	2276	"2026-07-16 16:26:21.315"	"Requesting SMTPDeliveryManager to start message delivery"
"SMTPD"	2276	6	"2026-07-16 16:26:21.320"	"10.0.0.128"	"SENT: 250 Queued (0.016 seconds)"
"DEBUG"	7160	"2026-07-16 16:26:21.320"	"Adding task DeliveryTask to work queue SMTP delivery queue"
"DEBUG"	2900	"2026-07-16 16:26:21.347"	"Executing task DeliveryTask in work queue SMTP delivery queue"
"DEBUG"	2900	"2026-07-16 16:26:21.379"	"Delivering message..."
"APPLICATION"	2900	"2026-07-16 16:26:21.379"	"SMTPDeliverer - Message 63: Delivering message from b@hi.xyz to a@hi.xyz. File: C:\Program Files (x86)\hMailServer\Data\{8F22CBE1-AE08-4EE2-944D-C069CD572EF5}.eml"
"DEBUG"	2900	"2026-07-16 16:26:21.379"	"Applying rules"
"DEBUG"	2900	"2026-07-16 16:26:21.379"	"Applying rule Phishing Filter"
"DEBUG"	2900	"2026-07-16 16:26:21.379"	"Performing local delivery"
"DEBUG"	2900	"2026-07-16 16:26:21.379"	"Applying rules"
"DEBUG"	2900	"2026-07-16 16:26:21.404"	"Saving message: {8F22CBE1-AE08-4EE2-944D-C069CD572EF5}.eml"
"DEBUG"	2900	"2026-07-16 16:26:21.427"	"Reading messages from database."
"IMAPD"	2900	3	"2026-07-16 16:26:21.438"	"10.0.0.128"	"SENT: * 12 EXISTS"
"IMAPD"	2900	3	"2026-07-16 16:26:21.438"	"10.0.0.128"	"SENT: * 12 RECENT"
"DEBUG"	2900	"2026-07-16 16:26:21.448"	"Local delivery completed"
"APPLICATION"	2900	"2026-07-16 16:26:21.448"	"SMTPDeliverer - Message 63: Message delivery thread completed."
"IMAPD"	7116	3	"2026-07-16 16:26:21.508"	"10.0.0.128"	"RECEIVED: DONE"
"IMAPD"	7116	3	"2026-07-16 16:26:21.508"	"10.0.0.128"	"SENT: 54 OK IDLE terminated"
"DEBUG"	5700	"2026-07-16 16:26:21.573"	"Creating session 10"
"TCPIP"	5700	"2026-07-16 16:26:21.573"	"TCP - 10.0.0.128 connected to 10.0.0.128:143."
"IMAPD"	5708	3	"2026-07-16 16:26:21.573"	"10.0.0.128"	"RECEIVED: 55 noop"
"IMAPD"	5708	3	"2026-07-16 16:26:21.573"	"10.0.0.128"	"SENT: 55 OK NOOP completed"
"DEBUG"	5700	"2026-07-16 16:26:21.573"	"TCP connection started for session 8"
"IMAPD"	5708	3	"2026-07-16 16:26:21.573"	"10.0.0.128"	"RECEIVED: 56 getquotaroot "INBOX""
"IMAPD"	5708	3	"2026-07-16 16:26:21.573"	"10.0.0.128"	"SENT: * QUOTAROOT "INBOX" ""[nl]* QUOTA "" ()[nl]56 OK GETQUOTAROOT completed"
"IMAPD"	5700	8	"2026-07-16 16:26:21.573"	"10.0.0.128"	"SENT: * OK IMAPrev1"
"IMAPD"	5700	3	"2026-07-16 16:26:21.588"	"10.0.0.128"	"RECEIVED: 57 UID fetch 14:* (FLAGS)"
"IMAPD"	5700	3	"2026-07-16 16:26:21.588"	"10.0.0.128"	"SENT: * 12 FETCH (UID 14 FLAGS ())"
"IMAPD"	5700	3	"2026-07-16 16:26:21.588"	"10.0.0.128"	"SENT: 57 OK UID completed"
"IMAPD"	912	8	"2026-07-16 16:26:21.606"	"10.0.0.128"	"RECEIVED: 20 capability"
"IMAPD"	912	8	"2026-07-16 16:26:21.606"	"10.0.0.128"	"SENT: * CAPABILITY IMAP4 IMAP4rev1 CHILDREN IDLE QUOTA SORT ACL NAMESPACE RIGHTS=texk[nl]20 OK CAPABILITY completed"
"IMAPD"	7608	3	"2026-07-16 16:26:21.606"	"10.0.0.128"	"RECEIVED: 58 UID fetch 14 (UID RFC822.SIZE FLAGS BODY.PEEK[HEADER.FIELDS (From To Cc Bcc Subject Date Message-ID Priority X-Priority References Newsgroups In-Reply-To Content-Type Reply-To Received)])"
"IMAPD"	912	8	"2026-07-16 16:26:21.606"	"10.0.0.128"	"RECEIVED: 22 login "b@hi.xyz" ***"
"IMAPD"	912	8	"2026-07-16 16:26:21.622"	"10.0.0.128"	"SENT: 22 OK LOGIN completed"
"IMAPD"	912	8	"2026-07-16 16:26:21.640"	"10.0.0.128"	"RECEIVED: 23 capability"
"IMAPD"	912	8	"2026-07-16 16:26:21.652"	"10.0.0.128"	"SENT: * CAPABILITY IMAP4 IMAP4rev1 CHILDREN IDLE QUOTA SORT ACL NAMESPACE RIGHTS=texk[nl]23 OK CAPABILITY completed"
"IMAPD"	7608	3	"2026-07-16 16:26:21.652"	"10.0.0.128"	"SENT: * 12 FETCH (UID 14 RFC822.SIZE 447 FLAGS () BODY[HEADER.FIELDS (From To Cc Bcc Subject Date Message-ID Priority X-Priority References Newsgroups In-Reply-To Content-Type Reply-To Received)] {330}"
"IMAPD"	7608	3	"2026-07-16 16:26:21.652"	"10.0.0.128"	"SENT: )"
"IMAPD"	7608	3	"2026-07-16 16:26:21.652"	"10.0.0.128"	"SENT: 58 OK UID completed"
"IMAPD"	7720	8	"2026-07-16 16:26:21.669"	"10.0.0.128"	"RECEIVED: 24 append "Sent" (\Seen) {318}"
"IMAPD"	7720	8	"2026-07-16 16:26:21.669"	"10.0.0.128"	"SENT: + Ready for literal data"
"DEBUG"	7608	"2026-07-16 16:26:21.781"	"Saving message: {E90B1F9F-4D4F-4542-909A-381D0C3F7072}.eml"
"IMAPD"	7608	8	"2026-07-16 16:26:21.781"	"10.0.0.128"	"SENT: 24 OK APPEND completed"
"IMAPD"	3952	3	"2026-07-16 16:26:21.817"	"10.0.0.128"	"RECEIVED: 59 UID fetch 14 (UID RFC822.SIZE BODY.PEEK[])"
"IMAPD"	3952	3	"2026-07-16 16:26:21.817"	"10.0.0.128"	"SENT: * 12 FETCH (UID 14 RFC822.SIZE 447 BODY[] {470}"
"IMAPD"	3952	3	"2026-07-16 16:26:21.829"	"10.0.0.128"	"SENT: )"
"IMAPD"	3952	3	"2026-07-16 16:26:21.829"	"10.0.0.128"	"SENT: 59 OK UID completed"
"IMAPD"	7116	3	"2026-07-16 16:26:22.093"	"10.0.0.128"	"RECEIVED: 60 UID fetch 14 (UID BODY.PEEK[HEADER.FIELDS (Content-Type Content-Transfer-Encoding)] BODY.PEEK[TEXT]<0.2048>)"
"IMAPD"	7116	3	"2026-07-16 16:26:22.093"	"10.0.0.128"	"SENT: * 12 FETCH (UID 14 BODY[HEADER.FIELDS (Content-Type Content-Transfer-Encoding)] {91}"
"IMAPD"	7116	3	"2026-07-16 16:26:22.093"	"10.0.0.128"	"SENT:  BODY[TEXT]<0> {6}"
"IMAPD"	7116	3	"2026-07-16 16:26:22.093"	"10.0.0.128"	"SENT: )"
"IMAPD"	7116	3	"2026-07-16 16:26:22.102"	"10.0.0.128"	"SENT: 60 OK UID completed"
"IMAPD"	5340	3	"2026-07-16 16:26:24.131"	"10.0.0.128"	"RECEIVED: 61 IDLE"
"IMAPD"	5340	3	"2026-07-16 16:26:24.131"	"10.0.0.128"	"SENT: + idling"
"SMTPD"	7860	6	"2026-07-16 16:26:26.338"	"10.0.0.128"	"RECEIVED: QUIT"
"SMTPD"	7860	6	"2026-07-16 16:26:26.338"	"10.0.0.128"	"SENT: 221 goodbye"
"DEBUG"	5708	"2026-07-16 16:26:26.354"	"Ending session 6"
"DEBUG"	3892	"2026-07-16 16:27:54.383"	"Received stop-request from Windows."
"APPLICATION"	3892	"2026-07-16 16:27:54.383"	"Stopping servers..."
"DEBUG"	3892	"2026-07-16 16:27:54.383"	"Application::StopServers() - Removing server work queue"
"DEBUG"	3892	"2026-07-16 16:27:54.383"	"WorkQueueManager::RemoveQueue - Server queue"
"DEBUG"	3892	"2026-07-16 16:27:54.383"	"Stopping working queue Server queue."
"DEBUG"	3892	"2026-07-16 16:27:54.383"	"Interupt and join threads in working queue Server queue"
"DEBUG"	7324	"2026-07-16 16:27:54.383"	"Worker exited in work queue Server queue"
"DEBUG"	7160	"2026-07-16 16:27:54.383"	"Worker exited in work queue Server queue"
"DEBUG"	5288	"2026-07-16 16:27:54.383"	"IOService::Stop()"
"DEBUG"	5708	"2026-07-16 16:27:54.383"	"TCP - AcceptEx failed. Error code: 995, Message: 스레드 종료 또는 응용 프로그램 요청 때문에 I/O 작업이 취소되었습니다"
"DEBUG"	5708	"2026-07-16 16:27:54.383"	"Ending session 1"
"DEBUG"	7860	"2026-07-16 16:27:54.383"	"TCP - AcceptEx failed. Error code: 995, Message: 스레드 종료 또는 응용 프로그램 요청 때문에 I/O 작업이 취소되었습니다"
"DEBUG"	7860	"2026-07-16 16:27:54.383"	"Ending session 2"
"DEBUG"	2436	"2026-07-16 16:27:54.383"	"TCP - AcceptEx failed. Error code: 995, Message: 스레드 종료 또는 응용 프로그램 요청 때문에 I/O 작업이 취소되었습니다"
"DEBUG"	2436	"2026-07-16 16:27:54.383"	"Ending session 9"
"DEBUG"	5288	"2026-07-16 16:27:54.383"	"IOService::DoWork() - removing Queue IOCP Queue"
"DEBUG"	5288	"2026-07-16 16:27:54.383"	"WorkQueueManager::RemoveQueue - IOCPQueue"
"DEBUG"	7116	"2026-07-16 16:27:54.383"	"TCP - AcceptEx failed. Error code: 995, Message: 스레드 종료 또는 응용 프로그램 요청 때문에 I/O 작업이 취소되었습니다"
"DEBUG"	7116	"2026-07-16 16:27:54.383"	"Ending session 10"
"DEBUG"	5288	"2026-07-16 16:27:54.383"	"Stopping working queue IOCPQueue."
"DEBUG"	5288	"2026-07-16 16:27:54.383"	"Interupt and join threads in working queue IOCPQueue"
"DEBUG"	2392	"2026-07-16 16:27:54.383"	"Worker exited in work queue Server queue"
"DEBUG"	3892	"2026-07-16 16:27:54.400"	"Still 1 remaining threads in queue Server queue. First task: IOService"
"DEBUG"	5700	"2026-07-16 16:27:54.400"	"Worker exited in work queue IOCPQueue"
"DEBUG"	912	"2026-07-16 16:27:54.400"	"Worker exited in work queue IOCPQueue"
"DEBUG"	7116	"2026-07-16 16:27:54.400"	"Worker exited in work queue IOCPQueue"
"DEBUG"	5060	"2026-07-16 16:27:54.400"	"Worker exited in work queue IOCPQueue"
"DEBUG"	7720	"2026-07-16 16:27:54.400"	"Worker exited in work queue IOCPQueue"
"DEBUG"	5252	"2026-07-16 16:27:54.400"	"Worker exited in work queue IOCPQueue"
"DEBUG"	7504	"2026-07-16 16:27:54.400"	"Worker exited in work queue IOCPQueue"
"DEBUG"	5776	"2026-07-16 16:27:54.400"	"Worker exited in work queue IOCPQueue"
"DEBUG"	7820	"2026-07-16 16:27:54.400"	"Worker exited in work queue IOCPQueue"
"DEBUG"	7608	"2026-07-16 16:27:54.400"	"Worker exited in work queue IOCPQueue"
"DEBUG"	3952	"2026-07-16 16:27:54.400"	"Worker exited in work queue IOCPQueue"
"DEBUG"	2436	"2026-07-16 16:27:54.400"	"Worker exited in work queue IOCPQueue"
"DEBUG"	5708	"2026-07-16 16:27:54.400"	"Worker exited in work queue IOCPQueue"
"DEBUG"	7860	"2026-07-16 16:27:54.400"	"Worker exited in work queue IOCPQueue"
"DEBUG"	5340	"2026-07-16 16:27:54.400"	"Worker exited in work queue IOCPQueue"
"DEBUG"	5288	"2026-07-16 16:27:54.400"	"All threads are joined in queue IOCPQueue."
"DEBUG"	5288	"2026-07-16 16:27:54.400"	"WorkQueueManager::RemoveQueue - Stopped IOCPQueue"
"DEBUG"	5288	"2026-07-16 16:27:54.400"	"WorkQueueManager::RemoveQueue - Erased IOCPQueue"
"DEBUG"	5288	"2026-07-16 16:27:54.400"	"IOService::Stop() - Complete"
"DEBUG"	5288	"2026-07-16 16:27:54.400"	"Destructing work queue IOCPQueue"
"DEBUG"	5288	"2026-07-16 16:27:54.653"	"Worker exited in work queue Server queue"
"DEBUG"	3892	"2026-07-16 16:27:54.653"	"All threads are joined in queue Server queue."
"DEBUG"	3892	"2026-07-16 16:27:54.653"	"WorkQueueManager::RemoveQueue - Stopped Server queue"
"DEBUG"	3892	"2026-07-16 16:27:54.653"	"WorkQueueManager::RemoveQueue - Erased Server queue"
"DEBUG"	3892	"2026-07-16 16:27:54.653"	"Destructing work queue Server queue"
"DEBUG"	3892	"2026-07-16 16:27:54.653"	"Application::StopServers() - Clearing caches"
"DEBUG"	3892	"2026-07-16 16:27:54.653"	"Application::StopServers() - Destructing IOCP"
"DEBUG"	3892	"2026-07-16 16:27:54.653"	"IOService::~IOService - Destructing"
"DEBUG"	3892	"2026-07-16 16:27:54.653"	"TCPServer::~TCPServer"
"DEBUG"	3892	"2026-07-16 16:27:54.653"	"TCPServer::~TCPServer"
"DEBUG"	3892	"2026-07-16 16:27:54.653"	"TCPServer::~TCPServer"
"DEBUG"	3892	"2026-07-16 16:27:54.653"	"TCPServer::~TCPServer"
"DEBUG"	3892	"2026-07-16 16:27:54.653"	"Ending session 8"
"DEBUG"	3892	"2026-07-16 16:27:54.653"	"Ending session 7"
"DEBUG"	3892	"2026-07-16 16:27:54.653"	"Ending session 5"
"DEBUG"	3892	"2026-07-16 16:27:54.653"	"Ending session 3"
"DEBUG"	3892	"2026-07-16 16:27:54.653"	"Application::StopServers() - Destructing DeliveryManager"
"DEBUG"	3892	"2026-07-16 16:27:54.653"	"WorkQueueManager::RemoveQueue - SMTP delivery queue"
"DEBUG"	3892	"2026-07-16 16:27:54.653"	"Stopping working queue SMTP delivery queue."
"DEBUG"	3892	"2026-07-16 16:27:54.653"	"Interupt and join threads in working queue SMTP delivery queue"
"DEBUG"	2900	"2026-07-16 16:27:54.653"	"Worker exited in work queue SMTP delivery queue"
"DEBUG"	4072	"2026-07-16 16:27:54.653"	"Worker exited in work queue SMTP delivery queue"
"DEBUG"	7952	"2026-07-16 16:27:54.668"	"Worker exited in work queue SMTP delivery queue"
"DEBUG"	7188	"2026-07-16 16:27:54.668"	"Worker exited in work queue SMTP delivery queue"
"DEBUG"	380	"2026-07-16 16:27:54.668"	"Worker exited in work queue SMTP delivery queue"
"DEBUG"	1072	"2026-07-16 16:27:54.668"	"Worker exited in work queue SMTP delivery queue"
"DEBUG"	1932	"2026-07-16 16:27:54.668"	"Worker exited in work queue SMTP delivery queue"
"DEBUG"	6192	"2026-07-16 16:27:54.668"	"Worker exited in work queue SMTP delivery queue"
"DEBUG"	6332	"2026-07-16 16:27:54.668"	"Worker exited in work queue SMTP delivery queue"
"DEBUG"	3608	"2026-07-16 16:27:54.668"	"Worker exited in work queue SMTP delivery queue"
"DEBUG"	3892	"2026-07-16 16:27:54.676"	"Still 1 remaining threads in queue SMTP delivery queue. First task: <Unknown>"
"DEBUG"	3892	"2026-07-16 16:27:54.938"	"All threads are joined in queue SMTP delivery queue."
"DEBUG"	3892	"2026-07-16 16:27:54.938"	"WorkQueueManager::RemoveQueue - Stopped SMTP delivery queue"
"DEBUG"	3892	"2026-07-16 16:27:54.938"	"WorkQueueManager::RemoveQueue - Erased SMTP delivery queue"
"DEBUG"	3892	"2026-07-16 16:27:54.938"	"Destructing work queue SMTP delivery queue"
"DEBUG"	3892	"2026-07-16 16:27:54.938"	"Application::StopServers() - Destructing FetchManager"
"DEBUG"	3892	"2026-07-16 16:27:54.938"	"ExternalFetchManager::~ExternalFetchManager"
"DEBUG"	3892	"2026-07-16 16:27:54.938"	"WorkQueueManager::RemoveQueue - External fetch queue"
"DEBUG"	3892	"2026-07-16 16:27:54.938"	"Stopping working queue External fetch queue."
"DEBUG"	3892	"2026-07-16 16:27:54.938"	"Interupt and join threads in working queue External fetch queue"
"DEBUG"	2268	"2026-07-16 16:27:54.938"	"Worker exited in work queue External fetch queue"
"DEBUG"	2248	"2026-07-16 16:27:54.938"	"Worker exited in work queue External fetch queue"
"DEBUG"	6788	"2026-07-16 16:27:54.938"	"Worker exited in work queue External fetch queue"
"DEBUG"	7604	"2026-07-16 16:27:54.938"	"Worker exited in work queue External fetch queue"
"DEBUG"	5044	"2026-07-16 16:27:54.938"	"Worker exited in work queue External fetch queue"
"DEBUG"	4812	"2026-07-16 16:27:54.938"	"Worker exited in work queue External fetch queue"
"DEBUG"	6984	"2026-07-16 16:27:54.938"	"Worker exited in work queue External fetch queue"
"DEBUG"	2780	"2026-07-16 16:27:54.938"	"Worker exited in work queue External fetch queue"
"DEBUG"	1948	"2026-07-16 16:27:54.938"	"Worker exited in work queue External fetch queue"
"DEBUG"	1708	"2026-07-16 16:27:54.938"	"Worker exited in work queue External fetch queue"
"DEBUG"	5936	"2026-07-16 16:27:54.954"	"Worker exited in work queue External fetch queue"
"DEBUG"	4500	"2026-07-16 16:27:54.954"	"Worker exited in work queue External fetch queue"
"DEBUG"	8064	"2026-07-16 16:27:54.954"	"Worker exited in work queue External fetch queue"
"DEBUG"	876	"2026-07-16 16:27:54.954"	"Worker exited in work queue External fetch queue"
"DEBUG"	4976	"2026-07-16 16:27:54.954"	"Worker exited in work queue External fetch queue"
"DEBUG"	3892	"2026-07-16 16:27:54.954"	"Still 1 remaining threads in queue External fetch queue. First task: <Unknown>"
"DEBUG"	3892	"2026-07-16 16:27:55.225"	"All threads are joined in queue External fetch queue."
"DEBUG"	3892	"2026-07-16 16:27:55.225"	"WorkQueueManager::RemoveQueue - Stopped External fetch queue"
"DEBUG"	3892	"2026-07-16 16:27:55.225"	"WorkQueueManager::RemoveQueue - Erased External fetch queue"
"DEBUG"	3892	"2026-07-16 16:27:55.225"	"Destructing work queue External fetch queue"
"DEBUG"	3892	"2026-07-16 16:27:55.225"	"ExternalFetchManager::~ExternalFetchManager - Removed queue"
"DEBUG"	3892	"2026-07-16 16:27:55.225"	"Application::StopServers() - Destructing Scheduler"
"DEBUG"	3892	"2026-07-16 16:27:55.225"	"Application::StopServers() - Destructing Rest"
"APPLICATION"	3892	"2026-07-16 16:27:55.225"	"Servers stopped."
"DEBUG"	3892	"2026-07-16 16:27:55.225"	"WorkQueueManager::RemoveQueue - Maintenance queue"
"DEBUG"	3892	"2026-07-16 16:27:55.225"	"Stopping working queue Maintenance queue."
"DEBUG"	3892	"2026-07-16 16:27:55.225"	"Interupt and join threads in working queue Maintenance queue"
"DEBUG"	4236	"2026-07-16 16:27:55.225"	"Worker exited in work queue Maintenance queue"
"DEBUG"	4036	"2026-07-16 16:27:55.225"	"Worker exited in work queue Maintenance queue"
"DEBUG"	4508	"2026-07-16 16:27:55.225"	"Worker exited in work queue Maintenance queue"
"DEBUG"	4420	"2026-07-16 16:27:55.225"	"Worker exited in work queue Maintenance queue"
"DEBUG"	3732	"2026-07-16 16:27:55.225"	"Worker exited in work queue Maintenance queue"
"DEBUG"	3892	"2026-07-16 16:27:55.225"	"All threads are joined in queue Maintenance queue."
"DEBUG"	3892	"2026-07-16 16:27:55.225"	"WorkQueueManager::RemoveQueue - Stopped Maintenance queue"
"DEBUG"	3892	"2026-07-16 16:27:55.225"	"WorkQueueManager::RemoveQueue - Erased Maintenance queue"
"DEBUG"	3892	"2026-07-16 16:27:55.225"	"Destructing work queue Maintenance queue"
"DEBUG"	3892	"2026-07-16 16:27:55.225"	"WorkQueueManager::RemoveQueue - Asynchronous task queue"
"DEBUG"	3892	"2026-07-16 16:27:55.225"	"Stopping working queue Asynchronous task queue."
"DEBUG"	3892	"2026-07-16 16:27:55.225"	"Interupt and join threads in working queue Asynchronous task queue"
"DEBUG"	2276	"2026-07-16 16:27:55.225"	"Worker exited in work queue Asynchronous task queue"
"DEBUG"	460	"2026-07-16 16:27:55.225"	"Worker exited in work queue Asynchronous task queue"
"DEBUG"	3928	"2026-07-16 16:27:55.225"	"Worker exited in work queue Asynchronous task queue"
"DEBUG"	1484	"2026-07-16 16:27:55.241"	"Worker exited in work queue Asynchronous task queue"
"DEBUG"	1040	"2026-07-16 16:27:55.241"	"Worker exited in work queue Asynchronous task queue"
"DEBUG"	2760	"2026-07-16 16:27:55.241"	"Worker exited in work queue Asynchronous task queue"
"DEBUG"	3760	"2026-07-16 16:27:55.241"	"Worker exited in work queue Asynchronous task queue"
"DEBUG"	6264	"2026-07-16 16:27:55.241"	"Worker exited in work queue Asynchronous task queue"
"DEBUG"	3788	"2026-07-16 16:27:55.241"	"Worker exited in work queue Asynchronous task queue"
"DEBUG"	7156	"2026-07-16 16:27:55.241"	"Worker exited in work queue Asynchronous task queue"
"DEBUG"	7420	"2026-07-16 16:27:55.241"	"Worker exited in work queue Asynchronous task queue"
"DEBUG"	6940	"2026-07-16 16:27:55.241"	"Worker exited in work queue Asynchronous task queue"
"DEBUG"	4844	"2026-07-16 16:27:55.241"	"Worker exited in work queue Asynchronous task queue"
"DEBUG"	7176	"2026-07-16 16:27:55.241"	"Worker exited in work queue Asynchronous task queue"
"DEBUG"	2936	"2026-07-16 16:27:55.241"	"Worker exited in work queue Asynchronous task queue"
"DEBUG"	3892	"2026-07-16 16:27:55.241"	"Still 1 remaining threads in queue Asynchronous task queue. First task: <Unknown>"
"DEBUG"	3892	"2026-07-16 16:27:55.511"	"All threads are joined in queue Asynchronous task queue."
"DEBUG"	3892	"2026-07-16 16:27:55.511"	"WorkQueueManager::RemoveQueue - Stopped Asynchronous task queue"
"DEBUG"	3892	"2026-07-16 16:27:55.511"	"WorkQueueManager::RemoveQueue - Erased Asynchronous task queue"
"DEBUG"	3892	"2026-07-16 16:27:55.511"	"Destructing work queue Asynchronous task queue"
"DEBUG"	3892	"2026-07-16 16:27:55.511"	"Application::ExitInstance - Closing database connection..."
"DEBUG"	3892	"2026-07-16 16:27:55.511"	"Application::ExitInstance - Deleting caches..."
"DEBUG"	452	"2026-07-16 16:27:57.191"	"Application::InitInstance - Configuration loaded."
"DEBUG"	452	"2026-07-16 16:27:57.194"	"Creating work queue Asynchronous task queue"
"DEBUG"	452	"2026-07-16 16:27:57.194"	"Starting work queue Asynchronous task queue"
"DEBUG"	452	"2026-07-16 16:27:57.194"	"Started work queue Asynchronous task queue"
"DEBUG"	1992	"2026-07-16 16:27:57.194"	"Running worker in work queue Asynchronous task queue"
"DEBUG"	7392	"2026-07-16 16:27:57.194"	"Running worker in work queue Asynchronous task queue"
"DEBUG"	208	"2026-07-16 16:27:57.194"	"Running worker in work queue Asynchronous task queue"
"DEBUG"	4332	"2026-07-16 16:27:57.194"	"Running worker in work queue Asynchronous task queue"
"DEBUG"	8140	"2026-07-16 16:27:57.194"	"Running worker in work queue Asynchronous task queue"
"DEBUG"	6856	"2026-07-16 16:27:57.194"	"Running worker in work queue Asynchronous task queue"
"DEBUG"	1088	"2026-07-16 16:27:57.194"	"Running worker in work queue Asynchronous task queue"
"DEBUG"	5728	"2026-07-16 16:27:57.194"	"Running worker in work queue Asynchronous task queue"
"DEBUG"	2820	"2026-07-16 16:27:57.194"	"Running worker in work queue Asynchronous task queue"
"DEBUG"	3052	"2026-07-16 16:27:57.194"	"Running worker in work queue Asynchronous task queue"
"DEBUG"	4336	"2026-07-16 16:27:57.194"	"Running worker in work queue Asynchronous task queue"
"DEBUG"	8052	"2026-07-16 16:27:57.194"	"Running worker in work queue Asynchronous task queue"
"DEBUG"	7268	"2026-07-16 16:27:57.194"	"Running worker in work queue Asynchronous task queue"
"DEBUG"	4660	"2026-07-16 16:27:57.194"	"Running worker in work queue Asynchronous task queue"
"DEBUG"	5532	"2026-07-16 16:27:57.194"	"Running worker in work queue Asynchronous task queue"
"APPLICATION"	452	"2026-07-16 16:27:57.194"	"Starting servers..."
"DEBUG"	452	"2026-07-16 16:27:57.210"	"Creating work queue Server queue"
"DEBUG"	452	"2026-07-16 16:27:57.210"	"Starting work queue Server queue"
"DEBUG"	452	"2026-07-16 16:27:57.210"	"Started work queue Server queue"
"DEBUG"	452	"2026-07-16 16:27:57.210"	"Adding task Scheduler to work queue Server queue"
"DEBUG"	452	"2026-07-16 16:27:57.210"	"Adding task IOService to work queue Server queue"
"DEBUG"	452	"2026-07-16 16:27:57.210"	"Creating work queue SMTP delivery queue"
"DEBUG"	452	"2026-07-16 16:27:57.210"	"Starting work queue SMTP delivery queue"
"DEBUG"	4172	"2026-07-16 16:27:57.210"	"Running worker in work queue Server queue"
"DEBUG"	4172	"2026-07-16 16:27:57.210"	"Executing task Scheduler in work queue Server queue"
"DEBUG"	452	"2026-07-16 16:27:57.210"	"Started work queue SMTP delivery queue"
"DEBUG"	452	"2026-07-16 16:27:57.210"	"Adding task SMTPDeliveryManager to work queue Server queue"
"DEBUG"	452	"2026-07-16 16:27:57.210"	"Creating work queue External fetch queue"
"DEBUG"	452	"2026-07-16 16:27:57.210"	"Starting work queue External fetch queue"
"DEBUG"	4688	"2026-07-16 16:27:57.210"	"Running worker in work queue Server queue"
"DEBUG"	4688	"2026-07-16 16:27:57.210"	"Executing task IOService in work queue Server queue"
"DEBUG"	4688	"2026-07-16 16:27:57.210"	"IOService::Start()"
"DEBUG"	7244	"2026-07-16 16:27:57.210"	"Running worker in work queue Server queue"
"DEBUG"	7244	"2026-07-16 16:27:57.210"	"Executing task SMTPDeliveryManager in work queue Server queue"
"DEBUG"	7244	"2026-07-16 16:27:57.210"	"SMTPDeliveryManager::Start()"
"DEBUG"	4656	"2026-07-16 16:27:57.210"	"Running worker in work queue Server queue"
"DEBUG"	452	"2026-07-16 16:27:57.210"	"Started work queue External fetch queue"
"DEBUG"	452	"2026-07-16 16:27:57.210"	"Adding task ExternalFetchManager to work queue Server queue"
"DEBUG"	4656	"2026-07-16 16:27:57.210"	"Executing task ExternalFetchManager in work queue Server queue"
"DEBUG"	7744	"2026-07-16 16:27:57.210"	"Running worker in work queue SMTP delivery queue"
"DEBUG"	4656	"2026-07-16 16:27:57.210"	"ExternalFetchManager::Start()"
"APPLICATION"	452	"2026-07-16 16:27:57.210"	"Servers started."
"DEBUG"	4264	"2026-07-16 16:27:57.210"	"Running worker in work queue SMTP delivery queue"
"DEBUG"	2716	"2026-07-16 16:27:57.210"	"Running worker in work queue SMTP delivery queue"
"DEBUG"	6324	"2026-07-16 16:27:57.210"	"Running worker in work queue SMTP delivery queue"
"DEBUG"	3124	"2026-07-16 16:27:57.210"	"Running worker in work queue SMTP delivery queue"
"DEBUG"	1620	"2026-07-16 16:27:57.226"	"Running worker in work queue SMTP delivery queue"
"DEBUG"	8108	"2026-07-16 16:27:57.226"	"Running worker in work queue SMTP delivery queue"
"DEBUG"	6564	"2026-07-16 16:27:57.226"	"Running worker in work queue SMTP delivery queue"
"DEBUG"	6476	"2026-07-16 16:27:57.226"	"Running worker in work queue External fetch queue"
"DEBUG"	2524	"2026-07-16 16:27:57.226"	"Running worker in work queue SMTP delivery queue"
"DEBUG"	1956	"2026-07-16 16:27:57.226"	"Running worker in work queue External fetch queue"
"DEBUG"	3360	"2026-07-16 16:27:57.210"	"Running worker in work queue SMTP delivery queue"
"DEBUG"	6420	"2026-07-16 16:27:57.226"	"Running worker in work queue External fetch queue"
"DEBUG"	7072	"2026-07-16 16:27:57.226"	"Running worker in work queue External fetch queue"
"DEBUG"	7908	"2026-07-16 16:27:57.226"	"Running worker in work queue External fetch queue"
"DEBUG"	6576	"2026-07-16 16:27:57.226"	"Running worker in work queue External fetch queue"
"DEBUG"	3740	"2026-07-16 16:27:57.226"	"Running worker in work queue External fetch queue"
"DEBUG"	704	"2026-07-16 16:27:57.226"	"Running worker in work queue External fetch queue"
"DEBUG"	5696	"2026-07-16 16:27:57.226"	"Running worker in work queue External fetch queue"
"DEBUG"	7328	"2026-07-16 16:27:57.226"	"Running worker in work queue External fetch queue"
"DEBUG"	6824	"2026-07-16 16:27:57.226"	"Running worker in work queue External fetch queue"
"DEBUG"	6620	"2026-07-16 16:27:57.226"	"Running worker in work queue External fetch queue"
"DEBUG"	1544	"2026-07-16 16:27:57.226"	"Running worker in work queue External fetch queue"
"DEBUG"	6532	"2026-07-16 16:27:57.226"	"Running worker in work queue External fetch queue"
"DEBUG"	980	"2026-07-16 16:27:57.226"	"Running worker in work queue External fetch queue"
"DEBUG"	4688	"2026-07-16 16:27:57.226"	"Creating session 1"
"DEBUG"	4688	"2026-07-16 16:27:57.226"	"Creating session 2"
"DEBUG"	4688	"2026-07-16 16:27:57.242"	"Creating session 3"
"DEBUG"	4688	"2026-07-16 16:27:57.242"	"Creating session 4"
"DEBUG"	4688	"2026-07-16 16:27:57.242"	"Creating work queue IOCPQueue"
"DEBUG"	4688	"2026-07-16 16:27:57.242"	"Starting work queue IOCPQueue"
"DEBUG"	4688	"2026-07-16 16:27:57.242"	"Started work queue IOCPQueue"
"DEBUG"	4688	"2026-07-16 16:27:57.242"	"Adding task IOCPQueueWorkerTask to work queue IOCPQueue"
"DEBUG"	4688	"2026-07-16 16:27:57.242"	"Adding task IOCPQueueWorkerTask to work queue IOCPQueue"
"DEBUG"	4688	"2026-07-16 16:27:57.242"	"Adding task IOCPQueueWorkerTask to work queue IOCPQueue"
"DEBUG"	4688	"2026-07-16 16:27:57.242"	"Adding task IOCPQueueWorkerTask to work queue IOCPQueue"
"DEBUG"	4688	"2026-07-16 16:27:57.242"	"Adding task IOCPQueueWorkerTask to work queue IOCPQueue"
"DEBUG"	4688	"2026-07-16 16:27:57.242"	"Adding task IOCPQueueWorkerTask to work queue IOCPQueue"
"DEBUG"	4688	"2026-07-16 16:27:57.242"	"Adding task IOCPQueueWorkerTask to work queue IOCPQueue"
"DEBUG"	4688	"2026-07-16 16:27:57.242"	"Adding task IOCPQueueWorkerTask to work queue IOCPQueue"
"DEBUG"	4688	"2026-07-16 16:27:57.242"	"Adding task IOCPQueueWorkerTask to work queue IOCPQueue"
"DEBUG"	4688	"2026-07-16 16:27:57.242"	"Adding task IOCPQueueWorkerTask to work queue IOCPQueue"
"DEBUG"	4688	"2026-07-16 16:27:57.242"	"Adding task IOCPQueueWorkerTask to work queue IOCPQueue"
"DEBUG"	4688	"2026-07-16 16:27:57.242"	"Adding task IOCPQueueWorkerTask to work queue IOCPQueue"
"DEBUG"	4688	"2026-07-16 16:27:57.242"	"Adding task IOCPQueueWorkerTask to work queue IOCPQueue"
"DEBUG"	4688	"2026-07-16 16:27:57.242"	"Adding task IOCPQueueWorkerTask to work queue IOCPQueue"
"DEBUG"	4688	"2026-07-16 16:27:57.242"	"Adding task IOCPQueueWorkerTask to work queue IOCPQueue"
"DEBUG"	3784	"2026-07-16 16:27:57.242"	"Running worker in work queue IOCPQueue"
"DEBUG"	3784	"2026-07-16 16:27:57.242"	"Executing task IOCPQueueWorkerTask in work queue IOCPQueue"
"DEBUG"	2220	"2026-07-16 16:27:57.242"	"Running worker in work queue IOCPQueue"
"DEBUG"	6888	"2026-07-16 16:27:57.242"	"Running worker in work queue IOCPQueue"
"DEBUG"	6888	"2026-07-16 16:27:57.257"	"Executing task IOCPQueueWorkerTask in work queue IOCPQueue"
"DEBUG"	3416	"2026-07-16 16:27:57.242"	"Running worker in work queue IOCPQueue"
"DEBUG"	3416	"2026-07-16 16:27:57.257"	"Executing task IOCPQueueWorkerTask in work queue IOCPQueue"
"DEBUG"	4032	"2026-07-16 16:27:57.242"	"Running worker in work queue IOCPQueue"
"DEBUG"	4032	"2026-07-16 16:27:57.257"	"Executing task IOCPQueueWorkerTask in work queue IOCPQueue"
"DEBUG"	1064	"2026-07-16 16:27:57.242"	"Running worker in work queue IOCPQueue"
"DEBUG"	1064	"2026-07-16 16:27:57.257"	"Executing task IOCPQueueWorkerTask in work queue IOCPQueue"
"DEBUG"	800	"2026-07-16 16:27:57.242"	"Running worker in work queue IOCPQueue"
"DEBUG"	800	"2026-07-16 16:27:57.257"	"Executing task IOCPQueueWorkerTask in work queue IOCPQueue"
"DEBUG"	1600	"2026-07-16 16:27:57.242"	"Running worker in work queue IOCPQueue"
"DEBUG"	1600	"2026-07-16 16:27:57.257"	"Executing task IOCPQueueWorkerTask in work queue IOCPQueue"
"DEBUG"	6748	"2026-07-16 16:27:57.242"	"Running worker in work queue IOCPQueue"
"DEBUG"	6748	"2026-07-16 16:27:57.257"	"Executing task IOCPQueueWorkerTask in work queue IOCPQueue"
"DEBUG"	5848	"2026-07-16 16:27:57.242"	"Running worker in work queue IOCPQueue"
"DEBUG"	5848	"2026-07-16 16:27:57.257"	"Executing task IOCPQueueWorkerTask in work queue IOCPQueue"
"DEBUG"	2564	"2026-07-16 16:27:57.242"	"Running worker in work queue IOCPQueue"
"DEBUG"	7132	"2026-07-16 16:27:57.242"	"Running worker in work queue IOCPQueue"
"DEBUG"	7132	"2026-07-16 16:27:57.257"	"Executing task IOCPQueueWorkerTask in work queue IOCPQueue"
"DEBUG"	7508	"2026-07-16 16:27:57.242"	"Running worker in work queue IOCPQueue"
"DEBUG"	7508	"2026-07-16 16:27:57.257"	"Executing task IOCPQueueWorkerTask in work queue IOCPQueue"
"DEBUG"	2220	"2026-07-16 16:27:57.257"	"Executing task IOCPQueueWorkerTask in work queue IOCPQueue"
"DEBUG"	2564	"2026-07-16 16:27:57.257"	"Executing task IOCPQueueWorkerTask in work queue IOCPQueue"
"DEBUG"	6048	"2026-07-16 16:27:57.242"	"Running worker in work queue IOCPQueue"
"DEBUG"	3688	"2026-07-16 16:27:57.242"	"Running worker in work queue IOCPQueue"
"DEBUG"	6048	"2026-07-16 16:27:57.257"	"Executing task IOCPQueueWorkerTask in work queue IOCPQueue"
"DEBUG"	3688	"2026-07-16 16:27:57.257"	"Executing task IOCPQueueWorkerTask in work queue IOCPQueue"
"DEBUG"	3688	"2026-07-16 16:28:24.541"	"Creating session 5"
"TCPIP"	3688	"2026-07-16 16:28:24.553"	"TCP - 10.0.0.128 connected to 10.0.0.128:143."
"DEBUG"	3688	"2026-07-16 16:28:24.553"	"TCP connection started for session 3"
"IMAPD"	3688	3	"2026-07-16 16:28:24.553"	"10.0.0.128"	"SENT: * OK IMAPrev1"
"IMAPD"	3688	3	"2026-07-16 16:28:24.553"	"10.0.0.128"	"RECEIVED: 81 capability"
"IMAPD"	3688	3	"2026-07-16 16:28:24.569"	"10.0.0.128"	"SENT: * CAPABILITY IMAP4 IMAP4rev1 CHILDREN IDLE QUOTA SORT ACL NAMESPACE RIGHTS=texk[nl]81 OK CAPABILITY completed"
"IMAPD"	2220	3	"2026-07-16 16:28:24.699"	"10.0.0.128"	"RECEIVED: 83 login "b@hi.xyz" ***"
"IMAPD"	2220	3	"2026-07-16 16:28:24.715"	"10.0.0.128"	"SENT: 83 OK LOGIN completed"
"IMAPD"	6048	3	"2026-07-16 16:28:24.761"	"10.0.0.128"	"RECEIVED: 84 capability"
"IMAPD"	6048	3	"2026-07-16 16:28:24.762"	"10.0.0.128"	"SENT: * CAPABILITY IMAP4 IMAP4rev1 CHILDREN IDLE QUOTA SORT ACL NAMESPACE RIGHTS=texk[nl]84 OK CAPABILITY completed"
"IMAPD"	2564	3	"2026-07-16 16:28:24.798"	"10.0.0.128"	"RECEIVED: 85 select "INBOX""
"DEBUG"	2564	"2026-07-16 16:28:24.811"	"Reading messages from database."
"IMAPD"	2564	3	"2026-07-16 16:28:24.811"	"10.0.0.128"	"SENT: * 11 EXISTS[nl]* 11 RECENT[nl]* FLAGS (\Deleted \Seen \Draft \Answered \Flagged)[nl]* OK [UIDVALIDITY 1783903061] current uidvalidity[nl]* OK [UNSEEN 9] unseen messages[nl]* OK [UIDNEXT 16] next uid[nl]* OK [PERMANENTFLAGS (\Deleted \Seen \Draft \Answered \Flagged)] limited[nl]85 OK [READ-WRITE] SELECT completed"
"IMAPD"	3688	3	"2026-07-16 16:28:24.811"	"10.0.0.128"	"RECEIVED: 86 getquotaroot "INBOX""
"IMAPD"	3688	3	"2026-07-16 16:28:24.827"	"10.0.0.128"	"SENT: * QUOTAROOT "INBOX" ""[nl]* QUOTA "" ()[nl]86 OK GETQUOTAROOT completed"
"IMAPD"	7508	3	"2026-07-16 16:28:24.827"	"10.0.0.128"	"RECEIVED: 87 UID fetch 1:* (FLAGS)"
"IMAPD"	7508	3	"2026-07-16 16:28:24.843"	"10.0.0.128"	"SENT: * 1 FETCH (UID 5 FLAGS (\Seen))"
"IMAPD"	7508	3	"2026-07-16 16:28:24.843"	"10.0.0.128"	"SENT: * 2 FETCH (UID 6 FLAGS (\Seen))"
"IMAPD"	7508	3	"2026-07-16 16:28:24.843"	"10.0.0.128"	"SENT: * 3 FETCH (UID 7 FLAGS (\Seen))"
"IMAPD"	7508	3	"2026-07-16 16:28:24.843"	"10.0.0.128"	"SENT: * 4 FETCH (UID 8 FLAGS (\Seen))"
"IMAPD"	7508	3	"2026-07-16 16:28:24.843"	"10.0.0.128"	"SENT: * 5 FETCH (UID 9 FLAGS ())"
"IMAPD"	7508	3	"2026-07-16 16:28:24.843"	"10.0.0.128"	"SENT: * 6 FETCH (UID 10 FLAGS (\Seen))"
"IMAPD"	7508	3	"2026-07-16 16:28:24.843"	"10.0.0.128"	"SENT: * 7 FETCH (UID 11 FLAGS (\Seen))"
"IMAPD"	7508	3	"2026-07-16 16:28:24.843"	"10.0.0.128"	"SENT: * 8 FETCH (UID 12 FLAGS (\Seen))"
"IMAPD"	7508	3	"2026-07-16 16:28:24.843"	"10.0.0.128"	"SENT: * 9 FETCH (UID 13 FLAGS (\Seen))"
"IMAPD"	7508	3	"2026-07-16 16:28:24.843"	"10.0.0.128"	"SENT: * 10 FETCH (UID 14 FLAGS ())"
"IMAPD"	7508	3	"2026-07-16 16:28:24.843"	"10.0.0.128"	"SENT: * 11 FETCH (UID 15 FLAGS ())"
"IMAPD"	7508	3	"2026-07-16 16:28:24.843"	"10.0.0.128"	"SENT: 87 OK UID completed"
"IMAPD"	2220	3	"2026-07-16 16:28:24.907"	"10.0.0.128"	"RECEIVED: 88 uid store 15 +Flags (\Seen)"
"IMAPD"	2220	3	"2026-07-16 16:28:24.912"	"10.0.0.128"	"SENT: * 11 FETCH (FLAGS (\Seen) UID 15)"
"IMAPD"	2220	3	"2026-07-16 16:28:24.912"	"10.0.0.128"	"SENT: 88 OK UID completed"
"IMAPD"	6048	3	"2026-07-16 16:28:26.956"	"10.0.0.128"	"RECEIVED: 89 IDLE"
"IMAPD"	6048	3	"2026-07-16 16:28:26.956"	"10.0.0.128"	"SENT: + idling"
"DEBUG"	5848	"2026-07-16 16:28:33.180"	"Creating session 6"
"TCPIP"	5848	"2026-07-16 16:28:33.180"	"TCP - 10.0.0.128 connected to 10.0.0.128:587."
"DEBUG"	5848	"2026-07-16 16:28:33.180"	"TCP connection started for session 4"
"SMTPD"	5848	4	"2026-07-16 16:28:33.180"	"10.0.0.128"	"SENT: 220 WIN-2F1VNVRVM11 ESMTP"
"SMTPD"	7132	4	"2026-07-16 16:28:33.324"	"10.0.0.128"	"RECEIVED: EHLO [10.0.0.128]"
"SMTPD"	7132	4	"2026-07-16 16:28:33.324"	"10.0.0.128"	"SENT: 250-WIN-2F1VNVRVM11[nl]250-SIZE 20480000[nl]250-AUTH LOGIN[nl]250 HELP"
"SMTPD"	5848	4	"2026-07-16 16:28:33.340"	"10.0.0.128"	"RECEIVED: AUTH LOGIN"
"SMTPD"	5848	4	"2026-07-16 16:28:33.340"	"10.0.0.128"	"SENT: 334 VXNlcm5hbWU6"
"SMTPD"	7132	4	"2026-07-16 16:28:33.340"	"10.0.0.128"	"RECEIVED: YkBoaS54eXo="
"SMTPD"	7132	4	"2026-07-16 16:28:33.340"	"10.0.0.128"	"SENT: 334 UGFzc3dvcmQ6"
"SMTPD"	6048	4	"2026-07-16 16:28:33.356"	"10.0.0.128"	"RECEIVED: ***"
"SMTPD"	6048	4	"2026-07-16 16:28:33.360"	"10.0.0.128"	"SENT: 235 authenticated."
"SMTPD"	6748	4	"2026-07-16 16:28:33.360"	"10.0.0.128"	"RECEIVED: MAIL FROM:<b@hi.xyz> SIZE=676"
"SMTPD"	6748	4	"2026-07-16 16:28:33.367"	"10.0.0.128"	"SENT: 250 OK"
"SMTPD"	6748	4	"2026-07-16 16:28:33.384"	"10.0.0.128"	"RECEIVED: RCPT TO:<a@hi.xyz>"
"SMTPD"	6748	4	"2026-07-16 16:28:33.437"	"10.0.0.128"	"SENT: 250 OK"
"SMTPD"	5848	4	"2026-07-16 16:28:33.437"	"10.0.0.128"	"RECEIVED: DATA"
"SMTPD"	5848	4	"2026-07-16 16:28:33.461"	"10.0.0.128"	"SENT: 354 OK, send."
"DEBUG"	6748	"2026-07-16 16:28:33.562"	"Adding task AsynchronousTask to work queue Asynchronous task queue"
"DEBUG"	5532	"2026-07-16 16:28:33.723"	"Executing task AsynchronousTask in work queue Asynchronous task queue"
"DEBUG"	5532	"2026-07-16 16:28:33.723"	"Executing event OnAcceptMessage"
"ERROR"	5532	"2026-07-16 16:28:33.872"	"Script Error: Source: Microsoft VBScript "DEBUG"	5532	"2026-07-16 16:28:33.872"	"Event completed"
"DEBUG"	5532	"2026-07-16 16:28:33.872"	"Saving message: {967984C2-2B17-4299-AD61-AC325CEB0429}.eml"
"DEBUG"	5532	"2026-07-16 16:28:33.889"	"Requesting SMTPDeliveryManager to start message delivery"
"SMTPD"	5532	4	"2026-07-16 16:28:33.889"	"10.0.0.128"	"SENT: 250 Queued (0.265 seconds)"
"DEBUG"	7244	"2026-07-16 16:28:33.893"	"Adding task DeliveryTask to work queue SMTP delivery queue"
"DEBUG"	3360	"2026-07-16 16:28:33.902"	"Executing task DeliveryTask in work queue SMTP delivery queue"
"DEBUG"	3360	"2026-07-16 16:28:33.921"	"Delivering message..."
"APPLICATION"	3360	"2026-07-16 16:28:33.921"	"SMTPDeliverer - Message 65: Delivering message from b@hi.xyz to a@hi.xyz. File: C:\Program Files (x86)\hMailServer\Data\{967984C2-2B17-4299-AD61-AC325CEB0429}.eml"
"DEBUG"	3360	"2026-07-16 16:28:34.001"	"Applying rules"
"DEBUG"	3688	"2026-07-16 16:28:34.018"	"Creating session 7"
"TCPIP"	3688	"2026-07-16 16:28:34.026"	"TCP - 10.0.0.128 connected to 10.0.0.128:143."
"DEBUG"	3688	"2026-07-16 16:28:34.034"	"TCP connection started for session 5"
"DEBUG"	3360	"2026-07-16 16:28:34.034"	"Applying rule Phishing Filter"
"DEBUG"	3360	"2026-07-16 16:28:34.034"	"Performing rule action"
"DEBUG"	3360	"2026-07-16 16:28:34.034"	"Performing rule action"
"DEBUG"	3360	"2026-07-16 16:28:34.034"	"Performing local delivery"
"DEBUG"	3360	"2026-07-16 16:28:34.051"	"Applying rules"
"DEBUG"	3360	"2026-07-16 16:28:34.067"	"Saving message: {967984C2-2B17-4299-AD61-AC325CEB0429}.eml"
"DEBUG"	3360	"2026-07-16 16:28:34.083"	"Local delivery completed"
"APPLICATION"	3360	"2026-07-16 16:28:34.083"	"SMTPDeliverer - Message 65: Message delivery thread completed."
"IMAPD"	3688	5	"2026-07-16 16:28:34.083"	"10.0.0.128"	"SENT: * OK IMAPrev1"
"IMAPD"	7132	5	"2026-07-16 16:28:34.099"	"10.0.0.128"	"RECEIVED: 36 capability"
"IMAPD"	7132	5	"2026-07-16 16:28:34.099"	"10.0.0.128"	"SENT: * CAPABILITY IMAP4 IMAP4rev1 CHILDREN IDLE QUOTA SORT ACL NAMESPACE RIGHTS=texk[nl]36 OK CAPABILITY completed"
"IMAPD"	3688	5	"2026-07-16 16:28:34.267"	"10.0.0.128"	"RECEIVED: 38 login "b@hi.xyz" ***"
"IMAPD"	3688	5	"2026-07-16 16:28:34.267"	"10.0.0.128"	"SENT: 38 OK LOGIN completed"
"IMAPD"	6748	5	"2026-07-16 16:28:34.307"	"10.0.0.128"	"RECEIVED: 39 capability"
"IMAPD"	6748	5	"2026-07-16 16:28:34.307"	"10.0.0.128"	"SENT: * CAPABILITY IMAP4 IMAP4rev1 CHILDREN IDLE QUOTA SORT ACL NAMESPACE RIGHTS=texk[nl]39 OK CAPABILITY completed"
"IMAPD"	7132	5	"2026-07-16 16:28:34.417"	"10.0.0.128"	"RECEIVED: 40 append "Sent" (\Seen) {676}"
"IMAPD"	7132	5	"2026-07-16 16:28:34.417"	"10.0.0.128"	"SENT: + Ready for literal data"
"DEBUG"	5848	"2026-07-16 16:28:34.433"	"Saving message: {7C93AA44-C3B1-4ABA-BB48-65FAD23BAEEA}.eml"
"IMAPD"	5848	5	"2026-07-16 16:28:34.433"	"10.0.0.128"	"SENT: 40 OK APPEND completed"
"SMTPD"	3688	4	"2026-07-16 16:28:39.083"	"10.0.0.128"	"RECEIVED: QUIT"
"SMTPD"	3688	4	"2026-07-16 16:28:39.083"	"10.0.0.128"	"SENT: 221 goodbye"
"DEBUG"	3688	"2026-07-16 16:28:39.083"	"Ending session 4"
"DEBUG"	3688	"2026-07-16 16:28:51.168"	"Creating session 8"
"TCPIP"	3688	"2026-07-16 16:28:51.168"	"TCP - 10.0.0.128 connected to 10.0.0.128:143."
"DEBUG"	3688	"2026-07-16 16:28:51.181"	"TCP connection started for session 7"
"IMAPD"	3688	7	"2026-07-16 16:28:51.181"	"10.0.0.128"	"SENT: * OK IMAPrev1"
"IMAPD"	2220	7	"2026-07-16 16:28:51.199"	"10.0.0.128"	"RECEIVED: 87 capability"
"IMAPD"	2220	7	"2026-07-16 16:28:51.214"	"10.0.0.128"	"SENT: * CAPABILITY IMAP4 IMAP4rev1 CHILDREN IDLE QUOTA SORT ACL NAMESPACE RIGHTS=texk[nl]87 OK CAPABILITY completed"
"IMAPD"	3688	3	"2026-07-16 16:28:51.214"	"10.0.0.128"	"RECEIVED: DONE"
"IMAPD"	3688	3	"2026-07-16 16:28:51.214"	"10.0.0.128"	"SENT: 89 OK IDLE terminated"
"IMAPD"	6748	3	"2026-07-16 16:28:51.214"	"10.0.0.128"	"RECEIVED: 90 noop"
"IMAPD"	2220	7	"2026-07-16 16:28:51.214"	"10.0.0.128"	"RECEIVED: 89 login "a@hi.xyz" ***"
"IMAPD"	6748	3	"2026-07-16 16:28:51.214"	"10.0.0.128"	"SENT: 90 OK NOOP completed"
"IMAPD"	2564	3	"2026-07-16 16:28:51.230"	"10.0.0.128"	"RECEIVED: 91 getquotaroot "INBOX""
"IMAPD"	2564	3	"2026-07-16 16:28:51.230"	"10.0.0.128"	"SENT: * QUOTAROOT "INBOX" ""[nl]* QUOTA "" ()[nl]91 OK GETQUOTAROOT completed"
"IMAPD"	3688	3	"2026-07-16 16:28:51.230"	"10.0.0.128"	"RECEIVED: 92 UID fetch 16:* (FLAGS)"
"IMAPD"	2220	7	"2026-07-16 16:28:51.230"	"10.0.0.128"	"SENT: 89 OK LOGIN completed"
"IMAPD"	3688	3	"2026-07-16 16:28:51.230"	"10.0.0.128"	"SENT: 92 OK UID completed"
"IMAPD"	2220	7	"2026-07-16 16:28:51.230"	"10.0.0.128"	"RECEIVED: 90 capability"
"IMAPD"	2220	7	"2026-07-16 16:28:51.230"	"10.0.0.128"	"SENT: * CAPABILITY IMAP4 IMAP4rev1 CHILDREN IDLE QUOTA SORT ACL NAMESPACE RIGHTS=texk[nl]90 OK CAPABILITY completed"
"IMAPD"	5848	7	"2026-07-16 16:28:51.230"	"10.0.0.128"	"RECEIVED: 91 select "INBOX""
"DEBUG"	5848	"2026-07-16 16:28:51.249"	"Reading messages from database."
"IMAPD"	5848	7	"2026-07-16 16:28:51.249"	"10.0.0.128"	"SENT: * 13 EXISTS[nl]* 13 RECENT[nl]* FLAGS (\Deleted \Seen \Draft \Answered \Flagged)[nl]* OK [UIDVALIDITY 1783903039] current uidvalidity[nl]* OK [UNSEEN 5] unseen messages[nl]* OK [UIDNEXT 16] next uid[nl]* OK [PERMANENTFLAGS (\Deleted \Seen \Draft \Answered \Flagged)] limited[nl]91 OK [READ-WRITE] SELECT completed"
"IMAPD"	5848	7	"2026-07-16 16:28:51.249"	"10.0.0.128"	"RECEIVED: 92 getquotaroot "INBOX""
"IMAPD"	5848	7	"2026-07-16 16:28:51.249"	"10.0.0.128"	"SENT: * QUOTAROOT "INBOX" ""[nl]* QUOTA "" ()[nl]92 OK GETQUOTAROOT completed"
"IMAPD"	5848	7	"2026-07-16 16:28:51.262"	"10.0.0.128"	"RECEIVED: 93 UID fetch 1:* (FLAGS)"
"IMAPD"	5848	7	"2026-07-16 16:28:51.262"	"10.0.0.128"	"SENT: * 1 FETCH (UID 3 FLAGS (\Seen))"
"IMAPD"	5848	7	"2026-07-16 16:28:51.269"	"10.0.0.128"	"SENT: * 2 FETCH (UID 4 FLAGS (\Seen))"
"IMAPD"	5848	7	"2026-07-16 16:28:51.269"	"10.0.0.128"	"SENT: * 3 FETCH (UID 5 FLAGS ())"
"IMAPD"	5848	7	"2026-07-16 16:28:51.269"	"10.0.0.128"	"SENT: * 4 FETCH (UID 6 FLAGS ())"
"IMAPD"	5848	7	"2026-07-16 16:28:51.269"	"10.0.0.128"	"SENT: * 5 FETCH (UID 7 FLAGS ())"
"IMAPD"	5848	7	"2026-07-16 16:28:51.269"	"10.0.0.128"	"SENT: * 6 FETCH (UID 8 FLAGS ())"
"IMAPD"	5848	7	"2026-07-16 16:28:51.269"	"10.0.0.128"	"SENT: * 7 FETCH (UID 9 FLAGS ())"
"IMAPD"	5848	7	"2026-07-16 16:28:51.278"	"10.0.0.128"	"SENT: * 8 FETCH (UID 10 FLAGS ())"
"IMAPD"	5848	7	"2026-07-16 16:28:51.278"	"10.0.0.128"	"SENT: * 9 FETCH (UID 11 FLAGS (\Seen))"
"IMAPD"	5848	7	"2026-07-16 16:28:51.278"	"10.0.0.128"	"SENT: * 10 FETCH (UID 12 FLAGS (\Seen))"
"IMAPD"	5848	7	"2026-07-16 16:28:51.278"	"10.0.0.128"	"SENT: * 11 FETCH (UID 13 FLAGS (\Seen))"
"IMAPD"	5848	7	"2026-07-16 16:28:51.278"	"10.0.0.128"	"SENT: * 12 FETCH (UID 14 FLAGS ())"
"IMAPD"	5848	7	"2026-07-16 16:28:51.278"	"10.0.0.128"	"SENT: * 13 FETCH (UID 15 FLAGS ())"
"IMAPD"	5848	7	"2026-07-16 16:28:51.278"	"10.0.0.128"	"SENT: 93 OK UID completed"
"IMAPD"	6048	7	"2026-07-16 16:28:51.295"	"10.0.0.128"	"RECEIVED: 94 UID fetch 15 (UID RFC822.SIZE FLAGS BODY.PEEK[HEADER.FIELDS (From To Cc Bcc Subject Date Message-ID Priority X-Priority References Newsgroups In-Reply-To Content-Type Reply-To Received)])"
"IMAPD"	6048	7	"2026-07-16 16:28:51.327"	"10.0.0.128"	"SENT: * 13 FETCH (UID 15 RFC822.SIZE 838 FLAGS () BODY[HEADER.FIELDS (From To Cc Bcc Subject Date Message-ID Priority X-Priority References Newsgroups In-Reply-To Content-Type Reply-To Received)] {330}"
"IMAPD"	6048	7	"2026-07-16 16:28:51.343"	"10.0.0.128"	"SENT: )"
"IMAPD"	6048	7	"2026-07-16 16:28:51.350"	"10.0.0.128"	"SENT: 94 OK UID completed"
"IMAPD"	5848	7	"2026-07-16 16:28:51.392"	"10.0.0.128"	"RECEIVED: 95 UID fetch 15 (UID RFC822.SIZE BODY.PEEK[])"
"IMAPD"	5848	7	"2026-07-16 16:28:51.392"	"10.0.0.128"	"SENT: * 13 FETCH (UID 15 RFC822.SIZE 838 BODY[] {861}"
"IMAPD"	5848	7	"2026-07-16 16:28:51.392"	"10.0.0.128"	"SENT: )"
"IMAPD"	5848	7	"2026-07-16 16:28:51.392"	"10.0.0.128"	"SENT: 95 OK UID completed"
"IMAPD"	7132	7	"2026-07-16 16:28:51.416"	"10.0.0.128"	"RECEIVED: 96 UID fetch 15 (UID BODY.PEEK[HEADER.FIELDS (Content-Type Content-Transfer-Encoding)] BODY.PEEK[TEXT]<0.2048>)"
"IMAPD"	7132	7	"2026-07-16 16:28:51.416"	"10.0.0.128"	"SENT: * 13 FETCH (UID 15 BODY[HEADER.FIELDS (Content-Type Content-Transfer-Encoding)] {91}"
"IMAPD"	7132	7	"2026-07-16 16:28:51.424"	"10.0.0.128"	"SENT:  BODY[TEXT]<0> {364}"
"IMAPD"	7132	7	"2026-07-16 16:28:51.424"	"10.0.0.128"	"SENT: )"
"IMAPD"	7132	7	"2026-07-16 16:28:51.424"	"10.0.0.128"	"SENT: 96 OK UID completed"
"IMAPD"	2564	3	"2026-07-16 16:28:53.241"	"10.0.0.128"	"RECEIVED: 93 IDLE"
"IMAPD"	2564	3	"2026-07-16 16:28:53.241"	"10.0.0.128"	"SENT: + idling"
"IMAPD"	2564	7	"2026-07-16 16:28:53.447"	"10.0.0.128"	"RECEIVED: 97 IDLE"
"IMAPD"	2564	7	"2026-07-16 16:28:53.447"	"10.0.0.128"	"SENT: + idling"
"DEBUG"	5848	"2026-07-16 16:28:58.734"	"Creating session 9"
"TCPIP"	5848	"2026-07-16 16:28:58.734"	"TCP - 10.0.0.128 connected to 10.0.0.128:587."
"DEBUG"	5848	"2026-07-16 16:28:58.734"	"TCP connection started for session 6"
"SMTPD"	5848	6	"2026-07-16 16:28:58.734"	"10.0.0.128"	"SENT: 220 WIN-2F1VNVRVM11 ESMTP"
"SMTPD"	3688	6	"2026-07-16 16:28:58.924"	"10.0.0.128"	"RECEIVED: EHLO [10.0.0.128]"
"SMTPD"	3688	6	"2026-07-16 16:28:58.924"	"10.0.0.128"	"SENT: 250-WIN-2F1VNVRVM11[nl]250-SIZE 20480000[nl]250-AUTH LOGIN[nl]250 HELP"
"SMTPD"	5848	6	"2026-07-16 16:28:58.971"	"10.0.0.128"	"RECEIVED: AUTH LOGIN"
"SMTPD"	5848	6	"2026-07-16 16:28:58.971"	"10.0.0.128"	"SENT: 334 VXNlcm5hbWU6"
"SMTPD"	6048	6	"2026-07-16 16:28:58.986"	"10.0.0.128"	"RECEIVED: YkBoaS54eXo="
"SMTPD"	6048	6	"2026-07-16 16:28:58.986"	"10.0.0.128"	"SENT: 334 UGFzc3dvcmQ6"
"SMTPD"	2564	6	"2026-07-16 16:28:59.002"	"10.0.0.128"	"RECEIVED: ***"
"SMTPD"	2564	6	"2026-07-16 16:28:59.002"	"10.0.0.128"	"SENT: 235 authenticated."
"SMTPD"	5848	6	"2026-07-16 16:28:59.002"	"10.0.0.128"	"RECEIVED: MAIL FROM:<b@hi.xyz> SIZE=318"
"SMTPD"	5848	6	"2026-07-16 16:28:59.017"	"10.0.0.128"	"SENT: 250 OK"
"SMTPD"	6048	6	"2026-07-16 16:28:59.025"	"10.0.0.128"	"RECEIVED: RCPT TO:<a@hi.xyz>"
"SMTPD"	6048	6	"2026-07-16 16:28:59.025"	"10.0.0.128"	"SENT: 250 OK"
"SMTPD"	3688	6	"2026-07-16 16:28:59.037"	"10.0.0.128"	"RECEIVED: DATA"
"SMTPD"	3688	6	"2026-07-16 16:28:59.040"	"10.0.0.128"	"SENT: 354 OK, send."
"DEBUG"	2564	"2026-07-16 16:28:59.082"	"Adding task AsynchronousTask to work queue Asynchronous task queue"
"DEBUG"	5532	"2026-07-16 16:28:59.082"	"Executing task AsynchronousTask in work queue Asynchronous task queue"
"DEBUG"	5532	"2026-07-16 16:28:59.082"	"Executing event OnAcceptMessage"
"ERROR"	5532	"2026-07-16 16:28:59.146"	"Script Error: Source: Microsoft VBScript "DEBUG"	5532	"2026-07-16 16:28:59.146"	"Event completed"
"DEBUG"	5532	"2026-07-16 16:28:59.146"	"Saving message: {188EF278-381C-44A8-BB8E-0B367FCCFEAD}.eml"
"DEBUG"	5532	"2026-07-16 16:28:59.162"	"Requesting SMTPDeliveryManager to start message delivery"
"SMTPD"	5532	6	"2026-07-16 16:28:59.162"	"10.0.0.128"	"SENT: 250 Queued (0.031 seconds)"
"DEBUG"	7244	"2026-07-16 16:28:59.162"	"Adding task DeliveryTask to work queue SMTP delivery queue"
"DEBUG"	3360	"2026-07-16 16:28:59.178"	"Executing task DeliveryTask in work queue SMTP delivery queue"
"DEBUG"	3360	"2026-07-16 16:28:59.178"	"Delivering message..."
"APPLICATION"	3360	"2026-07-16 16:28:59.193"	"SMTPDeliverer - Message 67: Delivering message from b@hi.xyz to a@hi.xyz. File: C:\Program Files (x86)\hMailServer\Data\{188EF278-381C-44A8-BB8E-0B367FCCFEAD}.eml"
"DEBUG"	3360	"2026-07-16 16:28:59.209"	"Applying rules"
"DEBUG"	3360	"2026-07-16 16:28:59.209"	"Applying rule Phishing Filter"
"DEBUG"	3360	"2026-07-16 16:28:59.209"	"Performing local delivery"
"DEBUG"	3360	"2026-07-16 16:28:59.209"	"Applying rules"
"DEBUG"	3360	"2026-07-16 16:28:59.209"	"Saving message: {188EF278-381C-44A8-BB8E-0B367FCCFEAD}.eml"
"DEBUG"	3360	"2026-07-16 16:28:59.241"	"Reading messages from database."
"IMAPD"	3360	7	"2026-07-16 16:28:59.256"	"10.0.0.128"	"SENT: * 14 EXISTS"
"IMAPD"	3360	7	"2026-07-16 16:28:59.256"	"10.0.0.128"	"SENT: * 14 RECENT"
"DEBUG"	3360	"2026-07-16 16:28:59.256"	"Local delivery completed"
"APPLICATION"	3360	"2026-07-16 16:28:59.256"	"SMTPDeliverer - Message 67: Message delivery thread completed."
"IMAPD"	1600	7	"2026-07-16 16:28:59.368"	"10.0.0.128"	"RECEIVED: DONE"
"IMAPD"	1600	7	"2026-07-16 16:28:59.368"	"10.0.0.128"	"SENT: 97 OK IDLE terminated"
"IMAPD"	2564	5	"2026-07-16 16:28:59.368"	"10.0.0.128"	"RECEIVED: 41 append "Sent" (\Seen) {318}"
"IMAPD"	2564	5	"2026-07-16 16:28:59.368"	"10.0.0.128"	"SENT: + Ready for literal data"
"IMAPD"	2564	7	"2026-07-16 16:28:59.384"	"10.0.0.128"	"RECEIVED: 98 noop"
"IMAPD"	2564	7	"2026-07-16 16:28:59.384"	"10.0.0.128"	"SENT: 98 OK NOOP completed"
"IMAPD"	3688	7	"2026-07-16 16:28:59.399"	"10.0.0.128"	"RECEIVED: 99 getquotaroot "INBOX""
"IMAPD"	3688	7	"2026-07-16 16:28:59.399"	"10.0.0.128"	"SENT: * QUOTAROOT "INBOX" ""[nl]* QUOTA "" ()[nl]99 OK GETQUOTAROOT completed"
"IMAPD"	7132	7	"2026-07-16 16:28:59.399"	"10.0.0.128"	"RECEIVED: 100 UID fetch 16:* (FLAGS)"
"IMAPD"	7132	7	"2026-07-16 16:28:59.399"	"10.0.0.128"	"SENT: * 14 FETCH (UID 16 FLAGS ())"
"IMAPD"	7132	7	"2026-07-16 16:28:59.399"	"10.0.0.128"	"SENT: 100 OK UID completed"
"DEBUG"	7508	"2026-07-16 16:28:59.399"	"Saving message: {787B6C02-DF1A-401F-87D6-A4CB32022756}.eml"
"IMAPD"	1600	7	"2026-07-16 16:28:59.399"	"10.0.0.128"	"RECEIVED: 101 UID fetch 16 (UID RFC822.SIZE FLAGS BODY.PEEK[HEADER.FIELDS (From To Cc Bcc Subject Date Message-ID Priority X-Priority References Newsgroups In-Reply-To Content-Type Reply-To Received)])"
"IMAPD"	7508	5	"2026-07-16 16:28:59.415"	"10.0.0.128"	"SENT: 41 OK APPEND completed"
"IMAPD"	1600	7	"2026-07-16 16:28:59.432"	"10.0.0.128"	"SENT: * 14 FETCH (UID 16 RFC822.SIZE 447 FLAGS () BODY[HEADER.FIELDS (From To Cc Bcc Subject Date Message-ID Priority X-Priority References Newsgroups In-Reply-To Content-Type Reply-To Received)] {330}"
"IMAPD"	1600	7	"2026-07-16 16:28:59.444"	"10.0.0.128"	"SENT: )"
"IMAPD"	1600	7	"2026-07-16 16:28:59.444"	"10.0.0.128"	"SENT: 101 OK UID completed"
"IMAPD"	2220	7	"2026-07-16 16:28:59.544"	"10.0.0.128"	"RECEIVED: 102 UID fetch 16 (UID RFC822.SIZE BODY.PEEK[])"
"IMAPD"	2220	7	"2026-07-16 16:28:59.544"	"10.0.0.128"	"SENT: * 14 FETCH (UID 16 RFC822.SIZE 447 BODY[] {470}"
"IMAPD"	2220	7	"2026-07-16 16:28:59.544"	"10.0.0.128"	"SENT: )"
"IMAPD"	2220	7	"2026-07-16 16:28:59.552"	"10.0.0.128"	"SENT: 102 OK UID completed"
"IMAPD"	6048	7	"2026-07-16 16:28:59.559"	"10.0.0.128"	"RECEIVED: 103 UID fetch 16 (UID BODY.PEEK[HEADER.FIELDS (Content-Type Content-Transfer-Encoding)] BODY.PEEK[TEXT]<0.2048>)"
"IMAPD"	6048	7	"2026-07-16 16:28:59.559"	"10.0.0.128"	"SENT: * 14 FETCH (UID 16 BODY[HEADER.FIELDS (Content-Type Content-Transfer-Encoding)] {91}"
"IMAPD"	6048	7	"2026-07-16 16:28:59.575"	"10.0.0.128"	"SENT:  BODY[TEXT]<0> {6}"
"IMAPD"	6048	7	"2026-07-16 16:28:59.575"	"10.0.0.128"	"SENT: )"
"IMAPD"	6048	7	"2026-07-16 16:28:59.575"	"10.0.0.128"	"SENT: 103 OK UID completed"
"IMAPD"	7508	7	"2026-07-16 16:29:01.599"	"10.0.0.128"	"RECEIVED: 104 IDLE"
"IMAPD"	7508	7	"2026-07-16 16:29:01.599"	"10.0.0.128"	"SENT: + idling"
"SMTPD"	7508	6	"2026-07-16 16:29:04.382"	"10.0.0.128"	"RECEIVED: QUIT"
"SMTPD"	7508	6	"2026-07-16 16:29:04.382"	"10.0.0.128"	"SENT: 221 goodbye"
"DEBUG"	1600	"2026-07-16 16:29:04.382"	"Ending session 6"
"IMAPD"	1064	7	"2026-07-16 16:38:54.913"	"10.0.0.128"	"RECEIVED: DONE"
"IMAPD"	1064	7	"2026-07-16 16:38:54.914"	"10.0.0.128"	"SENT: 104 OK IDLE terminated"
"IMAPD"	1064	3	"2026-07-16 16:38:54.916"	"10.0.0.128"	"RECEIVED: DONE"
"IMAPD"	1064	3	"2026-07-16 16:38:54.917"	"10.0.0.128"	"SENT: 93 OK IDLE terminated"
"IMAPD"	1600	7	"2026-07-16 16:38:54.931"	"10.0.0.128"	"RECEIVED: 105 check"
"IMAPD"	1600	7	"2026-07-16 16:38:54.933"	"10.0.0.128"	"SENT: 105 OK CHECK completed"
"IMAPD"	7508	7	"2026-07-16 16:38:54.936"	"10.0.0.128"	"RECEIVED: 106 getquotaroot "INBOX""
"IMAPD"	5848	3	"2026-07-16 16:38:54.945"	"10.0.0.128"	"RECEIVED: 94 check"
"IMAPD"	7508	7	"2026-07-16 16:38:54.947"	"10.0.0.128"	"SENT: * QUOTAROOT "INBOX" ""[nl]* QUOTA "" ()[nl]106 OK GETQUOTAROOT completed"
"IMAPD"	5848	3	"2026-07-16 16:38:54.948"	"10.0.0.128"	"SENT: 94 OK CHECK completed"
"IMAPD"	5848	3	"2026-07-16 16:38:54.952"	"10.0.0.128"	"RECEIVED: 95 getquotaroot "INBOX""
"IMAPD"	7508	7	"2026-07-16 16:38:54.956"	"10.0.0.128"	"RECEIVED: 107 UID fetch 17:* (FLAGS)"
"IMAPD"	7508	7	"2026-07-16 16:38:54.958"	"10.0.0.128"	"SENT: 107 OK UID completed"
"IMAPD"	5848	3	"2026-07-16 16:38:54.958"	"10.0.0.128"	"SENT: * QUOTAROOT "INBOX" ""[nl]* QUOTA "" ()[nl]95 OK GETQUOTAROOT completed"
"IMAPD"	800	3	"2026-07-16 16:38:54.963"	"10.0.0.128"	"RECEIVED: 96 UID fetch 16:* (FLAGS)"
"IMAPD"	800	3	"2026-07-16 16:38:54.964"	"10.0.0.128"	"SENT: 96 OK UID completed"
"IMAPD"	6748	7	"2026-07-16 16:38:56.975"	"10.0.0.128"	"RECEIVED: 108 IDLE"
"IMAPD"	6748	7	"2026-07-16 16:38:56.976"	"10.0.0.128"	"SENT: + idling"
"IMAPD"	6748	3	"2026-07-16 16:38:56.988"	"10.0.0.128"	"RECEIVED: 97 IDLE"
"IMAPD"	6748	3	"2026-07-16 16:38:56.990"	"10.0.0.128"	"SENT: + idling"
"DEBUG"	7552	"2026-07-16 16:39:19.994"	"Received stop-request from Windows."
"APPLICATION"	7552	"2026-07-16 16:39:19.994"	"Stopping servers..."
"DEBUG"	7552	"2026-07-16 16:39:19.994"	"Application::StopServers() - Removing server work queue"
"DEBUG"	7552	"2026-07-16 16:39:19.994"	"WorkQueueManager::RemoveQueue - Server queue"
"DEBUG"	7552	"2026-07-16 16:39:19.994"	"Stopping working queue Server queue."
"DEBUG"	7552	"2026-07-16 16:39:19.994"	"Interupt and join threads in working queue Server queue"
"DEBUG"	4688	"2026-07-16 16:39:19.994"	"IOService::Stop()"
"DEBUG"	4656	"2026-07-16 16:39:19.994"	"Worker exited in work queue Server queue"
"DEBUG"	4172	"2026-07-16 16:39:19.994"	"Worker exited in work queue Server queue"
"DEBUG"	7244	"2026-07-16 16:39:19.994"	"Worker exited in work queue Server queue"
"DEBUG"	3688	"2026-07-16 16:39:19.994"	"TCP - AcceptEx failed. Error code: 995, Message: 스레드 종료 또는 응용 프로그램 요청 때문에 I/O 작업이 취소되었습니다"
"DEBUG"	7132	"2026-07-16 16:39:19.994"	"TCP - AcceptEx failed. Error code: 995, Message: 스레드 종료 또는 응용 프로그램 요청 때문에 I/O 작업이 취소되었습니다"
"DEBUG"	5848	"2026-07-16 16:39:19.994"	"TCP - AcceptEx failed. Error code: 995, Message: 스레드 종료 또는 응용 프로그램 요청 때문에 I/O 작업이 취소되었습니다"
"DEBUG"	7508	"2026-07-16 16:39:19.994"	"TCP - AcceptEx failed. Error code: 995, Message: 스레드 종료 또는 응용 프로그램 요청 때문에 I/O 작업이 취소되었습니다"
"DEBUG"	7508	"2026-07-16 16:39:20.010"	"Ending session 9"
"DEBUG"	3688	"2026-07-16 16:39:20.010"	"Ending session 2"
"DEBUG"	7132	"2026-07-16 16:39:20.010"	"Ending session 1"
"DEBUG"	5848	"2026-07-16 16:39:20.010"	"Ending session 8"
"DEBUG"	4688	"2026-07-16 16:39:19.994"	"IOService::DoWork() - removing Queue IOCP Queue"
"DEBUG"	4688	"2026-07-16 16:39:20.010"	"WorkQueueManager::RemoveQueue - IOCPQueue"
"DEBUG"	4688	"2026-07-16 16:39:20.010"	"Stopping working queue IOCPQueue."
"DEBUG"	4688	"2026-07-16 16:39:20.010"	"Interupt and join threads in working queue IOCPQueue"
"DEBUG"	7508	"2026-07-16 16:39:20.010"	"Worker exited in work queue IOCPQueue"
"DEBUG"	4032	"2026-07-16 16:39:20.010"	"Worker exited in work queue IOCPQueue"
"DEBUG"	3416	"2026-07-16 16:39:20.010"	"Worker exited in work queue IOCPQueue"
"DEBUG"	6888	"2026-07-16 16:39:20.010"	"Worker exited in work queue IOCPQueue"
"DEBUG"	3688	"2026-07-16 16:39:20.010"	"Worker exited in work queue IOCPQueue"
"DEBUG"	5848	"2026-07-16 16:39:20.010"	"Worker exited in work queue IOCPQueue"
"DEBUG"	7132	"2026-07-16 16:39:20.010"	"Worker exited in work queue IOCPQueue"
"DEBUG"	800	"2026-07-16 16:39:20.026"	"Worker exited in work queue IOCPQueue"
"DEBUG"	6048	"2026-07-16 16:39:20.026"	"Worker exited in work queue IOCPQueue"
"DEBUG"	2220	"2026-07-16 16:39:20.026"	"Worker exited in work queue IOCPQueue"
"DEBUG"	1064	"2026-07-16 16:39:20.026"	"Worker exited in work queue IOCPQueue"
"DEBUG"	1600	"2026-07-16 16:39:20.026"	"Worker exited in work queue IOCPQueue"
"DEBUG"	6748	"2026-07-16 16:39:20.026"	"Worker exited in work queue IOCPQueue"
"DEBUG"	3784	"2026-07-16 16:39:20.010"	"Worker exited in work queue IOCPQueue"
"DEBUG"	2564	"2026-07-16 16:39:20.026"	"Worker exited in work queue IOCPQueue"
"DEBUG"	4688	"2026-07-16 16:39:20.026"	"All threads are joined in queue IOCPQueue."
"DEBUG"	4688	"2026-07-16 16:39:20.026"	"WorkQueueManager::RemoveQueue - Stopped IOCPQueue"
"DEBUG"	4688	"2026-07-16 16:39:20.026"	"WorkQueueManager::RemoveQueue - Erased IOCPQueue"
"DEBUG"	4688	"2026-07-16 16:39:20.026"	"IOService::Stop() - Complete"
"DEBUG"	4688	"2026-07-16 16:39:20.026"	"Destructing work queue IOCPQueue"
"DEBUG"	4688	"2026-07-16 16:39:20.026"	"Worker exited in work queue Server queue"
"DEBUG"	7552	"2026-07-16 16:39:20.026"	"Still 1 remaining threads in queue Server queue. First task: <Unknown>"
"DEBUG"	7552	"2026-07-16 16:39:20.295"	"All threads are joined in queue Server queue."
"DEBUG"	7552	"2026-07-16 16:39:20.295"	"WorkQueueManager::RemoveQueue - Stopped Server queue"
"DEBUG"	7552	"2026-07-16 16:39:20.295"	"WorkQueueManager::RemoveQueue - Erased Server queue"
"DEBUG"	7552	"2026-07-16 16:39:20.295"	"Destructing work queue Server queue"
"DEBUG"	7552	"2026-07-16 16:39:20.295"	"Application::StopServers() - Clearing caches"
"DEBUG"	7552	"2026-07-16 16:39:20.295"	"Application::StopServers() - Destructing IOCP"
"DEBUG"	7552	"2026-07-16 16:39:20.295"	"IOService::~IOService - Destructing"
"DEBUG"	7552	"2026-07-16 16:39:20.295"	"TCPServer::~TCPServer"
"DEBUG"	7552	"2026-07-16 16:39:20.295"	"TCPServer::~TCPServer"
"DEBUG"	7552	"2026-07-16 16:39:20.295"	"TCPServer::~TCPServer"
"DEBUG"	7552	"2026-07-16 16:39:20.295"	"TCPServer::~TCPServer"
"DEBUG"	7552	"2026-07-16 16:39:20.295"	"Ending session 7"
"DEBUG"	7552	"2026-07-16 16:39:20.295"	"Ending session 5"
"DEBUG"	7552	"2026-07-16 16:39:20.295"	"Ending session 3"
"DEBUG"	7552	"2026-07-16 16:39:20.295"	"Application::StopServers() - Destructing DeliveryManager"
"DEBUG"	7552	"2026-07-16 16:39:20.295"	"WorkQueueManager::RemoveQueue - SMTP delivery queue"
"DEBUG"	7552	"2026-07-16 16:39:20.295"	"Stopping working queue SMTP delivery queue."
"DEBUG"	7552	"2026-07-16 16:39:20.295"	"Interupt and join threads in working queue SMTP delivery queue"
"DEBUG"	3360	"2026-07-16 16:39:20.311"	"Worker exited in work queue SMTP delivery queue"
"DEBUG"	2524	"2026-07-16 16:39:20.311"	"Worker exited in work queue SMTP delivery queue"
"DEBUG"	6564	"2026-07-16 16:39:20.311"	"Worker exited in work queue SMTP delivery queue"
"DEBUG"	1620	"2026-07-16 16:39:20.311"	"Worker exited in work queue SMTP delivery queue"
"DEBUG"	8108	"2026-07-16 16:39:20.311"	"Worker exited in work queue SMTP delivery queue"
"DEBUG"	3124	"2026-07-16 16:39:20.311"	"Worker exited in work queue SMTP delivery queue"
"DEBUG"	6324	"2026-07-16 16:39:20.311"	"Worker exited in work queue SMTP delivery queue"
"DEBUG"	2716	"2026-07-16 16:39:20.311"	"Worker exited in work queue SMTP delivery queue"
"DEBUG"	4264	"2026-07-16 16:39:20.311"	"Worker exited in work queue SMTP delivery queue"
"DEBUG"	7744	"2026-07-16 16:39:20.311"	"Worker exited in work queue SMTP delivery queue"
"DEBUG"	7552	"2026-07-16 16:39:20.311"	"All threads are joined in queue SMTP delivery queue."
"DEBUG"	7552	"2026-07-16 16:39:20.311"	"WorkQueueManager::RemoveQueue - Stopped SMTP delivery queue"
"DEBUG"	7552	"2026-07-16 16:39:20.311"	"WorkQueueManager::RemoveQueue - Erased SMTP delivery queue"
"DEBUG"	7552	"2026-07-16 16:39:20.311"	"Destructing work queue SMTP delivery queue"
"DEBUG"	7552	"2026-07-16 16:39:20.326"	"Application::StopServers() - Destructing FetchManager"
"DEBUG"	7552	"2026-07-16 16:39:20.326"	"ExternalFetchManager::~ExternalFetchManager"
"DEBUG"	7552	"2026-07-16 16:39:20.326"	"WorkQueueManager::RemoveQueue - External fetch queue"
"DEBUG"	7552	"2026-07-16 16:39:20.326"	"Stopping working queue External fetch queue."
"DEBUG"	7552	"2026-07-16 16:39:20.326"	"Interupt and join threads in working queue External fetch queue"
"DEBUG"	980	"2026-07-16 16:39:20.326"	"Worker exited in work queue External fetch queue"
"DEBUG"	6532	"2026-07-16 16:39:20.326"	"Worker exited in work queue External fetch queue"
"DEBUG"	1544	"2026-07-16 16:39:20.326"	"Worker exited in work queue External fetch queue"
"DEBUG"	6620	"2026-07-16 16:39:20.326"	"Worker exited in work queue External fetch queue"
"DEBUG"	6824	"2026-07-16 16:39:20.326"	"Worker exited in work queue External fetch queue"
"DEBUG"	7328	"2026-07-16 16:39:20.326"	"Worker exited in work queue External fetch queue"
"DEBUG"	5696	"2026-07-16 16:39:20.326"	"Worker exited in work queue External fetch queue"
"DEBUG"	704	"2026-07-16 16:39:20.326"	"Worker exited in work queue External fetch queue"
"DEBUG"	3740	"2026-07-16 16:39:20.326"	"Worker exited in work queue External fetch queue"
"DEBUG"	6576	"2026-07-16 16:39:20.326"	"Worker exited in work queue External fetch queue"
"DEBUG"	7908	"2026-07-16 16:39:20.326"	"Worker exited in work queue External fetch queue"
"DEBUG"	7072	"2026-07-16 16:39:20.326"	"Worker exited in work queue External fetch queue"
"DEBUG"	6420	"2026-07-16 16:39:20.326"	"Worker exited in work queue External fetch queue"
"DEBUG"	1956	"2026-07-16 16:39:20.326"	"Worker exited in work queue External fetch queue"
"DEBUG"	6476	"2026-07-16 16:39:20.341"	"Worker exited in work queue External fetch queue"
"DEBUG"	7552	"2026-07-16 16:39:20.341"	"All threads are joined in queue External fetch queue."
"DEBUG"	7552	"2026-07-16 16:39:20.343"	"WorkQueueManager::RemoveQueue - Stopped External fetch queue"
"DEBUG"	7552	"2026-07-16 16:39:20.343"	"WorkQueueManager::RemoveQueue - Erased External fetch queue"
"DEBUG"	7552	"2026-07-16 16:39:20.343"	"Destructing work queue External fetch queue"
"DEBUG"	7552	"2026-07-16 16:39:20.343"	"ExternalFetchManager::~ExternalFetchManager - Removed queue"
"DEBUG"	7552	"2026-07-16 16:39:20.343"	"Application::StopServers() - Destructing Scheduler"
"DEBUG"	7552	"2026-07-16 16:39:20.343"	"Application::StopServers() - Destructing Rest"
"APPLICATION"	7552	"2026-07-16 16:39:20.343"	"Servers stopped."
"DEBUG"	7552	"2026-07-16 16:39:20.343"	"WorkQueueManager::RemoveQueue - Maintenance queue"
"DEBUG"	7552	"2026-07-16 16:39:20.343"	"Stopping working queue Maintenance queue."
"DEBUG"	7552	"2026-07-16 16:39:20.343"	"Interupt and join threads in working queue Maintenance queue"
"DEBUG"	7556	"2026-07-16 16:39:20.343"	"Worker exited in work queue Maintenance queue"
"DEBUG"	5684	"2026-07-16 16:39:20.343"	"Worker exited in work queue Maintenance queue"
"DEBUG"	6640	"2026-07-16 16:39:20.343"	"Worker exited in work queue Maintenance queue"
"DEBUG"	5860	"2026-07-16 16:39:20.343"	"Worker exited in work queue Maintenance queue"
"DEBUG"	944	"2026-07-16 16:39:20.343"	"Worker exited in work queue Maintenance queue"
"DEBUG"	7552	"2026-07-16 16:39:20.343"	"All threads are joined in queue Maintenance queue."
"DEBUG"	7552	"2026-07-16 16:39:20.343"	"WorkQueueManager::RemoveQueue - Stopped Maintenance queue"
"DEBUG"	7552	"2026-07-16 16:39:20.343"	"WorkQueueManager::RemoveQueue - Erased Maintenance queue"
"DEBUG"	7552	"2026-07-16 16:39:20.343"	"Destructing work queue Maintenance queue"
"DEBUG"	7552	"2026-07-16 16:39:20.343"	"WorkQueueManager::RemoveQueue - Asynchronous task queue"
"DEBUG"	7552	"2026-07-16 16:39:20.343"	"Stopping working queue Asynchronous task queue."
"DEBUG"	7552	"2026-07-16 16:39:20.343"	"Interupt and join threads in working queue Asynchronous task queue"
"DEBUG"	5532	"2026-07-16 16:39:20.359"	"Worker exited in work queue Asynchronous task queue"
"DEBUG"	4660	"2026-07-16 16:39:20.359"	"Worker exited in work queue Asynchronous task queue"
"DEBUG"	7268	"2026-07-16 16:39:20.359"	"Worker exited in work queue Asynchronous task queue"
"DEBUG"	8052	"2026-07-16 16:39:20.359"	"Worker exited in work queue Asynchronous task queue"
"DEBUG"	4336	"2026-07-16 16:39:20.359"	"Worker exited in work queue Asynchronous task queue"
"DEBUG"	3052	"2026-07-16 16:39:20.359"	"Worker exited in work queue Asynchronous task queue"
"DEBUG"	2820	"2026-07-16 16:39:20.359"	"Worker exited in work queue Asynchronous task queue"
"DEBUG"	5728	"2026-07-16 16:39:20.359"	"Worker exited in work queue Asynchronous task queue"
"DEBUG"	1088	"2026-07-16 16:39:20.359"	"Worker exited in work queue Asynchronous task queue"
"DEBUG"	6856	"2026-07-16 16:39:20.359"	"Worker exited in work queue Asynchronous task queue"
"DEBUG"	8140	"2026-07-16 16:39:20.359"	"Worker exited in work queue Asynchronous task queue"
"DEBUG"	4332	"2026-07-16 16:39:20.359"	"Worker exited in work queue Asynchronous task queue"
"DEBUG"	208	"2026-07-16 16:39:20.359"	"Worker exited in work queue Asynchronous task queue"
"DEBUG"	7392	"2026-07-16 16:39:20.359"	"Worker exited in work queue Asynchronous task queue"
"DEBUG"	1992	"2026-07-16 16:39:20.359"	"Worker exited in work queue Asynchronous task queue"
"DEBUG"	7552	"2026-07-16 16:39:20.359"	"All threads are joined in queue Asynchronous task queue."
"DEBUG"	7552	"2026-07-16 16:39:20.359"	"WorkQueueManager::RemoveQueue - Stopped Asynchronous task queue"
"DEBUG"	7552	"2026-07-16 16:39:20.359"	"WorkQueueManager::RemoveQueue - Erased Asynchronous task queue"
"DEBUG"	7552	"2026-07-16 16:39:20.374"	"Destructing work queue Asynchronous task queue"
"DEBUG"	7552	"2026-07-16 16:39:20.374"	"Application::ExitInstance - Closing database connection..."
"DEBUG"	7552	"2026-07-16 16:39:20.374"	"Application::ExitInstance - Deleting caches..."
"DEBUG"	6512	"2026-07-16 16:39:24.430"	"Application::InitInstance - Configuration loaded."
"DEBUG"	6512	"2026-07-16 16:39:24.430"	"Creating work queue Asynchronous task queue"
"DEBUG"	6512	"2026-07-16 16:39:24.430"	"Starting work queue Asynchronous task queue"
"DEBUG"	6512	"2026-07-16 16:39:24.430"	"Started work queue Asynchronous task queue"
"APPLICATION"	6512	"2026-07-16 16:39:24.430"	"Starting servers..."
"DEBUG"	1012	"2026-07-16 16:39:24.430"	"Running worker in work queue Asynchronous task queue"
"DEBUG"	7296	"2026-07-16 16:39:24.430"	"Running worker in work queue Asynchronous task queue"
"DEBUG"	6552	"2026-07-16 16:39:24.430"	"Running worker in work queue Asynchronous task queue"
"DEBUG"	2144	"2026-07-16 16:39:24.430"	"Running worker in work queue Asynchronous task queue"
"DEBUG"	1944	"2026-07-16 16:39:24.430"	"Running worker in work queue Asynchronous task queue"
"DEBUG"	6512	"2026-07-16 16:39:24.430"	"Creating work queue Server queue"
"DEBUG"	6512	"2026-07-16 16:39:24.430"	"Starting work queue Server queue"
"DEBUG"	6884	"2026-07-16 16:39:24.430"	"Running worker in work queue Asynchronous task queue"
"DEBUG"	5448	"2026-07-16 16:39:24.430"	"Running worker in work queue Asynchronous task queue"
"DEBUG"	3580	"2026-07-16 16:39:24.430"	"Running worker in work queue Asynchronous task queue"
"DEBUG"	4776	"2026-07-16 16:39:24.430"	"Running worker in work queue Asynchronous task queue"
"DEBUG"	6928	"2026-07-16 16:39:24.430"	"Running worker in work queue Asynchronous task queue"
"DEBUG"	5348	"2026-07-16 16:39:24.430"	"Running worker in work queue Asynchronous task queue"
"DEBUG"	3812	"2026-07-16 16:39:24.430"	"Running worker in work queue Asynchronous task queue"
"DEBUG"	4316	"2026-07-16 16:39:24.430"	"Running worker in work queue Asynchronous task queue"
"DEBUG"	4016	"2026-07-16 16:39:24.430"	"Running worker in work queue Asynchronous task queue"
"DEBUG"	8032	"2026-07-16 16:39:24.430"	"Running worker in work queue Asynchronous task queue"
"DEBUG"	6512	"2026-07-16 16:39:24.430"	"Started work queue Server queue"
"DEBUG"	744	"2026-07-16 16:39:24.430"	"Running worker in work queue Server queue"
"DEBUG"	968	"2026-07-16 16:39:24.430"	"Running worker in work queue Server queue"
"DEBUG"	4880	"2026-07-16 16:39:24.445"	"Running worker in work queue Server queue"
"DEBUG"	2632	"2026-07-16 16:39:24.445"	"Running worker in work queue Server queue"
"DEBUG"	6512	"2026-07-16 16:39:24.445"	"Adding task Scheduler to work queue Server queue"
"DEBUG"	6512	"2026-07-16 16:39:24.445"	"Adding task IOService to work queue Server queue"
"DEBUG"	2632	"2026-07-16 16:39:24.445"	"Executing task Scheduler in work queue Server queue"
"DEBUG"	6512	"2026-07-16 16:39:24.445"	"Creating work queue SMTP delivery queue"
"DEBUG"	4880	"2026-07-16 16:39:24.445"	"Executing task IOService in work queue Server queue"
"DEBUG"	6512	"2026-07-16 16:39:24.445"	"Starting work queue SMTP delivery queue"
"DEBUG"	4880	"2026-07-16 16:39:24.445"	"IOService::Start()"
"DEBUG"	6512	"2026-07-16 16:39:24.445"	"Started work queue SMTP delivery queue"
"DEBUG"	6512	"2026-07-16 16:39:24.445"	"Adding task SMTPDeliveryManager to work queue Server queue"
"DEBUG"	6512	"2026-07-16 16:39:24.445"	"Creating work queue External fetch queue"
"DEBUG"	6512	"2026-07-16 16:39:24.445"	"Starting work queue External fetch queue"
"DEBUG"	6512	"2026-07-16 16:39:24.461"	"Started work queue External fetch queue"
"DEBUG"	6512	"2026-07-16 16:39:24.461"	"Adding task ExternalFetchManager to work queue Server queue"
"DEBUG"	968	"2026-07-16 16:39:24.461"	"Executing task SMTPDeliveryManager in work queue Server queue"
"DEBUG"	968	"2026-07-16 16:39:24.461"	"SMTPDeliveryManager::Start()"
"DEBUG"	744	"2026-07-16 16:39:24.461"	"Executing task ExternalFetchManager in work queue Server queue"
"DEBUG"	744	"2026-07-16 16:39:24.461"	"ExternalFetchManager::Start()"
"APPLICATION"	6512	"2026-07-16 16:39:24.461"	"Servers started."
"DEBUG"	5560	"2026-07-16 16:39:24.461"	"Running worker in work queue SMTP delivery queue"
"DEBUG"	5104	"2026-07-16 16:39:24.472"	"Running worker in work queue SMTP delivery queue"
"DEBUG"	7540	"2026-07-16 16:39:24.472"	"Running worker in work queue SMTP delivery queue"
"DEBUG"	4104	"2026-07-16 16:39:24.472"	"Running worker in work queue SMTP delivery queue"
"DEBUG"	7648	"2026-07-16 16:39:24.472"	"Running worker in work queue SMTP delivery queue"
"DEBUG"	4952	"2026-07-16 16:39:24.472"	"Running worker in work queue SMTP delivery queue"
"DEBUG"	6712	"2026-07-16 16:39:24.472"	"Running worker in work queue SMTP delivery queue"
"DEBUG"	3840	"2026-07-16 16:39:24.472"	"Running worker in work queue SMTP delivery queue"
"DEBUG"	7576	"2026-07-16 16:39:24.472"	"Running worker in work queue SMTP delivery queue"
"DEBUG"	1812	"2026-07-16 16:39:24.472"	"Running worker in work queue SMTP delivery queue"
"DEBUG"	4720	"2026-07-16 16:39:24.472"	"Running worker in work queue External fetch queue"
"DEBUG"	6440	"2026-07-16 16:39:24.472"	"Running worker in work queue External fetch queue"
"DEBUG"	7816	"2026-07-16 16:39:24.472"	"Running worker in work queue External fetch queue"
"DEBUG"	6040	"2026-07-16 16:39:24.472"	"Running worker in work queue External fetch queue"
"DEBUG"	7732	"2026-07-16 16:39:24.472"	"Running worker in work queue External fetch queue"
"DEBUG"	3800	"2026-07-16 16:39:24.472"	"Running worker in work queue External fetch queue"
"DEBUG"	7484	"2026-07-16 16:39:24.472"	"Running worker in work queue External fetch queue"
"DEBUG"	5412	"2026-07-16 16:39:24.472"	"Running worker in work queue External fetch queue"
"DEBUG"	6768	"2026-07-16 16:39:24.472"	"Running worker in work queue External fetch queue"
"DEBUG"	6252	"2026-07-16 16:39:24.472"	"Running worker in work queue External fetch queue"
"DEBUG"	3584	"2026-07-16 16:39:24.472"	"Running worker in work queue External fetch queue"
"DEBUG"	3920	"2026-07-16 16:39:24.472"	"Running worker in work queue External fetch queue"
"DEBUG"	1492	"2026-07-16 16:39:24.472"	"Running worker in work queue External fetch queue"
"DEBUG"	1744	"2026-07-16 16:39:24.472"	"Running worker in work queue External fetch queue"
"DEBUG"	4880	"2026-07-16 16:39:24.472"	"Creating session 1"
"DEBUG"	6720	"2026-07-16 16:39:24.472"	"Running worker in work queue External fetch queue"
"DEBUG"	4880	"2026-07-16 16:39:24.477"	"Creating session 2"
"DEBUG"	4880	"2026-07-16 16:39:24.493"	"Creating session 3"
"DEBUG"	4880	"2026-07-16 16:39:24.493"	"Creating session 4"
"DEBUG"	4880	"2026-07-16 16:39:24.493"	"Creating work queue IOCPQueue"
"DEBUG"	4880	"2026-07-16 16:39:24.493"	"Starting work queue IOCPQueue"
"DEBUG"	4880	"2026-07-16 16:39:24.493"	"Started work queue IOCPQueue"
"DEBUG"	4880	"2026-07-16 16:39:24.493"	"Adding task IOCPQueueWorkerTask to work queue IOCPQueue"
"DEBUG"	4880	"2026-07-16 16:39:24.493"	"Adding task IOCPQueueWorkerTask to work queue IOCPQueue"
"DEBUG"	4880	"2026-07-16 16:39:24.493"	"Adding task IOCPQueueWorkerTask to work queue IOCPQueue"
"DEBUG"	4880	"2026-07-16 16:39:24.493"	"Adding task IOCPQueueWorkerTask to work queue IOCPQueue"
"DEBUG"	4880	"2026-07-16 16:39:24.493"	"Adding task IOCPQueueWorkerTask to work queue IOCPQueue"
"DEBUG"	4880	"2026-07-16 16:39:24.493"	"Adding task IOCPQueueWorkerTask to work queue IOCPQueue"
"DEBUG"	4880	"2026-07-16 16:39:24.493"	"Adding task IOCPQueueWorkerTask to work queue IOCPQueue"
"DEBUG"	4880	"2026-07-16 16:39:24.493"	"Adding task IOCPQueueWorkerTask to work queue IOCPQueue"
"DEBUG"	4880	"2026-07-16 16:39:24.493"	"Adding task IOCPQueueWorkerTask to work queue IOCPQueue"
"DEBUG"	4880	"2026-07-16 16:39:24.493"	"Adding task IOCPQueueWorkerTask to work queue IOCPQueue"
"DEBUG"	4880	"2026-07-16 16:39:24.493"	"Adding task IOCPQueueWorkerTask to work queue IOCPQueue"
"DEBUG"	4880	"2026-07-16 16:39:24.493"	"Adding task IOCPQueueWorkerTask to work queue IOCPQueue"
"DEBUG"	4880	"2026-07-16 16:39:24.493"	"Adding task IOCPQueueWorkerTask to work queue IOCPQueue"
"DEBUG"	4880	"2026-07-16 16:39:24.493"	"Adding task IOCPQueueWorkerTask to work queue IOCPQueue"
"DEBUG"	4880	"2026-07-16 16:39:24.493"	"Adding task IOCPQueueWorkerTask to work queue IOCPQueue"
"DEBUG"	8036	"2026-07-16 16:39:24.509"	"Running worker in work queue IOCPQueue"
"DEBUG"	2548	"2026-07-16 16:39:24.509"	"Running worker in work queue IOCPQueue"
"DEBUG"	2548	"2026-07-16 16:39:24.509"	"Executing task IOCPQueueWorkerTask in work queue IOCPQueue"
"DEBUG"	6456	"2026-07-16 16:39:24.509"	"Running worker in work queue IOCPQueue"
"DEBUG"	6456	"2026-07-16 16:39:24.509"	"Executing task IOCPQueueWorkerTask in work queue IOCPQueue"
"DEBUG"	5228	"2026-07-16 16:39:24.509"	"Running worker in work queue IOCPQueue"
"DEBUG"	5228	"2026-07-16 16:39:24.509"	"Executing task IOCPQueueWorkerTask in work queue IOCPQueue"
"DEBUG"	4372	"2026-07-16 16:39:24.509"	"Running worker in work queue IOCPQueue"
"DEBUG"	4372	"2026-07-16 16:39:24.525"	"Executing task IOCPQueueWorkerTask in work queue IOCPQueue"
"DEBUG"	2616	"2026-07-16 16:39:24.509"	"Running worker in work queue IOCPQueue"
"DEBUG"	2616	"2026-07-16 16:39:24.525"	"Executing task IOCPQueueWorkerTask in work queue IOCPQueue"
"DEBUG"	6736	"2026-07-16 16:39:24.509"	"Running worker in work queue IOCPQueue"
"DEBUG"	6736	"2026-07-16 16:39:24.525"	"Executing task IOCPQueueWorkerTask in work queue IOCPQueue"
"DEBUG"	1888	"2026-07-16 16:39:24.509"	"Running worker in work queue IOCPQueue"
"DEBUG"	7932	"2026-07-16 16:39:24.509"	"Running worker in work queue IOCPQueue"
"DEBUG"	7932	"2026-07-16 16:39:24.525"	"Executing task IOCPQueueWorkerTask in work queue IOCPQueue"
"DEBUG"	2832	"2026-07-16 16:39:24.509"	"Running worker in work queue IOCPQueue"
"DEBUG"	4632	"2026-07-16 16:39:24.509"	"Running worker in work queue IOCPQueue"
"DEBUG"	3412	"2026-07-16 16:39:24.509"	"Running worker in work queue IOCPQueue"
"DEBUG"	3412	"2026-07-16 16:39:24.525"	"Executing task IOCPQueueWorkerTask in work queue IOCPQueue"
"DEBUG"	828	"2026-07-16 16:39:24.509"	"Running worker in work queue IOCPQueue"
"DEBUG"	828	"2026-07-16 16:39:24.525"	"Executing task IOCPQueueWorkerTask in work queue IOCPQueue"
"DEBUG"	8036	"2026-07-16 16:39:24.525"	"Executing task IOCPQueueWorkerTask in work queue IOCPQueue"
"DEBUG"	1888	"2026-07-16 16:39:24.525"	"Executing task IOCPQueueWorkerTask in work queue IOCPQueue"
"DEBUG"	2832	"2026-07-16 16:39:24.525"	"Executing task IOCPQueueWorkerTask in work queue IOCPQueue"
"DEBUG"	4632	"2026-07-16 16:39:24.525"	"Executing task IOCPQueueWorkerTask in work queue IOCPQueue"
"DEBUG"	3940	"2026-07-16 16:39:24.509"	"Running worker in work queue IOCPQueue"
"DEBUG"	6340	"2026-07-16 16:39:24.509"	"Running worker in work queue IOCPQueue"
"DEBUG"	6340	"2026-07-16 16:39:24.541"	"Executing task IOCPQueueWorkerTask in work queue IOCPQueue"
"DEBUG"	3940	"2026-07-16 16:39:24.541"	"Executing task IOCPQueueWorkerTask in work queue IOCPQueue"
"DEBUG"	3940	"2026-07-16 16:40:00.465"	"Creating session 5"
"TCPIP"	3940	"2026-07-16 16:40:00.465"	"TCP - 10.0.0.128 connected to 10.0.0.128:587."
"DEBUG"	3940	"2026-07-16 16:40:00.482"	"TCP connection started for session 4"
"SMTPD"	3940	4	"2026-07-16 16:40:00.497"	"10.0.0.128"	"SENT: 220 WIN-2F1VNVRVM11 ESMTP"
"SMTPD"	4632	4	"2026-07-16 16:40:00.627"	"10.0.0.128"	"RECEIVED: EHLO [10.0.0.128]"
"SMTPD"	4632	4	"2026-07-16 16:40:00.643"	"10.0.0.128"	"SENT: 250-WIN-2F1VNVRVM11[nl]250-SIZE 20480000[nl]250-AUTH LOGIN[nl]250 HELP"
"SMTPD"	6340	4	"2026-07-16 16:40:00.655"	"10.0.0.128"	"RECEIVED: AUTH LOGIN"
"SMTPD"	6340	4	"2026-07-16 16:40:00.659"	"10.0.0.128"	"SENT: 334 VXNlcm5hbWU6"
"SMTPD"	2832	4	"2026-07-16 16:40:00.711"	"10.0.0.128"	"RECEIVED: YkBoaS54eXo="
"SMTPD"	2832	4	"2026-07-16 16:40:00.711"	"10.0.0.128"	"SENT: 334 UGFzc3dvcmQ6"
"SMTPD"	2832	4	"2026-07-16 16:40:00.711"	"10.0.0.128"	"RECEIVED: ***"
"SMTPD"	2832	4	"2026-07-16 16:40:00.723"	"10.0.0.128"	"SENT: 235 authenticated."
"SMTPD"	3940	4	"2026-07-16 16:40:00.723"	"10.0.0.128"	"RECEIVED: MAIL FROM:<b@hi.xyz> SIZE=678"
"SMTPD"	3940	4	"2026-07-16 16:40:00.723"	"10.0.0.128"	"SENT: 250 OK"
"SMTPD"	4632	4	"2026-07-16 16:40:00.739"	"10.0.0.128"	"RECEIVED: RCPT TO:<a@hi.xyz>"
"SMTPD"	4632	4	"2026-07-16 16:40:00.744"	"10.0.0.128"	"SENT: 250 OK"
"SMTPD"	4632	4	"2026-07-16 16:40:00.744"	"10.0.0.128"	"RECEIVED: DATA"
"SMTPD"	4632	4	"2026-07-16 16:40:00.744"	"10.0.0.128"	"SENT: 354 OK, send."
"DEBUG"	1888	"2026-07-16 16:40:00.756"	"Adding task AsynchronousTask to work queue Asynchronous task queue"
"DEBUG"	8032	"2026-07-16 16:40:00.772"	"Executing task AsynchronousTask in work queue Asynchronous task queue"
"DEBUG"	8032	"2026-07-16 16:40:00.772"	"Executing event OnAcceptMessage"
"DEBUG"	8032	"2026-07-16 16:40:00.803"	"Event completed"
"DEBUG"	8032	"2026-07-16 16:40:00.803"	"Saving message: {1299CE27-DB04-428D-B9EA-1D19B9FDCD62}.eml"
"DEBUG"	8032	"2026-07-16 16:40:00.812"	"Requesting SMTPDeliveryManager to start message delivery"
"SMTPD"	8032	4	"2026-07-16 16:40:00.819"	"10.0.0.128"	"SENT: 250 Queued (0.031 seconds)"
"DEBUG"	968	"2026-07-16 16:40:00.819"	"Adding task DeliveryTask to work queue SMTP delivery queue"
"DEBUG"	1812	"2026-07-16 16:40:01.013"	"Executing task DeliveryTask in work queue SMTP delivery queue"
"DEBUG"	3940	"2026-07-16 16:40:01.028"	"Creating session 6"
"DEBUG"	1812	"2026-07-16 16:40:01.057"	"Delivering message..."
"TCPIP"	3940	"2026-07-16 16:40:01.061"	"TCP - 10.0.0.128 connected to 10.0.0.128:143."
"APPLICATION"	1812	"2026-07-16 16:40:01.061"	"SMTPDeliverer - Message 69: Delivering message from b@hi.xyz to a@hi.xyz. File: C:\Program Files (x86)\hMailServer\Data\{1299CE27-DB04-428D-B9EA-1D19B9FDCD62}.eml"
"DEBUG"	3940	"2026-07-16 16:40:01.061"	"TCP connection started for session 3"
"IMAPD"	3940	3	"2026-07-16 16:40:01.088"	"10.0.0.128"	"SENT: * OK IMAPrev1"
"IMAPD"	4632	3	"2026-07-16 16:40:01.094"	"10.0.0.128"	"RECEIVED: 67 capability"
"IMAPD"	4632	3	"2026-07-16 16:40:01.094"	"10.0.0.128"	"SENT: * CAPABILITY IMAP4 IMAP4rev1 CHILDREN IDLE QUOTA SORT ACL NAMESPACE RIGHTS=texk[nl]67 OK CAPABILITY completed"
"IMAPD"	6340	3	"2026-07-16 16:40:01.094"	"10.0.0.128"	"RECEIVED: 69 login "b@hi.xyz" ***"
"DEBUG"	1812	"2026-07-16 16:40:01.114"	"Applying rules"
"DEBUG"	1812	"2026-07-16 16:40:01.114"	"Applying rule Phishing Filter"
"DEBUG"	1812	"2026-07-16 16:40:01.114"	"Performing rule action"
"DEBUG"	1812	"2026-07-16 16:40:01.114"	"Performing rule action"
"DEBUG"	1812	"2026-07-16 16:40:01.114"	"Performing local delivery"
"DEBUG"	1812	"2026-07-16 16:40:01.126"	"Applying rules"
"IMAPD"	6340	3	"2026-07-16 16:40:01.142"	"10.0.0.128"	"SENT: 69 OK LOGIN completed"
"IMAPD"	6340	3	"2026-07-16 16:40:01.142"	"10.0.0.128"	"RECEIVED: 70 capability"
"IMAPD"	6340	3	"2026-07-16 16:40:01.142"	"10.0.0.128"	"SENT: * CAPABILITY IMAP4 IMAP4rev1 CHILDREN IDLE QUOTA SORT ACL NAMESPACE RIGHTS=texk[nl]70 OK CAPABILITY completed"
"IMAPD"	4632	3	"2026-07-16 16:40:01.142"	"10.0.0.128"	"RECEIVED: 71 append "Sent" (\Seen) {678}"
"IMAPD"	4632	3	"2026-07-16 16:40:01.142"	"10.0.0.128"	"SENT: + Ready for literal data"
"DEBUG"	3940	"2026-07-16 16:40:01.158"	"Saving message: {7D776C03-44E3-4E0A-89FF-A25C1E2DBFA1}.eml"
"IMAPD"	3940	3	"2026-07-16 16:40:01.174"	"10.0.0.128"	"SENT: 71 OK APPEND completed"
"DEBUG"	1812	"2026-07-16 16:40:01.174"	"Saving message: {1299CE27-DB04-428D-B9EA-1D19B9FDCD62}.eml"
"DEBUG"	1812	"2026-07-16 16:40:01.205"	"Local delivery completed"
"APPLICATION"	1812	"2026-07-16 16:40:01.215"	"SMTPDeliverer - Message 69: Message delivery thread completed."
"SMTPD"	3940	4	"2026-07-16 16:40:05.887"	"10.0.0.128"	"RECEIVED: QUIT"
"SMTPD"	3940	4	"2026-07-16 16:40:05.887"	"10.0.0.128"	"SENT: 221 goodbye"
"DEBUG"	6340	"2026-07-16 16:40:05.887"	"Ending session 4"
"DEBUG"	3940	"2026-07-16 16:40:06.526"	"Creating session 7"
"TCPIP"	3940	"2026-07-16 16:40:06.526"	"TCP - 10.0.0.128 connected to 10.0.0.128:143."
"DEBUG"	3940	"2026-07-16 16:40:06.526"	"TCP connection started for session 6"
"IMAPD"	3940	6	"2026-07-16 16:40:06.526"	"10.0.0.128"	"SENT: * OK IMAPrev1"
"IMAPD"	3940	6	"2026-07-16 16:40:06.526"	"10.0.0.128"	"RECEIVED: 87 capability"
"IMAPD"	3940	6	"2026-07-16 16:40:06.526"	"10.0.0.128"	"SENT: * CAPABILITY IMAP4 IMAP4rev1 CHILDREN IDLE QUOTA SORT ACL NAMESPACE RIGHTS=texk[nl]87 OK CAPABILITY completed"
"IMAPD"	6340	6	"2026-07-16 16:40:06.623"	"10.0.0.128"	"RECEIVED: 89 login "a@hi.xyz" ***"
"IMAPD"	6340	6	"2026-07-16 16:40:06.623"	"10.0.0.128"	"SENT: 89 OK LOGIN completed"
"IMAPD"	3940	6	"2026-07-16 16:40:06.623"	"10.0.0.128"	"RECEIVED: 90 capability"
"IMAPD"	3940	6	"2026-07-16 16:40:06.639"	"10.0.0.128"	"SENT: * CAPABILITY IMAP4 IMAP4rev1 CHILDREN IDLE QUOTA SORT ACL NAMESPACE RIGHTS=texk[nl]90 OK CAPABILITY completed"
"IMAPD"	4632	6	"2026-07-16 16:40:06.639"	"10.0.0.128"	"RECEIVED: 91 select "INBOX""
"DEBUG"	4632	"2026-07-16 16:40:06.639"	"Reading messages from database."
"IMAPD"	4632	6	"2026-07-16 16:40:06.639"	"10.0.0.128"	"SENT: * 15 EXISTS[nl]* 15 RECENT[nl]* FLAGS (\Deleted \Seen \Draft \Answered \Flagged)[nl]* OK [UIDVALIDITY 1783903039] current uidvalidity[nl]* OK [UNSEEN 5] unseen messages[nl]* OK [UIDNEXT 18] next uid[nl]* OK [PERMANENTFLAGS (\Deleted \Seen \Draft \Answered \Flagged)] limited[nl]91 OK [READ-WRITE] SELECT completed"
"IMAPD"	1888	6	"2026-07-16 16:40:06.655"	"10.0.0.128"	"RECEIVED: 92 getquotaroot "INBOX""
"IMAPD"	1888	6	"2026-07-16 16:40:06.655"	"10.0.0.128"	"SENT: * QUOTAROOT "INBOX" ""[nl]* QUOTA "" ()[nl]92 OK GETQUOTAROOT completed"
"IMAPD"	6340	6	"2026-07-16 16:40:06.663"	"10.0.0.128"	"RECEIVED: 93 UID fetch 1:* (FLAGS)"
"IMAPD"	6340	6	"2026-07-16 16:40:06.663"	"10.0.0.128"	"SENT: * 1 FETCH (UID 3 FLAGS (\Seen))"
"IMAPD"	6340	6	"2026-07-16 16:40:06.663"	"10.0.0.128"	"SENT: * 2 FETCH (UID 4 FLAGS (\Seen))"
"IMAPD"	6340	6	"2026-07-16 16:40:06.663"	"10.0.0.128"	"SENT: * 3 FETCH (UID 5 FLAGS ())"
"IMAPD"	6340	6	"2026-07-16 16:40:06.663"	"10.0.0.128"	"SENT: * 4 FETCH (UID 6 FLAGS ())"
"IMAPD"	6340	6	"2026-07-16 16:40:06.663"	"10.0.0.128"	"SENT: * 5 FETCH (UID 7 FLAGS ())"
"IMAPD"	6340	6	"2026-07-16 16:40:06.663"	"10.0.0.128"	"SENT: * 6 FETCH (UID 8 FLAGS ())"
"IMAPD"	6340	6	"2026-07-16 16:40:06.671"	"10.0.0.128"	"SENT: * 7 FETCH (UID 9 FLAGS ())"
"IMAPD"	6340	6	"2026-07-16 16:40:06.671"	"10.0.0.128"	"SENT: * 8 FETCH (UID 10 FLAGS ())"
"IMAPD"	6340	6	"2026-07-16 16:40:06.671"	"10.0.0.128"	"SENT: * 9 FETCH (UID 11 FLAGS (\Seen))"
"IMAPD"	6340	6	"2026-07-16 16:40:06.671"	"10.0.0.128"	"SENT: * 10 FETCH (UID 12 FLAGS (\Seen))"
"IMAPD"	6340	6	"2026-07-16 16:40:06.671"	"10.0.0.128"	"SENT: * 11 FETCH (UID 13 FLAGS (\Seen))"
"IMAPD"	6340	6	"2026-07-16 16:40:06.671"	"10.0.0.128"	"SENT: * 12 FETCH (UID 14 FLAGS ())"
"IMAPD"	6340	6	"2026-07-16 16:40:06.671"	"10.0.0.128"	"SENT: * 13 FETCH (UID 15 FLAGS ())"
"IMAPD"	6340	6	"2026-07-16 16:40:06.671"	"10.0.0.128"	"SENT: * 14 FETCH (UID 16 FLAGS ())"
"IMAPD"	6340	6	"2026-07-16 16:40:06.671"	"10.0.0.128"	"SENT: * 15 FETCH (UID 17 FLAGS ())"
"IMAPD"	6340	6	"2026-07-16 16:40:06.671"	"10.0.0.128"	"SENT: 93 OK UID completed"
"IMAPD"	2832	6	"2026-07-16 16:40:06.687"	"10.0.0.128"	"RECEIVED: 94 UID fetch 17 (UID RFC822.SIZE FLAGS BODY.PEEK[HEADER.FIELDS (From To Cc Bcc Subject Date Message-ID Priority X-Priority References Newsgroups In-Reply-To Content-Type Reply-To Received)])"
"IMAPD"	2832	6	"2026-07-16 16:40:06.706"	"10.0.0.128"	"SENT: * 15 FETCH (UID 17 RFC822.SIZE 840 FLAGS () BODY[HEADER.FIELDS (From To Cc Bcc Subject Date Message-ID Priority X-Priority References Newsgroups In-Reply-To Content-Type Reply-To Received)] {332}"
"IMAPD"	2832	6	"2026-07-16 16:40:06.706"	"10.0.0.128"	"SENT: )"
"IMAPD"	2832	6	"2026-07-16 16:40:06.719"	"10.0.0.128"	"SENT: 94 OK UID completed"
"IMAPD"	4632	6	"2026-07-16 16:40:06.914"	"10.0.0.128"	"RECEIVED: 95 UID fetch 17 (UID RFC822.SIZE BODY.PEEK[])"
"IMAPD"	4632	6	"2026-07-16 16:40:06.914"	"10.0.0.128"	"SENT: * 15 FETCH (UID 17 RFC822.SIZE 840 BODY[] {863}"
"IMAPD"	4632	6	"2026-07-16 16:40:06.914"	"10.0.0.128"	"SENT: )"
"IMAPD"	4632	6	"2026-07-16 16:40:06.914"	"10.0.0.128"	"SENT: 95 OK UID completed"
"IMAPD"	3940	6	"2026-07-16 16:40:08.980"	"10.0.0.128"	"RECEIVED: 96 IDLE"
"IMAPD"	3940	6	"2026-07-16 16:40:08.980"	"10.0.0.128"	"SENT: + idling"
"DEBUG"	5656	"2026-07-16 16:42:39.700"	"Received stop-request from Windows."
"APPLICATION"	5656	"2026-07-16 16:42:39.700"	"Stopping servers..."
"DEBUG"	5656	"2026-07-16 16:42:39.700"	"Application::StopServers() - Removing server work queue"
"DEBUG"	5656	"2026-07-16 16:42:39.700"	"WorkQueueManager::RemoveQueue - Server queue"
"DEBUG"	5656	"2026-07-16 16:42:39.700"	"Stopping working queue Server queue."
"DEBUG"	5656	"2026-07-16 16:42:39.700"	"Interupt and join threads in working queue Server queue"
"DEBUG"	4880	"2026-07-16 16:42:39.700"	"IOService::Stop()"
"DEBUG"	6340	"2026-07-16 16:42:39.716"	"TCP - AcceptEx failed. Error code: 995, Message: 스레드 종료 또는 응용 프로그램 요청 때문에 I/O 작업이 취소되었습니다"
"DEBUG"	968	"2026-07-16 16:42:39.700"	"Worker exited in work queue Server queue"
"DEBUG"	8036	"2026-07-16 16:42:39.716"	"TCP - AcceptEx failed. Error code: 995, Message: 스레드 종료 또는 응용 프로그램 요청 때문에 I/O 작업이 취소되었습니다"
"DEBUG"	3940	"2026-07-16 16:42:39.716"	"TCP - AcceptEx failed. Error code: 995, Message: 스레드 종료 또는 응용 프로그램 요청 때문에 I/O 작업이 취소되었습니다"
"DEBUG"	3940	"2026-07-16 16:42:39.716"	"Ending session 7"
"DEBUG"	1888	"2026-07-16 16:42:39.716"	"TCP - AcceptEx failed. Error code: 995, Message: 스레드 종료 또는 응용 프로그램 요청 때문에 I/O 작업이 취소되었습니다"
"DEBUG"	1888	"2026-07-16 16:42:39.716"	"Ending session 5"
"DEBUG"	6340	"2026-07-16 16:42:39.716"	"Ending session 2"
"DEBUG"	744	"2026-07-16 16:42:39.716"	"Worker exited in work queue Server queue"
"DEBUG"	8036	"2026-07-16 16:42:39.716"	"Ending session 1"
"DEBUG"	2632	"2026-07-16 16:42:39.716"	"Worker exited in work queue Server queue"
"DEBUG"	4880	"2026-07-16 16:42:39.716"	"IOService::DoWork() - removing Queue IOCP Queue"
"DEBUG"	4880	"2026-07-16 16:42:39.716"	"WorkQueueManager::RemoveQueue - IOCPQueue"
"DEBUG"	4880	"2026-07-16 16:42:39.716"	"Stopping working queue IOCPQueue."
"DEBUG"	4880	"2026-07-16 16:42:39.716"	"Interupt and join threads in working queue IOCPQueue"
"DEBUG"	2616	"2026-07-16 16:42:39.716"	"Worker exited in work queue IOCPQueue"
"DEBUG"	4372	"2026-07-16 16:42:39.716"	"Worker exited in work queue IOCPQueue"
"DEBUG"	5228	"2026-07-16 16:42:39.716"	"Worker exited in work queue IOCPQueue"
"DEBUG"	6456	"2026-07-16 16:42:39.716"	"Worker exited in work queue IOCPQueue"
"DEBUG"	2548	"2026-07-16 16:42:39.716"	"Worker exited in work queue IOCPQueue"
"DEBUG"	8036	"2026-07-16 16:42:39.716"	"Worker exited in work queue IOCPQueue"
"DEBUG"	1888	"2026-07-16 16:42:39.716"	"Worker exited in work queue IOCPQueue"
"DEBUG"	6340	"2026-07-16 16:42:39.716"	"Worker exited in work queue IOCPQueue"
"DEBUG"	7932	"2026-07-16 16:42:39.716"	"Worker exited in work queue IOCPQueue"
"DEBUG"	6736	"2026-07-16 16:42:39.716"	"Worker exited in work queue IOCPQueue"
"DEBUG"	3940	"2026-07-16 16:42:39.716"	"Worker exited in work queue IOCPQueue"
"DEBUG"	3412	"2026-07-16 16:42:39.716"	"Worker exited in work queue IOCPQueue"
"DEBUG"	828	"2026-07-16 16:42:39.732"	"Worker exited in work queue IOCPQueue"
"DEBUG"	5656	"2026-07-16 16:42:39.732"	"Still 1 remaining threads in queue Server queue. First task: IOService"
"DEBUG"	2832	"2026-07-16 16:42:39.732"	"Worker exited in work queue IOCPQueue"
"DEBUG"	4632	"2026-07-16 16:42:39.732"	"Worker exited in work queue IOCPQueue"
"DEBUG"	4880	"2026-07-16 16:42:39.732"	"Still 1 remaining threads in queue IOCPQueue. First task: <Unknown>"
"DEBUG"	4880	"2026-07-16 16:42:40.001"	"All threads are joined in queue IOCPQueue."
"DEBUG"	4880	"2026-07-16 16:42:40.001"	"WorkQueueManager::RemoveQueue - Stopped IOCPQueue"
"DEBUG"	4880	"2026-07-16 16:42:40.001"	"WorkQueueManager::RemoveQueue - Erased IOCPQueue"
"DEBUG"	4880	"2026-07-16 16:42:40.001"	"IOService::Stop() - Complete"
"DEBUG"	4880	"2026-07-16 16:42:40.001"	"Destructing work queue IOCPQueue"
"DEBUG"	4880	"2026-07-16 16:42:40.001"	"Worker exited in work queue Server queue"
"DEBUG"	5656	"2026-07-16 16:42:40.001"	"All threads are joined in queue Server queue."
"DEBUG"	5656	"2026-07-16 16:42:40.001"	"WorkQueueManager::RemoveQueue - Stopped Server queue"
"DEBUG"	5656	"2026-07-16 16:42:40.001"	"WorkQueueManager::RemoveQueue - Erased Server queue"
"DEBUG"	5656	"2026-07-16 16:42:40.001"	"Destructing work queue Server queue"
"DEBUG"	5656	"2026-07-16 16:42:40.001"	"Application::StopServers() - Clearing caches"
"DEBUG"	5656	"2026-07-16 16:42:40.001"	"Application::StopServers() - Destructing IOCP"
"DEBUG"	5656	"2026-07-16 16:42:40.001"	"IOService::~IOService - Destructing"
"DEBUG"	5656	"2026-07-16 16:42:40.001"	"TCPServer::~TCPServer"
"DEBUG"	5656	"2026-07-16 16:42:40.001"	"TCPServer::~TCPServer"
"DEBUG"	5656	"2026-07-16 16:42:40.001"	"TCPServer::~TCPServer"
"DEBUG"	5656	"2026-07-16 16:42:40.001"	"TCPServer::~TCPServer"
"DEBUG"	5656	"2026-07-16 16:42:40.001"	"Ending session 6"
"DEBUG"	5656	"2026-07-16 16:42:40.001"	"Ending session 3"
"DEBUG"	5656	"2026-07-16 16:42:40.001"	"Application::StopServers() - Destructing DeliveryManager"
"DEBUG"	5656	"2026-07-16 16:42:40.016"	"WorkQueueManager::RemoveQueue - SMTP delivery queue"
"DEBUG"	5656	"2026-07-16 16:42:40.016"	"Stopping working queue SMTP delivery queue."
"DEBUG"	5656	"2026-07-16 16:42:40.016"	"Interupt and join threads in working queue SMTP delivery queue"
"DEBUG"	1812	"2026-07-16 16:42:40.016"	"Worker exited in work queue SMTP delivery queue"
"DEBUG"	7576	"2026-07-16 16:42:40.016"	"Worker exited in work queue SMTP delivery queue"
"DEBUG"	3840	"2026-07-16 16:42:40.016"	"Worker exited in work queue SMTP delivery queue"
"DEBUG"	6712	"2026-07-16 16:42:40.016"	"Worker exited in work queue SMTP delivery queue"
"DEBUG"	4952	"2026-07-16 16:42:40.016"	"Worker exited in work queue SMTP delivery queue"
"DEBUG"	7540	"2026-07-16 16:42:40.016"	"Worker exited in work queue SMTP delivery queue"
"DEBUG"	4104	"2026-07-16 16:42:40.016"	"Worker exited in work queue SMTP delivery queue"
"DEBUG"	7648	"2026-07-16 16:42:40.016"	"Worker exited in work queue SMTP delivery queue"
"DEBUG"	5104	"2026-07-16 16:42:40.016"	"Worker exited in work queue SMTP delivery queue"
"DEBUG"	5560	"2026-07-16 16:42:40.016"	"Worker exited in work queue SMTP delivery queue"
"DEBUG"	5656	"2026-07-16 16:42:40.016"	"All threads are joined in queue SMTP delivery queue."
"DEBUG"	5656	"2026-07-16 16:42:40.016"	"WorkQueueManager::RemoveQueue - Stopped SMTP delivery queue"
"DEBUG"	5656	"2026-07-16 16:42:40.016"	"WorkQueueManager::RemoveQueue - Erased SMTP delivery queue"
"DEBUG"	5656	"2026-07-16 16:42:40.016"	"Destructing work queue SMTP delivery queue"
"DEBUG"	5656	"2026-07-16 16:42:40.016"	"Application::StopServers() - Destructing FetchManager"
"DEBUG"	5656	"2026-07-16 16:42:40.016"	"ExternalFetchManager::~ExternalFetchManager"
"DEBUG"	5656	"2026-07-16 16:42:40.016"	"WorkQueueManager::RemoveQueue - External fetch queue"
"DEBUG"	5656	"2026-07-16 16:42:40.016"	"Stopping working queue External fetch queue."
"DEBUG"	5656	"2026-07-16 16:42:40.016"	"Interupt and join threads in working queue External fetch queue"
"DEBUG"	6720	"2026-07-16 16:42:40.032"	"Worker exited in work queue External fetch queue"
"DEBUG"	1744	"2026-07-16 16:42:40.032"	"Worker exited in work queue External fetch queue"
"DEBUG"	1492	"2026-07-16 16:42:40.032"	"Worker exited in work queue External fetch queue"
"DEBUG"	3920	"2026-07-16 16:42:40.032"	"Worker exited in work queue External fetch queue"
"DEBUG"	3584	"2026-07-16 16:42:40.032"	"Worker exited in work queue External fetch queue"
"DEBUG"	6252	"2026-07-16 16:42:40.032"	"Worker exited in work queue External fetch queue"
"DEBUG"	6768	"2026-07-16 16:42:40.032"	"Worker exited in work queue External fetch queue"
"DEBUG"	5412	"2026-07-16 16:42:40.032"	"Worker exited in work queue External fetch queue"
"DEBUG"	7484	"2026-07-16 16:42:40.032"	"Worker exited in work queue External fetch queue"
"DEBUG"	3800	"2026-07-16 16:42:40.032"	"Worker exited in work queue External fetch queue"
"DEBUG"	7732	"2026-07-16 16:42:40.032"	"Worker exited in work queue External fetch queue"
"DEBUG"	6040	"2026-07-16 16:42:40.032"	"Worker exited in work queue External fetch queue"
"DEBUG"	7816	"2026-07-16 16:42:40.032"	"Worker exited in work queue External fetch queue"
"DEBUG"	6440	"2026-07-16 16:42:40.032"	"Worker exited in work queue External fetch queue"
"DEBUG"	4720	"2026-07-16 16:42:40.032"	"Worker exited in work queue External fetch queue"
"DEBUG"	5656	"2026-07-16 16:42:40.032"	"All threads are joined in queue External fetch queue."
"DEBUG"	5656	"2026-07-16 16:42:40.032"	"WorkQueueManager::RemoveQueue - Stopped External fetch queue"
"DEBUG"	5656	"2026-07-16 16:42:40.032"	"WorkQueueManager::RemoveQueue - Erased External fetch queue"
"DEBUG"	5656	"2026-07-16 16:42:40.032"	"Destructing work queue External fetch queue"
"DEBUG"	5656	"2026-07-16 16:42:40.048"	"ExternalFetchManager::~ExternalFetchManager - Removed queue"
"DEBUG"	5656	"2026-07-16 16:42:40.048"	"Application::StopServers() - Destructing Scheduler"
"DEBUG"	5656	"2026-07-16 16:42:40.048"	"Application::StopServers() - Destructing Rest"
"APPLICATION"	5656	"2026-07-16 16:42:40.048"	"Servers stopped."
"DEBUG"	5656	"2026-07-16 16:42:40.048"	"WorkQueueManager::RemoveQueue - Maintenance queue"
"DEBUG"	5656	"2026-07-16 16:42:40.048"	"Stopping working queue Maintenance queue."
"DEBUG"	5656	"2026-07-16 16:42:40.048"	"Interupt and join threads in working queue Maintenance queue"
"DEBUG"	4580	"2026-07-16 16:42:40.048"	"Worker exited in work queue Maintenance queue"
"DEBUG"	5856	"2026-07-16 16:42:40.048"	"Worker exited in work queue Maintenance queue"
"DEBUG"	8092	"2026-07-16 16:42:40.048"	"Worker exited in work queue Maintenance queue"
"DEBUG"	7220	"2026-07-16 16:42:40.048"	"Worker exited in work queue Maintenance queue"
"DEBUG"	6184	"2026-07-16 16:42:40.048"	"Worker exited in work queue Maintenance queue"
"DEBUG"	5656	"2026-07-16 16:42:40.048"	"All threads are joined in queue Maintenance queue."
"DEBUG"	5656	"2026-07-16 16:42:40.048"	"WorkQueueManager::RemoveQueue - Stopped Maintenance queue"
"DEBUG"	5656	"2026-07-16 16:42:40.048"	"WorkQueueManager::RemoveQueue - Erased Maintenance queue"
"DEBUG"	5656	"2026-07-16 16:42:40.048"	"Destructing work queue Maintenance queue"
"DEBUG"	5656	"2026-07-16 16:42:40.048"	"WorkQueueManager::RemoveQueue - Asynchronous task queue"
"DEBUG"	5656	"2026-07-16 16:42:40.048"	"Stopping working queue Asynchronous task queue."
"DEBUG"	5656	"2026-07-16 16:42:40.048"	"Interupt and join threads in working queue Asynchronous task queue"
"DEBUG"	8032	"2026-07-16 16:42:40.048"	"Worker exited in work queue Asynchronous task queue"
"DEBUG"	4016	"2026-07-16 16:42:40.048"	"Worker exited in work queue Asynchronous task queue"
"DEBUG"	4316	"2026-07-16 16:42:40.063"	"Worker exited in work queue Asynchronous task queue"
"DEBUG"	3812	"2026-07-16 16:42:40.063"	"Worker exited in work queue Asynchronous task queue"
"DEBUG"	5348	"2026-07-16 16:42:40.063"	"Worker exited in work queue Asynchronous task queue"
"DEBUG"	6928	"2026-07-16 16:42:40.063"	"Worker exited in work queue Asynchronous task queue"
"DEBUG"	4776	"2026-07-16 16:42:40.063"	"Worker exited in work queue Asynchronous task queue"
"DEBUG"	3580	"2026-07-16 16:42:40.063"	"Worker exited in work queue Asynchronous task queue"
"DEBUG"	5448	"2026-07-16 16:42:40.063"	"Worker exited in work queue Asynchronous task queue"
"DEBUG"	6884	"2026-07-16 16:42:40.063"	"Worker exited in work queue Asynchronous task queue"
"DEBUG"	1944	"2026-07-16 16:42:40.063"	"Worker exited in work queue Asynchronous task queue"
"DEBUG"	2144	"2026-07-16 16:42:40.063"	"Worker exited in work queue Asynchronous task queue"
"DEBUG"	6552	"2026-07-16 16:42:40.063"	"Worker exited in work queue Asynchronous task queue"
"DEBUG"	7296	"2026-07-16 16:42:40.063"	"Worker exited in work queue Asynchronous task queue"
"DEBUG"	1012	"2026-07-16 16:42:40.063"	"Worker exited in work queue Asynchronous task queue"
"DEBUG"	5656	"2026-07-16 16:42:40.063"	"All threads are joined in queue Asynchronous task queue."
"DEBUG"	5656	"2026-07-16 16:42:40.063"	"WorkQueueManager::RemoveQueue - Stopped Asynchronous task queue"
"DEBUG"	5656	"2026-07-16 16:42:40.063"	"WorkQueueManager::RemoveQueue - Erased Asynchronous task queue"
"DEBUG"	5656	"2026-07-16 16:42:40.063"	"Destructing work queue Asynchronous task queue"
"DEBUG"	5656	"2026-07-16 16:42:40.075"	"Application::ExitInstance - Closing database connection..."
"DEBUG"	5656	"2026-07-16 16:42:40.075"	"Application::ExitInstance - Deleting caches..."
"DEBUG"	3212	"2026-07-16 16:42:43.366"	"Application::InitInstance - Configuration loaded."
"DEBUG"	3212	"2026-07-16 16:42:43.366"	"Creating work queue Asynchronous task queue"
"DEBUG"	3212	"2026-07-16 16:42:43.366"	"Starting work queue Asynchronous task queue"
"DEBUG"	3212	"2026-07-16 16:42:43.366"	"Started work queue Asynchronous task queue"
"APPLICATION"	3212	"2026-07-16 16:42:43.366"	"Starting servers..."
"DEBUG"	1436	"2026-07-16 16:42:43.366"	"Running worker in work queue Asynchronous task queue"
"DEBUG"	7004	"2026-07-16 16:42:43.382"	"Running worker in work queue Asynchronous task queue"
"DEBUG"	7412	"2026-07-16 16:42:43.382"	"Running worker in work queue Asynchronous task queue"
"DEBUG"	5056	"2026-07-16 16:42:43.382"	"Running worker in work queue Asynchronous task queue"
"DEBUG"	2668	"2026-07-16 16:42:43.382"	"Running worker in work queue Asynchronous task queue"
"DEBUG"	7820	"2026-07-16 16:42:43.382"	"Running worker in work queue Asynchronous task queue"
"DEBUG"	5252	"2026-07-16 16:42:43.382"	"Running worker in work queue Asynchronous task queue"
"DEBUG"	5156	"2026-07-16 16:42:43.382"	"Running worker in work queue Asynchronous task queue"
"DEBUG"	5736	"2026-07-16 16:42:43.382"	"Running worker in work queue Asynchronous task queue"
"DEBUG"	8176	"2026-07-16 16:42:43.382"	"Running worker in work queue Asynchronous task queue"
"DEBUG"	6060	"2026-07-16 16:42:43.382"	"Running worker in work queue Asynchronous task queue"
"DEBUG"	5924	"2026-07-16 16:42:43.382"	"Running worker in work queue Asynchronous task queue"
"DEBUG"	5916	"2026-07-16 16:42:43.382"	"Running worker in work queue Asynchronous task queue"
"DEBUG"	3212	"2026-07-16 16:42:43.382"	"Creating work queue Server queue"
"DEBUG"	3212	"2026-07-16 16:42:43.382"	"Starting work queue Server queue"
"DEBUG"	2904	"2026-07-16 16:42:43.382"	"Running worker in work queue Asynchronous task queue"
"DEBUG"	2040	"2026-07-16 16:42:43.382"	"Running worker in work queue Asynchronous task queue"
"DEBUG"	3212	"2026-07-16 16:42:43.397"	"Started work queue Server queue"
"DEBUG"	3212	"2026-07-16 16:42:43.400"	"Adding task Scheduler to work queue Server queue"
"DEBUG"	3212	"2026-07-16 16:42:43.400"	"Adding task IOService to work queue Server queue"
"DEBUG"	3212	"2026-07-16 16:42:43.400"	"Creating work queue SMTP delivery queue"
"DEBUG"	3212	"2026-07-16 16:42:43.400"	"Starting work queue SMTP delivery queue"
"DEBUG"	8084	"2026-07-16 16:42:43.400"	"Running worker in work queue Server queue"
"DEBUG"	3212	"2026-07-16 16:42:43.400"	"Started work queue SMTP delivery queue"
"DEBUG"	8112	"2026-07-16 16:42:43.400"	"Running worker in work queue Server queue"
"DEBUG"	8112	"2026-07-16 16:42:43.400"	"Executing task IOService in work queue Server queue"
"DEBUG"	8112	"2026-07-16 16:42:43.400"	"IOService::Start()"
"DEBUG"	1076	"2026-07-16 16:42:43.400"	"Running worker in work queue Server queue"
"DEBUG"	8084	"2026-07-16 16:42:43.400"	"Executing task Scheduler in work queue Server queue"
"DEBUG"	3232	"2026-07-16 16:42:43.400"	"Running worker in work queue Server queue"
"DEBUG"	3212	"2026-07-16 16:42:43.400"	"Adding task SMTPDeliveryManager to work queue Server queue"
"DEBUG"	3212	"2026-07-16 16:42:43.414"	"Creating work queue External fetch queue"
"DEBUG"	3212	"2026-07-16 16:42:43.414"	"Starting work queue External fetch queue"
"DEBUG"	3212	"2026-07-16 16:42:43.414"	"Started work queue External fetch queue"
"DEBUG"	3212	"2026-07-16 16:42:43.414"	"Adding task ExternalFetchManager to work queue Server queue"
"DEBUG"	3232	"2026-07-16 16:42:43.414"	"Executing task SMTPDeliveryManager in work queue Server queue"
"DEBUG"	3232	"2026-07-16 16:42:43.414"	"SMTPDeliveryManager::Start()"
"DEBUG"	1076	"2026-07-16 16:42:43.414"	"Executing task ExternalFetchManager in work queue Server queue"
"DEBUG"	1076	"2026-07-16 16:42:43.414"	"ExternalFetchManager::Start()"
"APPLICATION"	3212	"2026-07-16 16:42:43.414"	"Servers started."
"DEBUG"	7748	"2026-07-16 16:42:43.414"	"Running worker in work queue SMTP delivery queue"
"DEBUG"	4364	"2026-07-16 16:42:43.414"	"Running worker in work queue SMTP delivery queue"
"DEBUG"	4900	"2026-07-16 16:42:43.414"	"Running worker in work queue SMTP delivery queue"
"DEBUG"	7996	"2026-07-16 16:42:43.414"	"Running worker in work queue SMTP delivery queue"
"DEBUG"	3032	"2026-07-16 16:42:43.414"	"Running worker in work queue SMTP delivery queue"
"DEBUG"	7348	"2026-07-16 16:42:43.414"	"Running worker in work queue SMTP delivery queue"
"DEBUG"	4812	"2026-07-16 16:42:43.414"	"Running worker in work queue SMTP delivery queue"
"DEBUG"	4864	"2026-07-16 16:42:43.414"	"Running worker in work queue SMTP delivery queue"
"DEBUG"	5836	"2026-07-16 16:42:43.414"	"Running worker in work queue SMTP delivery queue"
"DEBUG"	5452	"2026-07-16 16:42:43.414"	"Running worker in work queue SMTP delivery queue"
"DEBUG"	3928	"2026-07-16 16:42:43.414"	"Running worker in work queue External fetch queue"
"DEBUG"	3932	"2026-07-16 16:42:43.414"	"Running worker in work queue External fetch queue"
"DEBUG"	5912	"2026-07-16 16:42:43.414"	"Running worker in work queue External fetch queue"
"DEBUG"	3760	"2026-07-16 16:42:43.414"	"Running worker in work queue External fetch queue"
"DEBUG"	3616	"2026-07-16 16:42:43.414"	"Running worker in work queue External fetch queue"
"DEBUG"	5184	"2026-07-16 16:42:43.414"	"Running worker in work queue External fetch queue"
"DEBUG"	3624	"2026-07-16 16:42:43.414"	"Running worker in work queue External fetch queue"
"DEBUG"	5828	"2026-07-16 16:42:43.414"	"Running worker in work queue External fetch queue"
"DEBUG"	7952	"2026-07-16 16:42:43.414"	"Running worker in work queue External fetch queue"
"DEBUG"	7860	"2026-07-16 16:42:43.414"	"Running worker in work queue External fetch queue"
"DEBUG"	3712	"2026-07-16 16:42:43.414"	"Running worker in work queue External fetch queue"
"DEBUG"	6960	"2026-07-16 16:42:43.414"	"Running worker in work queue External fetch queue"
"DEBUG"	3304	"2026-07-16 16:42:43.414"	"Running worker in work queue External fetch queue"
"DEBUG"	5808	"2026-07-16 16:42:43.414"	"Running worker in work queue External fetch queue"
"DEBUG"	6244	"2026-07-16 16:42:43.414"	"Running worker in work queue External fetch queue"
"DEBUG"	8112	"2026-07-16 16:42:43.414"	"Creating session 1"
"DEBUG"	8112	"2026-07-16 16:42:43.445"	"Creating session 2"
"DEBUG"	8112	"2026-07-16 16:42:43.445"	"Creating session 3"
"DEBUG"	8112	"2026-07-16 16:42:43.445"	"Creating session 4"
"DEBUG"	8112	"2026-07-16 16:42:43.445"	"Creating work queue IOCPQueue"
"DEBUG"	8112	"2026-07-16 16:42:43.445"	"Starting work queue IOCPQueue"
"DEBUG"	8112	"2026-07-16 16:42:43.445"	"Started work queue IOCPQueue"
"DEBUG"	8112	"2026-07-16 16:42:43.445"	"Adding task IOCPQueueWorkerTask to work queue IOCPQueue"
"DEBUG"	8112	"2026-07-16 16:42:43.445"	"Adding task IOCPQueueWorkerTask to work queue IOCPQueue"
"DEBUG"	8112	"2026-07-16 16:42:43.445"	"Adding task IOCPQueueWorkerTask to work queue IOCPQueue"
"DEBUG"	8112	"2026-07-16 16:42:43.445"	"Adding task IOCPQueueWorkerTask to work queue IOCPQueue"
"DEBUG"	8112	"2026-07-16 16:42:43.445"	"Adding task IOCPQueueWorkerTask to work queue IOCPQueue"
"DEBUG"	8112	"2026-07-16 16:42:43.445"	"Adding task IOCPQueueWorkerTask to work queue IOCPQueue"
"DEBUG"	8112	"2026-07-16 16:42:43.445"	"Adding task IOCPQueueWorkerTask to work queue IOCPQueue"
"DEBUG"	8112	"2026-07-16 16:42:43.445"	"Adding task IOCPQueueWorkerTask to work queue IOCPQueue"
"DEBUG"	8112	"2026-07-16 16:42:43.445"	"Adding task IOCPQueueWorkerTask to work queue IOCPQueue"
"DEBUG"	8112	"2026-07-16 16:42:43.445"	"Adding task IOCPQueueWorkerTask to work queue IOCPQueue"
"DEBUG"	8112	"2026-07-16 16:42:43.445"	"Adding task IOCPQueueWorkerTask to work queue IOCPQueue"
"DEBUG"	8112	"2026-07-16 16:42:43.461"	"Adding task IOCPQueueWorkerTask to work queue IOCPQueue"
"DEBUG"	8112	"2026-07-16 16:42:43.461"	"Adding task IOCPQueueWorkerTask to work queue IOCPQueue"
"DEBUG"	8112	"2026-07-16 16:42:43.461"	"Adding task IOCPQueueWorkerTask to work queue IOCPQueue"
"DEBUG"	8112	"2026-07-16 16:42:43.461"	"Adding task IOCPQueueWorkerTask to work queue IOCPQueue"
"DEBUG"	3844	"2026-07-16 16:42:43.461"	"Running worker in work queue IOCPQueue"
"DEBUG"	4176	"2026-07-16 16:42:43.461"	"Running worker in work queue IOCPQueue"
"DEBUG"	5048	"2026-07-16 16:42:43.461"	"Running worker in work queue IOCPQueue"
"DEBUG"	3844	"2026-07-16 16:42:43.461"	"Executing task IOCPQueueWorkerTask in work queue IOCPQueue"
"DEBUG"	4804	"2026-07-16 16:42:43.461"	"Running worker in work queue IOCPQueue"
"DEBUG"	4804	"2026-07-16 16:42:43.461"	"Executing task IOCPQueueWorkerTask in work queue IOCPQueue"
"DEBUG"	888	"2026-07-16 16:42:43.461"	"Running worker in work queue IOCPQueue"
"DEBUG"	888	"2026-07-16 16:42:43.461"	"Executing task IOCPQueueWorkerTask in work queue IOCPQueue"
"DEBUG"	4176	"2026-07-16 16:42:43.461"	"Executing task IOCPQueueWorkerTask in work queue IOCPQueue"
"DEBUG"	2756	"2026-07-16 16:42:43.461"	"Running worker in work queue IOCPQueue"
"DEBUG"	2256	"2026-07-16 16:42:43.461"	"Running worker in work queue IOCPQueue"
"DEBUG"	5852	"2026-07-16 16:42:43.461"	"Running worker in work queue IOCPQueue"
"DEBUG"	6664	"2026-07-16 16:42:43.461"	"Running worker in work queue IOCPQueue"
"DEBUG"	7752	"2026-07-16 16:42:43.461"	"Running worker in work queue IOCPQueue"
"DEBUG"	7752	"2026-07-16 16:42:43.461"	"Executing task IOCPQueueWorkerTask in work queue IOCPQueue"
"DEBUG"	2064	"2026-07-16 16:42:43.461"	"Running worker in work queue IOCPQueue"
"DEBUG"	2064	"2026-07-16 16:42:43.461"	"Executing task IOCPQueueWorkerTask in work queue IOCPQueue"
"DEBUG"	416	"2026-07-16 16:42:43.461"	"Running worker in work queue IOCPQueue"
"DEBUG"	416	"2026-07-16 16:42:43.461"	"Executing task IOCPQueueWorkerTask in work queue IOCPQueue"
"DEBUG"	5556	"2026-07-16 16:42:43.461"	"Running worker in work queue IOCPQueue"
"DEBUG"	5556	"2026-07-16 16:42:43.461"	"Executing task IOCPQueueWorkerTask in work queue IOCPQueue"
"DEBUG"	2256	"2026-07-16 16:42:43.461"	"Executing task IOCPQueueWorkerTask in work queue IOCPQueue"
"DEBUG"	5852	"2026-07-16 16:42:43.461"	"Executing task IOCPQueueWorkerTask in work queue IOCPQueue"
"DEBUG"	6664	"2026-07-16 16:42:43.461"	"Executing task IOCPQueueWorkerTask in work queue IOCPQueue"
"DEBUG"	5048	"2026-07-16 16:42:43.461"	"Executing task IOCPQueueWorkerTask in work queue IOCPQueue"
"DEBUG"	6404	"2026-07-16 16:42:43.461"	"Running worker in work queue IOCPQueue"
"DEBUG"	6404	"2026-07-16 16:42:43.477"	"Executing task IOCPQueueWorkerTask in work queue IOCPQueue"
"DEBUG"	6636	"2026-07-16 16:42:43.461"	"Running worker in work queue IOCPQueue"
"DEBUG"	2756	"2026-07-16 16:42:43.461"	"Executing task IOCPQueueWorkerTask in work queue IOCPQueue"
"DEBUG"	6636	"2026-07-16 16:42:43.477"	"Executing task IOCPQueueWorkerTask in work queue IOCPQueue"
"DEBUG"	6636	"2026-07-16 16:43:06.422"	"Creating session 5"
"TCPIP"	6636	"2026-07-16 16:43:06.422"	"TCP - 10.0.0.128 connected to 10.0.0.128:587."
"DEBUG"	6636	"2026-07-16 16:43:06.422"	"TCP connection started for session 4"
"SMTPD"	6636	4	"2026-07-16 16:43:06.422"	"10.0.0.128"	"SENT: 220 WIN-2F1VNVRVM11 ESMTP"
"SMTPD"	2756	4	"2026-07-16 16:43:06.566"	"10.0.0.128"	"RECEIVED: EHLO [10.0.0.128]"
"SMTPD"	2756	4	"2026-07-16 16:43:06.581"	"10.0.0.128"	"SENT: 250-WIN-2F1VNVRVM11[nl]250-SIZE 20480000[nl]250-AUTH LOGIN[nl]250 HELP"
"SMTPD"	6404	4	"2026-07-16 16:43:06.581"	"10.0.0.128"	"RECEIVED: AUTH LOGIN"
"SMTPD"	6404	4	"2026-07-16 16:43:06.581"	"10.0.0.128"	"SENT: 334 VXNlcm5hbWU6"
"SMTPD"	6636	4	"2026-07-16 16:43:06.597"	"10.0.0.128"	"RECEIVED: YkBoaS54eXo="
"SMTPD"	6636	4	"2026-07-16 16:43:06.597"	"10.0.0.128"	"SENT: 334 UGFzc3dvcmQ6"
"SMTPD"	5048	4	"2026-07-16 16:43:06.629"	"10.0.0.128"	"RECEIVED: ***"
"SMTPD"	5048	4	"2026-07-16 16:43:06.661"	"10.0.0.128"	"SENT: 235 authenticated."
"SMTPD"	2756	4	"2026-07-16 16:43:06.661"	"10.0.0.128"	"RECEIVED: MAIL FROM:<a@hi.xyz> SIZE=318"
"SMTPD"	2756	4	"2026-07-16 16:43:06.661"	"10.0.0.128"	"SENT: 250 OK"
"SMTPD"	6636	4	"2026-07-16 16:43:06.677"	"10.0.0.128"	"RECEIVED: RCPT TO:<b@hi.xyz>"
"SMTPD"	6636	4	"2026-07-16 16:43:06.677"	"10.0.0.128"	"SENT: 250 OK"
"SMTPD"	6404	4	"2026-07-16 16:43:06.677"	"10.0.0.128"	"RECEIVED: DATA"
"SMTPD"	6404	4	"2026-07-16 16:43:06.677"	"10.0.0.128"	"SENT: 354 OK, send."
"DEBUG"	6636	"2026-07-16 16:43:06.710"	"Adding task AsynchronousTask to work queue Asynchronous task queue"
"DEBUG"	2040	"2026-07-16 16:43:06.710"	"Executing task AsynchronousTask in work queue Asynchronous task queue"
"DEBUG"	2040	"2026-07-16 16:43:06.720"	"Executing event OnAcceptMessage"
"DEBUG"	2040	"2026-07-16 16:43:06.921"	"Event completed"
"DEBUG"	2040	"2026-07-16 16:43:06.921"	"Saving message: {C5710B9E-3929-46A8-AF6F-408236B28971}.eml"
"DEBUG"	2040	"2026-07-16 16:43:06.933"	"Requesting SMTPDeliveryManager to start message delivery"
"DEBUG"	3232	"2026-07-16 16:43:06.933"	"Adding task DeliveryTask to work queue SMTP delivery queue"
"SMTPD"	2040	4	"2026-07-16 16:43:06.933"	"10.0.0.128"	"SENT: 250 Queued (0.047 seconds)"
"DEBUG"	5452	"2026-07-16 16:43:06.996"	"Executing task DeliveryTask in work queue SMTP delivery queue"
"DEBUG"	5452	"2026-07-16 16:43:06.996"	"Delivering message..."
"APPLICATION"	5452	"2026-07-16 16:43:06.996"	"SMTPDeliverer - Message 71: Delivering message from a@hi.xyz to b@hi.xyz. File: C:\Program Files (x86)\hMailServer\Data\{C5710B9E-3929-46A8-AF6F-408236B28971}.eml"
"DEBUG"	5452	"2026-07-16 16:43:07.044"	"Applying rules"
"DEBUG"	5452	"2026-07-16 16:43:07.108"	"Applying rule Phishing Filter"
"DEBUG"	5452	"2026-07-16 16:43:07.123"	"Performing local delivery"
"DEBUG"	6636	"2026-07-16 16:43:07.124"	"Creating session 6"
"TCPIP"	6636	"2026-07-16 16:43:07.160"	"TCP - 10.0.0.128 connected to 10.0.0.128:143."
"DEBUG"	6636	"2026-07-16 16:43:07.173"	"TCP connection started for session 3"
"IMAPD"	6636	3	"2026-07-16 16:43:07.173"	"10.0.0.128"	"SENT: * OK IMAPrev1"
"IMAPD"	6636	3	"2026-07-16 16:43:07.173"	"10.0.0.128"	"RECEIVED: 13 capability"
"IMAPD"	6636	3	"2026-07-16 16:43:07.173"	"10.0.0.128"	"SENT: * CAPABILITY IMAP4 IMAP4rev1 CHILDREN IDLE QUOTA SORT ACL NAMESPACE RIGHTS=texk[nl]13 OK CAPABILITY completed"
"IMAPD"	6636	3	"2026-07-16 16:43:07.184"	"10.0.0.128"	"RECEIVED: 15 login "a@hi.xyz" ***"
"IMAPD"	6636	3	"2026-07-16 16:43:07.189"	"10.0.0.128"	"SENT: 15 OK LOGIN completed"
"IMAPD"	5048	3	"2026-07-16 16:43:07.189"	"10.0.0.128"	"RECEIVED: 16 capability"
"IMAPD"	5048	3	"2026-07-16 16:43:07.189"	"10.0.0.128"	"SENT: * CAPABILITY IMAP4 IMAP4rev1 CHILDREN IDLE QUOTA SORT ACL NAMESPACE RIGHTS=texk[nl]16 OK CAPABILITY completed"
"IMAPD"	6636	3	"2026-07-16 16:43:07.189"	"10.0.0.128"	"RECEIVED: 17 append "Sent" (\Seen) {318}"
"IMAPD"	6636	3	"2026-07-16 16:43:07.189"	"10.0.0.128"	"SENT: + Ready for literal data"
"DEBUG"	6664	"2026-07-16 16:43:07.206"	"Saving message: {C2A0605A-C84B-4DC4-AEB4-A8324FE131A9}.eml"
"IMAPD"	6664	3	"2026-07-16 16:43:07.206"	"10.0.0.128"	"SENT: 17 OK APPEND completed"
"DEBUG"	5452	"2026-07-16 16:43:07.238"	"Applying rules"
"DEBUG"	5452	"2026-07-16 16:43:07.238"	"Saving message: {C5710B9E-3929-46A8-AF6F-408236B28971}.eml"
"DEBUG"	5452	"2026-07-16 16:43:07.254"	"Local delivery completed"
"APPLICATION"	5452	"2026-07-16 16:43:07.254"	"SMTPDeliverer - Message 71: Message delivery thread completed."
"SMTPD"	6404	4	"2026-07-16 16:43:12.197"	"10.0.0.128"	"RECEIVED: QUIT"
"SMTPD"	6404	4	"2026-07-16 16:43:12.197"	"10.0.0.128"	"SENT: 221 goodbye"
"DEBUG"	6664	"2026-07-16 16:43:12.197"	"Ending session 4"
"DEBUG"	7276	"2026-07-16 16:46:35.526"	"Received stop-request from Windows."
"APPLICATION"	7276	"2026-07-16 16:46:35.526"	"Stopping servers..."
"DEBUG"	7276	"2026-07-16 16:46:35.541"	"Application::StopServers() - Removing server work queue"
"DEBUG"	7276	"2026-07-16 16:46:35.541"	"WorkQueueManager::RemoveQueue - Server queue"
"DEBUG"	7276	"2026-07-16 16:46:35.541"	"Stopping working queue Server queue."
"DEBUG"	7276	"2026-07-16 16:46:35.541"	"Interupt and join threads in working queue Server queue"
"DEBUG"	8112	"2026-07-16 16:46:35.541"	"IOService::Stop()"
"DEBUG"	6664	"2026-07-16 16:46:35.541"	"TCP - AcceptEx failed. Error code: 995, Message: 스레드 종료 또는 응용 프로그램 요청 때문에 I/O 작업이 취소되었습니다"
"DEBUG"	6664	"2026-07-16 16:46:35.541"	"Ending session 1"
"DEBUG"	2756	"2026-07-16 16:46:35.541"	"TCP - AcceptEx failed. Error code: 995, Message: 스레드 종료 또는 응용 프로그램 요청 때문에 I/O 작업이 취소되었습니다"
"DEBUG"	2756	"2026-07-16 16:46:35.541"	"Ending session 2"
"DEBUG"	5048	"2026-07-16 16:46:35.541"	"TCP - AcceptEx failed. Error code: 995, Message: 스레드 종료 또는 응용 프로그램 요청 때문에 I/O 작업이 취소되었습니다"
"DEBUG"	8112	"2026-07-16 16:46:35.541"	"IOService::DoWork() - removing Queue IOCP Queue"
"DEBUG"	8112	"2026-07-16 16:46:35.541"	"WorkQueueManager::RemoveQueue - IOCPQueue"
"DEBUG"	3232	"2026-07-16 16:46:35.541"	"Worker exited in work queue Server queue"
"DEBUG"	8084	"2026-07-16 16:46:35.541"	"Worker exited in work queue Server queue"
"DEBUG"	6636	"2026-07-16 16:46:35.541"	"TCP - AcceptEx failed. Error code: 995, Message: 스레드 종료 또는 응용 프로그램 요청 때문에 I/O 작업이 취소되었습니다"
"DEBUG"	5048	"2026-07-16 16:46:35.541"	"Ending session 5"
"DEBUG"	1076	"2026-07-16 16:46:35.541"	"Worker exited in work queue Server queue"
"DEBUG"	8112	"2026-07-16 16:46:35.541"	"Stopping working queue IOCPQueue."
"DEBUG"	6636	"2026-07-16 16:46:35.554"	"Ending session 6"
"DEBUG"	8112	"2026-07-16 16:46:35.558"	"Interupt and join threads in working queue IOCPQueue"
"DEBUG"	7276	"2026-07-16 16:46:35.558"	"Still 2 remaining threads in queue Server queue. First task: IOService"
"DEBUG"	5852	"2026-07-16 16:46:35.558"	"Worker exited in work queue IOCPQueue"
"DEBUG"	6636	"2026-07-16 16:46:35.558"	"Worker exited in work queue IOCPQueue"
"DEBUG"	2256	"2026-07-16 16:46:35.558"	"Worker exited in work queue IOCPQueue"
"DEBUG"	5048	"2026-07-16 16:46:35.558"	"Worker exited in work queue IOCPQueue"
"DEBUG"	5556	"2026-07-16 16:46:35.558"	"Worker exited in work queue IOCPQueue"
"DEBUG"	416	"2026-07-16 16:46:35.558"	"Worker exited in work queue IOCPQueue"
"DEBUG"	2064	"2026-07-16 16:46:35.558"	"Worker exited in work queue IOCPQueue"
"DEBUG"	7752	"2026-07-16 16:46:35.558"	"Worker exited in work queue IOCPQueue"
"DEBUG"	4176	"2026-07-16 16:46:35.574"	"Worker exited in work queue IOCPQueue"
"DEBUG"	888	"2026-07-16 16:46:35.574"	"Worker exited in work queue IOCPQueue"
"DEBUG"	4804	"2026-07-16 16:46:35.574"	"Worker exited in work queue IOCPQueue"
"DEBUG"	3844	"2026-07-16 16:46:35.574"	"Worker exited in work queue IOCPQueue"
"DEBUG"	6664	"2026-07-16 16:46:35.574"	"Worker exited in work queue IOCPQueue"
"DEBUG"	2756	"2026-07-16 16:46:35.574"	"Worker exited in work queue IOCPQueue"
"DEBUG"	6404	"2026-07-16 16:46:35.574"	"Worker exited in work queue IOCPQueue"
"DEBUG"	8112	"2026-07-16 16:46:35.574"	"Still 1 remaining threads in queue IOCPQueue. First task: <Unknown>"
"DEBUG"	7276	"2026-07-16 16:46:35.843"	"Still 1 remaining threads in queue Server queue. First task: IOService"
"DEBUG"	8112	"2026-07-16 16:46:35.843"	"All threads are joined in queue IOCPQueue."
"DEBUG"	8112	"2026-07-16 16:46:35.843"	"WorkQueueManager::RemoveQueue - Stopped IOCPQueue"
"DEBUG"	8112	"2026-07-16 16:46:35.843"	"WorkQueueManager::RemoveQueue - Erased IOCPQueue"
"DEBUG"	8112	"2026-07-16 16:46:35.843"	"IOService::Stop() - Complete"
"DEBUG"	8112	"2026-07-16 16:46:35.843"	"Destructing work queue IOCPQueue"
"DEBUG"	8112	"2026-07-16 16:46:36.099"	"Worker exited in work queue Server queue"
"DEBUG"	7276	"2026-07-16 16:46:36.099"	"All threads are joined in queue Server queue."
"DEBUG"	7276	"2026-07-16 16:46:36.099"	"WorkQueueManager::RemoveQueue - Stopped Server queue"
"DEBUG"	7276	"2026-07-16 16:46:36.099"	"WorkQueueManager::RemoveQueue - Erased Server queue"
"DEBUG"	7276	"2026-07-16 16:46:36.099"	"Destructing work queue Server queue"
"DEBUG"	7276	"2026-07-16 16:46:36.099"	"Application::StopServers() - Clearing caches"
"DEBUG"	7276	"2026-07-16 16:46:36.099"	"Application::StopServers() - Destructing IOCP"
"DEBUG"	7276	"2026-07-16 16:46:36.099"	"IOService::~IOService - Destructing"
"DEBUG"	7276	"2026-07-16 16:46:36.099"	"TCPServer::~TCPServer"
"DEBUG"	7276	"2026-07-16 16:46:36.099"	"TCPServer::~TCPServer"
"DEBUG"	7276	"2026-07-16 16:46:36.099"	"TCPServer::~TCPServer"
"DEBUG"	7276	"2026-07-16 16:46:36.099"	"TCPServer::~TCPServer"
"DEBUG"	7276	"2026-07-16 16:46:36.099"	"Ending session 3"
"DEBUG"	7276	"2026-07-16 16:46:36.099"	"Application::StopServers() - Destructing DeliveryManager"
"DEBUG"	7276	"2026-07-16 16:46:36.099"	"WorkQueueManager::RemoveQueue - SMTP delivery queue"
"DEBUG"	7276	"2026-07-16 16:46:36.099"	"Stopping working queue SMTP delivery queue."
"DEBUG"	7276	"2026-07-16 16:46:36.099"	"Interupt and join threads in working queue SMTP delivery queue"
"DEBUG"	5452	"2026-07-16 16:46:36.099"	"Worker exited in work queue SMTP delivery queue"
"DEBUG"	5836	"2026-07-16 16:46:36.114"	"Worker exited in work queue SMTP delivery queue"
"DEBUG"	4864	"2026-07-16 16:46:36.114"	"Worker exited in work queue SMTP delivery queue"
"DEBUG"	4812	"2026-07-16 16:46:36.114"	"Worker exited in work queue SMTP delivery queue"
"DEBUG"	7748	"2026-07-16 16:46:36.114"	"Worker exited in work queue SMTP delivery queue"
"DEBUG"	7348	"2026-07-16 16:46:36.114"	"Worker exited in work queue SMTP delivery queue"
"DEBUG"	3032	"2026-07-16 16:46:36.114"	"Worker exited in work queue SMTP delivery queue"
"DEBUG"	7996	"2026-07-16 16:46:36.114"	"Worker exited in work queue SMTP delivery queue"
"DEBUG"	4900	"2026-07-16 16:46:36.114"	"Worker exited in work queue SMTP delivery queue"
"DEBUG"	4364	"2026-07-16 16:46:36.114"	"Worker exited in work queue SMTP delivery queue"
"DEBUG"	7276	"2026-07-16 16:46:36.114"	"Still 1 remaining threads in queue SMTP delivery queue. First task: <Unknown>"
"DEBUG"	7276	"2026-07-16 16:46:36.385"	"All threads are joined in queue SMTP delivery queue."
"DEBUG"	7276	"2026-07-16 16:46:36.385"	"WorkQueueManager::RemoveQueue - Stopped SMTP delivery queue"
"DEBUG"	7276	"2026-07-16 16:46:36.385"	"WorkQueueManager::RemoveQueue - Erased SMTP delivery queue"
"DEBUG"	7276	"2026-07-16 16:46:36.385"	"Destructing work queue SMTP delivery queue"
"DEBUG"	7276	"2026-07-16 16:46:36.385"	"Application::StopServers() - Destructing FetchManager"
"DEBUG"	7276	"2026-07-16 16:46:36.385"	"ExternalFetchManager::~ExternalFetchManager"
"DEBUG"	7276	"2026-07-16 16:46:36.385"	"WorkQueueManager::RemoveQueue - External fetch queue"
"DEBUG"	7276	"2026-07-16 16:46:36.385"	"Stopping working queue External fetch queue."
"DEBUG"	7276	"2026-07-16 16:46:36.385"	"Interupt and join threads in working queue External fetch queue"
"DEBUG"	6244	"2026-07-16 16:46:36.385"	"Worker exited in work queue External fetch queue"
"DEBUG"	5808	"2026-07-16 16:46:36.385"	"Worker exited in work queue External fetch queue"
"DEBUG"	3304	"2026-07-16 16:46:36.385"	"Worker exited in work queue External fetch queue"
"DEBUG"	6960	"2026-07-16 16:46:36.385"	"Worker exited in work queue External fetch queue"
"DEBUG"	3712	"2026-07-16 16:46:36.385"	"Worker exited in work queue External fetch queue"
"DEBUG"	7860	"2026-07-16 16:46:36.401"	"Worker exited in work queue External fetch queue"
"DEBUG"	7952	"2026-07-16 16:46:36.401"	"Worker exited in work queue External fetch queue"
"DEBUG"	5828	"2026-07-16 16:46:36.401"	"Worker exited in work queue External fetch queue"
"DEBUG"	3624	"2026-07-16 16:46:36.401"	"Worker exited in work queue External fetch queue"
"DEBUG"	5184	"2026-07-16 16:46:36.401"	"Worker exited in work queue External fetch queue"
"DEBUG"	3616	"2026-07-16 16:46:36.401"	"Worker exited in work queue External fetch queue"
"DEBUG"	3760	"2026-07-16 16:46:36.401"	"Worker exited in work queue External fetch queue"
"DEBUG"	5912	"2026-07-16 16:46:36.401"	"Worker exited in work queue External fetch queue"
"DEBUG"	3932	"2026-07-16 16:46:36.401"	"Worker exited in work queue External fetch queue"
"DEBUG"	3928	"2026-07-16 16:46:36.401"	"Worker exited in work queue External fetch queue"
"DEBUG"	7276	"2026-07-16 16:46:36.401"	"Still 1 remaining threads in queue External fetch queue. First task: <Unknown>"
"DEBUG"	7276	"2026-07-16 16:46:36.670"	"All threads are joined in queue External fetch queue."
"DEBUG"	7276	"2026-07-16 16:46:36.670"	"WorkQueueManager::RemoveQueue - Stopped External fetch queue"
"DEBUG"	7276	"2026-07-16 16:46:36.670"	"WorkQueueManager::RemoveQueue - Erased External fetch queue"
"DEBUG"	7276	"2026-07-16 16:46:36.670"	"Destructing work queue External fetch queue"
"DEBUG"	7276	"2026-07-16 16:46:36.670"	"ExternalFetchManager::~ExternalFetchManager - Removed queue"
"DEBUG"	7276	"2026-07-16 16:46:36.670"	"Application::StopServers() - Destructing Scheduler"
"DEBUG"	7276	"2026-07-16 16:46:36.670"	"Application::StopServers() - Destructing Rest"
"APPLICATION"	7276	"2026-07-16 16:46:36.670"	"Servers stopped."
"DEBUG"	7276	"2026-07-16 16:46:36.670"	"WorkQueueManager::RemoveQueue - Maintenance queue"
"DEBUG"	7276	"2026-07-16 16:46:36.670"	"Stopping working queue Maintenance queue."
"DEBUG"	7276	"2026-07-16 16:46:36.670"	"Interupt and join threads in working queue Maintenance queue"
"DEBUG"	1644	"2026-07-16 16:46:36.670"	"Worker exited in work queue Maintenance queue"
"DEBUG"	3376	"2026-07-16 16:46:36.670"	"Worker exited in work queue Maintenance queue"
"DEBUG"	1508	"2026-07-16 16:46:36.670"	"Worker exited in work queue Maintenance queue"
"DEBUG"	5320	"2026-07-16 16:46:36.670"	"Worker exited in work queue Maintenance queue"
"DEBUG"	2252	"2026-07-16 16:46:36.670"	"Worker exited in work queue Maintenance queue"
"DEBUG"	7276	"2026-07-16 16:46:36.670"	"All threads are joined in queue Maintenance queue."
"DEBUG"	7276	"2026-07-16 16:46:36.670"	"WorkQueueManager::RemoveQueue - Stopped Maintenance queue"
"DEBUG"	7276	"2026-07-16 16:46:36.670"	"WorkQueueManager::RemoveQueue - Erased Maintenance queue"
"DEBUG"	7276	"2026-07-16 16:46:36.670"	"Destructing work queue Maintenance queue"
"DEBUG"	7276	"2026-07-16 16:46:36.670"	"WorkQueueManager::RemoveQueue - Asynchronous task queue"
"DEBUG"	7276	"2026-07-16 16:46:36.670"	"Stopping working queue Asynchronous task queue."
"DEBUG"	7276	"2026-07-16 16:46:36.686"	"Interupt and join threads in working queue Asynchronous task queue"
"DEBUG"	2040	"2026-07-16 16:46:36.686"	"Worker exited in work queue Asynchronous task queue"
"DEBUG"	2904	"2026-07-16 16:46:36.686"	"Worker exited in work queue Asynchronous task queue"
"DEBUG"	5916	"2026-07-16 16:46:36.686"	"Worker exited in work queue Asynchronous task queue"
"DEBUG"	5924	"2026-07-16 16:46:36.686"	"Worker exited in work queue Asynchronous task queue"
"DEBUG"	6060	"2026-07-16 16:46:36.686"	"Worker exited in work queue Asynchronous task queue"
"DEBUG"	8176	"2026-07-16 16:46:36.686"	"Worker exited in work queue Asynchronous task queue"
"DEBUG"	5736	"2026-07-16 16:46:36.686"	"Worker exited in work queue Asynchronous task queue"
"DEBUG"	5156	"2026-07-16 16:46:36.686"	"Worker exited in work queue Asynchronous task queue"
"DEBUG"	5252	"2026-07-16 16:46:36.686"	"Worker exited in work queue Asynchronous task queue"
"DEBUG"	7820	"2026-07-16 16:46:36.686"	"Worker exited in work queue Asynchronous task queue"
"DEBUG"	2668	"2026-07-16 16:46:36.686"	"Worker exited in work queue Asynchronous task queue"
"DEBUG"	7004	"2026-07-16 16:46:36.686"	"Worker exited in work queue Asynchronous task queue"
"DEBUG"	5056	"2026-07-16 16:46:36.686"	"Worker exited in work queue Asynchronous task queue"
"DEBUG"	7412	"2026-07-16 16:46:36.686"	"Worker exited in work queue Asynchronous task queue"
"DEBUG"	1436	"2026-07-16 16:46:36.686"	"Worker exited in work queue Asynchronous task queue"
"DEBUG"	7276	"2026-07-16 16:46:36.702"	"Still 1 remaining threads in queue Asynchronous task queue. First task: <Unknown>"
"DEBUG"	7276	"2026-07-16 16:46:36.957"	"All threads are joined in queue Asynchronous task queue."
"DEBUG"	7276	"2026-07-16 16:46:36.957"	"WorkQueueManager::RemoveQueue - Stopped Asynchronous task queue"
"DEBUG"	7276	"2026-07-16 16:46:36.957"	"WorkQueueManager::RemoveQueue - Erased Asynchronous task queue"
"DEBUG"	7276	"2026-07-16 16:46:36.957"	"Destructing work queue Asynchronous task queue"
"DEBUG"	7276	"2026-07-16 16:46:36.957"	"Application::ExitInstance - Closing database connection..."
"DEBUG"	7276	"2026-07-16 16:46:36.957"	"Application::ExitInstance - Deleting caches..."
"DEBUG"	2044	"2026-07-16 16:46:41.068"	"Application::InitInstance - Configuration loaded."
"DEBUG"	2044	"2026-07-16 16:46:41.068"	"Creating work queue Asynchronous task queue"
"DEBUG"	2044	"2026-07-16 16:46:41.068"	"Starting work queue Asynchronous task queue"
"DEBUG"	2044	"2026-07-16 16:46:41.068"	"Started work queue Asynchronous task queue"
"APPLICATION"	2044	"2026-07-16 16:46:41.068"	"Starting servers..."
"DEBUG"	4988	"2026-07-16 16:46:41.068"	"Running worker in work queue Asynchronous task queue"
"DEBUG"	6932	"2026-07-16 16:46:41.068"	"Running worker in work queue Asynchronous task queue"
"DEBUG"	3484	"2026-07-16 16:46:41.068"	"Running worker in work queue Asynchronous task queue"
"DEBUG"	5528	"2026-07-16 16:46:41.068"	"Running worker in work queue Asynchronous task queue"
"DEBUG"	1912	"2026-07-16 16:46:41.068"	"Running worker in work queue Asynchronous task queue"
"DEBUG"	6408	"2026-07-16 16:46:41.068"	"Running worker in work queue Asynchronous task queue"
"DEBUG"	2140	"2026-07-16 16:46:41.068"	"Running worker in work queue Asynchronous task queue"
"DEBUG"	4292	"2026-07-16 16:46:41.068"	"Running worker in work queue Asynchronous task queue"
"DEBUG"	4380	"2026-07-16 16:46:41.068"	"Running worker in work queue Asynchronous task queue"
"DEBUG"	2884	"2026-07-16 16:46:41.068"	"Running worker in work queue Asynchronous task queue"
"DEBUG"	2044	"2026-07-16 16:46:41.083"	"Creating work queue Server queue"
"DEBUG"	7660	"2026-07-16 16:46:41.083"	"Running worker in work queue Asynchronous task queue"
"DEBUG"	4884	"2026-07-16 16:46:41.083"	"Running worker in work queue Asynchronous task queue"
"DEBUG"	5444	"2026-07-16 16:46:41.083"	"Running worker in work queue Asynchronous task queue"
"DEBUG"	4652	"2026-07-16 16:46:41.083"	"Running worker in work queue Asynchronous task queue"
"DEBUG"	2172	"2026-07-16 16:46:41.083"	"Running worker in work queue Asynchronous task queue"
"DEBUG"	2044	"2026-07-16 16:46:41.085"	"Starting work queue Server queue"
"DEBUG"	2044	"2026-07-16 16:46:41.085"	"Started work queue Server queue"
"DEBUG"	2044	"2026-07-16 16:46:41.085"	"Adding task Scheduler to work queue Server queue"
"DEBUG"	2044	"2026-07-16 16:46:41.085"	"Adding task IOService to work queue Server queue"
"DEBUG"	2044	"2026-07-16 16:46:41.085"	"Creating work queue SMTP delivery queue"
"DEBUG"	2044	"2026-07-16 16:46:41.085"	"Starting work queue SMTP delivery queue"
"DEBUG"	2044	"2026-07-16 16:46:41.085"	"Started work queue SMTP delivery queue"
"DEBUG"	2044	"2026-07-16 16:46:41.095"	"Adding task SMTPDeliveryManager to work queue Server queue"
"DEBUG"	4560	"2026-07-16 16:46:41.095"	"Running worker in work queue Server queue"
"DEBUG"	2044	"2026-07-16 16:46:41.095"	"Creating work queue External fetch queue"
"DEBUG"	5944	"2026-07-16 16:46:41.095"	"Running worker in work queue Server queue"
"DEBUG"	2920	"2026-07-16 16:46:41.095"	"Running worker in work queue Server queue"
"DEBUG"	4560	"2026-07-16 16:46:41.095"	"Executing task Scheduler in work queue Server queue"
"DEBUG"	6704	"2026-07-16 16:46:41.095"	"Running worker in work queue Server queue"
"DEBUG"	1820	"2026-07-16 16:46:41.095"	"Running worker in work queue SMTP delivery queue"
"DEBUG"	3696	"2026-07-16 16:46:41.095"	"Running worker in work queue SMTP delivery queue"
"DEBUG"	2044	"2026-07-16 16:46:41.095"	"Starting work queue External fetch queue"
"DEBUG"	2044	"2026-07-16 16:46:41.100"	"Started work queue External fetch queue"
"DEBUG"	2044	"2026-07-16 16:46:41.100"	"Adding task ExternalFetchManager to work queue Server queue"
"DEBUG"	5076	"2026-07-16 16:46:41.095"	"Running worker in work queue SMTP delivery queue"
"DEBUG"	6704	"2026-07-16 16:46:41.100"	"Executing task ExternalFetchManager in work queue Server queue"
"DEBUG"	5944	"2026-07-16 16:46:41.095"	"Executing task IOService in work queue Server queue"
"DEBUG"	7504	"2026-07-16 16:46:41.100"	"Running worker in work queue External fetch queue"
"DEBUG"	1072	"2026-07-16 16:46:41.095"	"Running worker in work queue SMTP delivery queue"
"DEBUG"	2484	"2026-07-16 16:46:41.095"	"Running worker in work queue SMTP delivery queue"
"DEBUG"	2920	"2026-07-16 16:46:41.095"	"Executing task SMTPDeliveryManager in work queue Server queue"
"DEBUG"	2920	"2026-07-16 16:46:41.100"	"SMTPDeliveryManager::Start()"
"DEBUG"	6828	"2026-07-16 16:46:41.095"	"Running worker in work queue SMTP delivery queue"
"APPLICATION"	2044	"2026-07-16 16:46:41.100"	"Servers started."
"DEBUG"	3476	"2026-07-16 16:46:41.095"	"Running worker in work queue SMTP delivery queue"
"DEBUG"	4452	"2026-07-16 16:46:41.095"	"Running worker in work queue SMTP delivery queue"
"DEBUG"	6704	"2026-07-16 16:46:41.100"	"ExternalFetchManager::Start()"
"DEBUG"	912	"2026-07-16 16:46:41.100"	"Running worker in work queue External fetch queue"
"DEBUG"	1028	"2026-07-16 16:46:41.100"	"Running worker in work queue External fetch queue"
"DEBUG"	760	"2026-07-16 16:46:41.095"	"Running worker in work queue SMTP delivery queue"
"DEBUG"	5944	"2026-07-16 16:46:41.100"	"IOService::Start()"
"DEBUG"	848	"2026-07-16 16:46:41.100"	"Running worker in work queue External fetch queue"
"DEBUG"	4280	"2026-07-16 16:46:41.100"	"Running worker in work queue External fetch queue"
"DEBUG"	8056	"2026-07-16 16:46:41.100"	"Running worker in work queue External fetch queue"
"DEBUG"	2900	"2026-07-16 16:46:41.100"	"Running worker in work queue External fetch queue"
"DEBUG"	8064	"2026-07-16 16:46:41.100"	"Running worker in work queue External fetch queue"
"DEBUG"	6488	"2026-07-16 16:46:41.100"	"Running worker in work queue External fetch queue"
"DEBUG"	4972	"2026-07-16 16:46:41.100"	"Running worker in work queue External fetch queue"
"DEBUG"	4740	"2026-07-16 16:46:41.100"	"Running worker in work queue External fetch queue"
"DEBUG"	3668	"2026-07-16 16:46:41.100"	"Running worker in work queue External fetch queue"
"DEBUG"	6500	"2026-07-16 16:46:41.100"	"Running worker in work queue External fetch queue"
"DEBUG"	7204	"2026-07-16 16:46:41.100"	"Running worker in work queue External fetch queue"
"DEBUG"	6044	"2026-07-16 16:46:41.100"	"Running worker in work queue External fetch queue"
"DEBUG"	7768	"2026-07-16 16:46:41.095"	"Running worker in work queue SMTP delivery queue"
"DEBUG"	5944	"2026-07-16 16:46:41.116"	"Creating session 1"
"DEBUG"	5944	"2026-07-16 16:46:41.116"	"Creating session 2"
"DEBUG"	5944	"2026-07-16 16:46:41.132"	"Creating session 3"
"DEBUG"	5944	"2026-07-16 16:46:41.132"	"Creating session 4"
"DEBUG"	5944	"2026-07-16 16:46:41.132"	"Creating work queue IOCPQueue"
"DEBUG"	5944	"2026-07-16 16:46:41.132"	"Starting work queue IOCPQueue"
"DEBUG"	5944	"2026-07-16 16:46:41.132"	"Started work queue IOCPQueue"
"DEBUG"	5944	"2026-07-16 16:46:41.132"	"Adding task IOCPQueueWorkerTask to work queue IOCPQueue"
"DEBUG"	5944	"2026-07-16 16:46:41.132"	"Adding task IOCPQueueWorkerTask to work queue IOCPQueue"
"DEBUG"	5944	"2026-07-16 16:46:41.132"	"Adding task IOCPQueueWorkerTask to work queue IOCPQueue"
"DEBUG"	5944	"2026-07-16 16:46:41.132"	"Adding task IOCPQueueWorkerTask to work queue IOCPQueue"
"DEBUG"	5944	"2026-07-16 16:46:41.132"	"Adding task IOCPQueueWorkerTask to work queue IOCPQueue"
"DEBUG"	5944	"2026-07-16 16:46:41.132"	"Adding task IOCPQueueWorkerTask to work queue IOCPQueue"
"DEBUG"	5944	"2026-07-16 16:46:41.132"	"Adding task IOCPQueueWorkerTask to work queue IOCPQueue"
"DEBUG"	5944	"2026-07-16 16:46:41.132"	"Adding task IOCPQueueWorkerTask to work queue IOCPQueue"
"DEBUG"	5944	"2026-07-16 16:46:41.132"	"Adding task IOCPQueueWorkerTask to work queue IOCPQueue"
"DEBUG"	5944	"2026-07-16 16:46:41.132"	"Adding task IOCPQueueWorkerTask to work queue IOCPQueue"
"DEBUG"	5944	"2026-07-16 16:46:41.132"	"Adding task IOCPQueueWorkerTask to work queue IOCPQueue"
"DEBUG"	5944	"2026-07-16 16:46:41.132"	"Adding task IOCPQueueWorkerTask to work queue IOCPQueue"
"DEBUG"	5944	"2026-07-16 16:46:41.132"	"Adding task IOCPQueueWorkerTask to work queue IOCPQueue"
"DEBUG"	5944	"2026-07-16 16:46:41.132"	"Adding task IOCPQueueWorkerTask to work queue IOCPQueue"
"DEBUG"	5944	"2026-07-16 16:46:41.132"	"Adding task IOCPQueueWorkerTask to work queue IOCPQueue"
"DEBUG"	2020	"2026-07-16 16:46:41.132"	"Running worker in work queue IOCPQueue"
"DEBUG"	6516	"2026-07-16 16:46:41.132"	"Running worker in work queue IOCPQueue"
"DEBUG"	1372	"2026-07-16 16:46:41.132"	"Running worker in work queue IOCPQueue"
"DEBUG"	4640	"2026-07-16 16:46:41.132"	"Running worker in work queue IOCPQueue"
"DEBUG"	3884	"2026-07-16 16:46:41.132"	"Running worker in work queue IOCPQueue"
"DEBUG"	2020	"2026-07-16 16:46:41.132"	"Executing task IOCPQueueWorkerTask in work queue IOCPQueue"
"DEBUG"	2436	"2026-07-16 16:46:41.132"	"Running worker in work queue IOCPQueue"
"DEBUG"	2436	"2026-07-16 16:46:41.148"	"Executing task IOCPQueueWorkerTask in work queue IOCPQueue"
"DEBUG"	6240	"2026-07-16 16:46:41.132"	"Running worker in work queue IOCPQueue"
"DEBUG"	6240	"2026-07-16 16:46:41.148"	"Executing task IOCPQueueWorkerTask in work queue IOCPQueue"
"DEBUG"	4784	"2026-07-16 16:46:41.132"	"Running worker in work queue IOCPQueue"
"DEBUG"	4784	"2026-07-16 16:46:41.148"	"Executing task IOCPQueueWorkerTask in work queue IOCPQueue"
"DEBUG"	4680	"2026-07-16 16:46:41.132"	"Running worker in work queue IOCPQueue"
"DEBUG"	4680	"2026-07-16 16:46:41.148"	"Executing task IOCPQueueWorkerTask in work queue IOCPQueue"
"DEBUG"	6028	"2026-07-16 16:46:41.132"	"Running worker in work queue IOCPQueue"
"DEBUG"	1372	"2026-07-16 16:46:41.132"	"Executing task IOCPQueueWorkerTask in work queue IOCPQueue"
"DEBUG"	5360	"2026-07-16 16:46:41.132"	"Running worker in work queue IOCPQueue"
"DEBUG"	6416	"2026-07-16 16:46:41.132"	"Running worker in work queue IOCPQueue"
"DEBUG"	4640	"2026-07-16 16:46:41.148"	"Executing task IOCPQueueWorkerTask in work queue IOCPQueue"
"DEBUG"	3884	"2026-07-16 16:46:41.148"	"Executing task IOCPQueueWorkerTask in work queue IOCPQueue"
"DEBUG"	3704	"2026-07-16 16:46:41.132"	"Running worker in work queue IOCPQueue"
"DEBUG"	3704	"2026-07-16 16:46:41.148"	"Executing task IOCPQueueWorkerTask in work queue IOCPQueue"
"DEBUG"	5096	"2026-07-16 16:46:41.132"	"Running worker in work queue IOCPQueue"
"DEBUG"	5096	"2026-07-16 16:46:41.148"	"Executing task IOCPQueueWorkerTask in work queue IOCPQueue"
"DEBUG"	6028	"2026-07-16 16:46:41.148"	"Executing task IOCPQueueWorkerTask in work queue IOCPQueue"
"DEBUG"	5360	"2026-07-16 16:46:41.148"	"Executing task IOCPQueueWorkerTask in work queue IOCPQueue"
"DEBUG"	6416	"2026-07-16 16:46:41.148"	"Executing task IOCPQueueWorkerTask in work queue IOCPQueue"
"DEBUG"	6516	"2026-07-16 16:46:41.132"	"Executing task IOCPQueueWorkerTask in work queue IOCPQueue"
"DEBUG"	7036	"2026-07-16 16:46:41.132"	"Running worker in work queue IOCPQueue"
"DEBUG"	7036	"2026-07-16 16:46:41.148"	"Executing task IOCPQueueWorkerTask in work queue IOCPQueue"
"DEBUG"	7036	"2026-07-16 16:47:05.132"	"Creating session 5"
"TCPIP"	7036	"2026-07-16 16:47:05.148"	"TCP - 10.0.0.128 connected to 10.0.0.128:143."
"DEBUG"	7036	"2026-07-16 16:47:05.148"	"TCP connection started for session 3"
"IMAPD"	7036	3	"2026-07-16 16:47:05.148"	"10.0.0.128"	"SENT: * OK IMAPrev1"
"IMAPD"	7036	3	"2026-07-16 16:47:05.148"	"10.0.0.128"	"RECEIVED: 87 capability"
"IMAPD"	7036	3	"2026-07-16 16:47:05.148"	"10.0.0.128"	"SENT: * CAPABILITY IMAP4 IMAP4rev1 CHILDREN IDLE QUOTA SORT ACL NAMESPACE RIGHTS=texk[nl]87 OK CAPABILITY completed"
"IMAPD"	6516	3	"2026-07-16 16:47:05.163"	"10.0.0.128"	"RECEIVED: 89 login "a@hi.xyz" ***"
"IMAPD"	6516	3	"2026-07-16 16:47:05.181"	"10.0.0.128"	"SENT: 89 OK LOGIN completed"
"IMAPD"	6516	3	"2026-07-16 16:47:05.181"	"10.0.0.128"	"RECEIVED: 90 capability"
"IMAPD"	6516	3	"2026-07-16 16:47:05.181"	"10.0.0.128"	"SENT: * CAPABILITY IMAP4 IMAP4rev1 CHILDREN IDLE QUOTA SORT ACL NAMESPACE RIGHTS=texk[nl]90 OK CAPABILITY completed"
"IMAPD"	6516	3	"2026-07-16 16:47:05.181"	"10.0.0.128"	"RECEIVED: 91 select "INBOX""
"DEBUG"	6516	"2026-07-16 16:47:05.195"	"Reading messages from database."
"IMAPD"	6516	3	"2026-07-16 16:47:05.195"	"10.0.0.128"	"SENT: * 15 EXISTS[nl]* 15 RECENT[nl]* FLAGS (\Deleted \Seen \Draft \Answered \Flagged)[nl]* OK [UIDVALIDITY 1783903039] current uidvalidity[nl]* OK [UNSEEN 5] unseen messages[nl]* OK [UIDNEXT 18] next uid[nl]* OK [PERMANENTFLAGS (\Deleted \Seen \Draft \Answered \Flagged)] limited[nl]91 OK [READ-WRITE] SELECT completed"
"IMAPD"	6516	3	"2026-07-16 16:47:05.206"	"10.0.0.128"	"RECEIVED: 92 getquotaroot "INBOX""
"IMAPD"	6516	3	"2026-07-16 16:47:05.211"	"10.0.0.128"	"SENT: * QUOTAROOT "INBOX" ""[nl]* QUOTA "" ()[nl]92 OK GETQUOTAROOT completed"
"IMAPD"	6516	3	"2026-07-16 16:47:05.211"	"10.0.0.128"	"RECEIVED: 93 UID fetch 1:* (FLAGS)"
"IMAPD"	6516	3	"2026-07-16 16:47:05.211"	"10.0.0.128"	"SENT: * 1 FETCH (UID 3 FLAGS (\Seen))"
"IMAPD"	6516	3	"2026-07-16 16:47:05.211"	"10.0.0.128"	"SENT: * 2 FETCH (UID 4 FLAGS (\Seen))"
"IMAPD"	6516	3	"2026-07-16 16:47:05.211"	"10.0.0.128"	"SENT: * 3 FETCH (UID 5 FLAGS ())"
"IMAPD"	6516	3	"2026-07-16 16:47:05.211"	"10.0.0.128"	"SENT: * 4 FETCH (UID 6 FLAGS ())"
"IMAPD"	6516	3	"2026-07-16 16:47:05.211"	"10.0.0.128"	"SENT: * 5 FETCH (UID 7 FLAGS ())"
"IMAPD"	6516	3	"2026-07-16 16:47:05.211"	"10.0.0.128"	"SENT: * 6 FETCH (UID 8 FLAGS ())"
"IMAPD"	6516	3	"2026-07-16 16:47:05.211"	"10.0.0.128"	"SENT: * 7 FETCH (UID 9 FLAGS ())"
"IMAPD"	6516	3	"2026-07-16 16:47:05.211"	"10.0.0.128"	"SENT: * 8 FETCH (UID 10 FLAGS ())"
"IMAPD"	6516	3	"2026-07-16 16:47:05.227"	"10.0.0.128"	"SENT: * 9 FETCH (UID 11 FLAGS (\Seen))"
"IMAPD"	6516	3	"2026-07-16 16:47:05.227"	"10.0.0.128"	"SENT: * 10 FETCH (UID 12 FLAGS (\Seen))"
"IMAPD"	6516	3	"2026-07-16 16:47:05.227"	"10.0.0.128"	"SENT: * 11 FETCH (UID 13 FLAGS (\Seen))"
"IMAPD"	6516	3	"2026-07-16 16:47:05.227"	"10.0.0.128"	"SENT: * 12 FETCH (UID 14 FLAGS ())"
"IMAPD"	6516	3	"2026-07-16 16:47:05.227"	"10.0.0.128"	"SENT: * 13 FETCH (UID 15 FLAGS ())"
"IMAPD"	6516	3	"2026-07-16 16:47:05.227"	"10.0.0.128"	"SENT: * 14 FETCH (UID 16 FLAGS ())"
"IMAPD"	6516	3	"2026-07-16 16:47:05.227"	"10.0.0.128"	"SENT: * 15 FETCH (UID 17 FLAGS ())"
"IMAPD"	6516	3	"2026-07-16 16:47:05.227"	"10.0.0.128"	"SENT: 93 OK UID completed"
"IMAPD"	5360	3	"2026-07-16 16:47:05.274"	"10.0.0.128"	"RECEIVED: 94 uid store 17 +Flags (\Seen)"
"IMAPD"	5360	3	"2026-07-16 16:47:05.274"	"10.0.0.128"	"SENT: * 15 FETCH (FLAGS (\Seen) UID 17)"
"IMAPD"	5360	3	"2026-07-16 16:47:05.274"	"10.0.0.128"	"SENT: 94 OK UID completed"
"IMAPD"	5096	3	"2026-07-16 16:47:07.298"	"10.0.0.128"	"RECEIVED: 95 IDLE"
"IMAPD"	5096	3	"2026-07-16 16:47:07.298"	"10.0.0.128"	"SENT: + idling"
"DEBUG"	6028	"2026-07-16 16:47:10.972"	"Creating session 6"
"TCPIP"	6028	"2026-07-16 16:47:10.972"	"TCP - 10.0.0.128 connected to 10.0.0.128:587."
"DEBUG"	6028	"2026-07-16 16:47:10.972"	"TCP connection started for session 4"
"SMTPD"	6028	4	"2026-07-16 16:47:10.972"	"10.0.0.128"	"SENT: 220 WIN-2F1VNVRVM11 ESMTP"
"SMTPD"	3704	4	"2026-07-16 16:47:11.101"	"10.0.0.128"	"RECEIVED: EHLO [10.0.0.128]"
"SMTPD"	3704	4	"2026-07-16 16:47:11.101"	"10.0.0.128"	"SENT: 250-WIN-2F1VNVRVM11[nl]250-SIZE 20480000[nl]250-AUTH LOGIN[nl]250 HELP"
"SMTPD"	3704	4	"2026-07-16 16:47:11.132"	"10.0.0.128"	"RECEIVED: AUTH LOGIN"
"SMTPD"	3704	4	"2026-07-16 16:47:11.132"	"10.0.0.128"	"SENT: 334 VXNlcm5hbWU6"
"SMTPD"	3884	4	"2026-07-16 16:47:11.132"	"10.0.0.128"	"RECEIVED: YkBoaS54eXo="
"SMTPD"	3884	4	"2026-07-16 16:47:11.132"	"10.0.0.128"	"SENT: 334 UGFzc3dvcmQ6"
"SMTPD"	5360	4	"2026-07-16 16:47:11.144"	"10.0.0.128"	"RECEIVED: ***"
"SMTPD"	5360	4	"2026-07-16 16:47:11.180"	"10.0.0.128"	"SENT: 235 authenticated."
"SMTPD"	6028	4	"2026-07-16 16:47:11.180"	"10.0.0.128"	"RECEIVED: MAIL FROM:<a@hi.xyz> SIZE=694"
"SMTPD"	6028	4	"2026-07-16 16:47:11.196"	"10.0.0.128"	"SENT: 250 OK"
"SMTPD"	3884	4	"2026-07-16 16:47:11.196"	"10.0.0.128"	"RECEIVED: RCPT TO:<b@hi.xyz>"
"SMTPD"	3884	4	"2026-07-16 16:47:11.228"	"10.0.0.128"	"SENT: 250 OK"
"SMTPD"	5360	4	"2026-07-16 16:47:11.245"	"10.0.0.128"	"RECEIVED: DATA"
"SMTPD"	5360	4	"2026-07-16 16:47:11.245"	"10.0.0.128"	"SENT: 354 OK, send."
"DEBUG"	3704	"2026-07-16 16:47:11.260"	"Adding task AsynchronousTask to work queue Asynchronous task queue"
"DEBUG"	2172	"2026-07-16 16:47:11.260"	"Executing task AsynchronousTask in work queue Asynchronous task queue"
"DEBUG"	2172	"2026-07-16 16:47:11.276"	"Executing event OnAcceptMessage"
"DEBUG"	2172	"2026-07-16 16:47:11.596"	"Event completed"
"DEBUG"	2172	"2026-07-16 16:47:11.596"	"Saving message: {6B2079CF-F468-4D0B-BDCD-4DF086BC5536}.eml"
"DEBUG"	2172	"2026-07-16 16:47:11.611"	"Requesting SMTPDeliveryManager to start message delivery"
"SMTPD"	2172	4	"2026-07-16 16:47:11.611"	"10.0.0.128"	"SENT: 250 Queued (0.031 seconds)"
"DEBUG"	2920	"2026-07-16 16:47:11.611"	"Adding task DeliveryTask to work queue SMTP delivery queue"
"DEBUG"	7768	"2026-07-16 16:47:11.654"	"Executing task DeliveryTask in work queue SMTP delivery queue"
"DEBUG"	7768	"2026-07-16 16:47:11.660"	"Delivering message..."
"APPLICATION"	7768	"2026-07-16 16:47:11.676"	"SMTPDeliverer - Message 73: Delivering message from a@hi.xyz to b@hi.xyz. File: C:\Program Files (x86)\hMailServer\Data\{6B2079CF-F468-4D0B-BDCD-4DF086BC5536}.eml"
"DEBUG"	7768	"2026-07-16 16:47:11.676"	"Applying rules"
"DEBUG"	7768	"2026-07-16 16:47:11.692"	"Applying rule Phishing Filter"
"DEBUG"	7768	"2026-07-16 16:47:11.692"	"Performing rule action"
"DEBUG"	7768	"2026-07-16 16:47:11.692"	"Performing rule action"
"DEBUG"	7768	"2026-07-16 16:47:11.692"	"Performing local delivery"
"DEBUG"	7768	"2026-07-16 16:47:11.692"	"Applying rules"
"DEBUG"	7768	"2026-07-16 16:47:11.738"	"Saving message: {6B2079CF-F468-4D0B-BDCD-4DF086BC5536}.eml"
"DEBUG"	7768	"2026-07-16 16:47:11.755"	"Local delivery completed"
"APPLICATION"	7768	"2026-07-16 16:47:11.755"	"SMTPDeliverer - Message 73: Message delivery thread completed."
"DEBUG"	7036	"2026-07-16 16:47:11.786"	"Creating session 7"
"TCPIP"	7036	"2026-07-16 16:47:11.786"	"TCP - 10.0.0.128 connected to 10.0.0.128:143."
"DEBUG"	7036	"2026-07-16 16:47:11.802"	"TCP connection started for session 5"
"IMAPD"	7036	5	"2026-07-16 16:47:11.802"	"10.0.0.128"	"SENT: * OK IMAPrev1"
"IMAPD"	3704	5	"2026-07-16 16:47:11.817"	"10.0.0.128"	"RECEIVED: 81 capability"
"IMAPD"	3704	5	"2026-07-16 16:47:11.817"	"10.0.0.128"	"SENT: * CAPABILITY IMAP4 IMAP4rev1 CHILDREN IDLE QUOTA SORT ACL NAMESPACE RIGHTS=texk[nl]81 OK CAPABILITY completed"
"IMAPD"	6028	5	"2026-07-16 16:47:11.856"	"10.0.0.128"	"RECEIVED: 83 login "a@hi.xyz" ***"
"IMAPD"	6028	5	"2026-07-16 16:47:11.856"	"10.0.0.128"	"SENT: 83 OK LOGIN completed"
"IMAPD"	5096	5	"2026-07-16 16:47:11.913"	"10.0.0.128"	"RECEIVED: 84 capability"
"IMAPD"	5096	5	"2026-07-16 16:47:11.913"	"10.0.0.128"	"SENT: * CAPABILITY IMAP4 IMAP4rev1 CHILDREN IDLE QUOTA SORT ACL NAMESPACE RIGHTS=texk[nl]84 OK CAPABILITY completed"
"IMAPD"	7036	5	"2026-07-16 16:47:12.010"	"10.0.0.128"	"RECEIVED: 85 append "Sent" (\Seen) {694}"
"IMAPD"	7036	5	"2026-07-16 16:47:12.010"	"10.0.0.128"	"SENT: + Ready for literal data"
"DEBUG"	3704	"2026-07-16 16:47:12.010"	"Saving message: {575FA656-A0D6-4631-9457-F733D363C385}.eml"
"IMAPD"	3704	5	"2026-07-16 16:47:12.026"	"10.0.0.128"	"SENT: 85 OK APPEND completed"
"SMTPD"	6028	4	"2026-07-16 16:47:16.632"	"10.0.0.128"	"RECEIVED: QUIT"
"SMTPD"	6028	4	"2026-07-16 16:47:16.632"	"10.0.0.128"	"SENT: 221 goodbye"
"DEBUG"	6028	"2026-07-16 16:47:16.632"	"Ending session 4"
"DEBUG"	6028	"2026-07-16 16:47:49.269"	"Creating session 8"
"TCPIP"	6028	"2026-07-16 16:47:49.269"	"TCP - 10.0.0.128 connected to 10.0.0.128:587."
"DEBUG"	6028	"2026-07-16 16:47:49.276"	"TCP connection started for session 6"
"SMTPD"	6028	6	"2026-07-16 16:47:49.276"	"10.0.0.128"	"SENT: 220 WIN-2F1VNVRVM11 ESMTP"
"SMTPD"	5360	6	"2026-07-16 16:47:49.483"	"10.0.0.128"	"RECEIVED: EHLO [10.0.0.128]"
"SMTPD"	5360	6	"2026-07-16 16:47:49.483"	"10.0.0.128"	"SENT: 250-WIN-2F1VNVRVM11[nl]250-SIZE 20480000[nl]250-AUTH LOGIN[nl]250 HELP"
"SMTPD"	6516	6	"2026-07-16 16:47:49.493"	"10.0.0.128"	"RECEIVED: AUTH LOGIN"
"SMTPD"	6516	6	"2026-07-16 16:47:49.493"	"10.0.0.128"	"SENT: 334 VXNlcm5hbWU6"
"SMTPD"	3884	6	"2026-07-16 16:47:49.509"	"10.0.0.128"	"RECEIVED: YkBoaS54eXo="
"SMTPD"	3884	6	"2026-07-16 16:47:49.509"	"10.0.0.128"	"SENT: 334 UGFzc3dvcmQ6"
"SMTPD"	3704	6	"2026-07-16 16:47:49.509"	"10.0.0.128"	"RECEIVED: ***"
"SMTPD"	3704	6	"2026-07-16 16:47:49.509"	"10.0.0.128"	"SENT: 235 authenticated."
"SMTPD"	6028	6	"2026-07-16 16:47:49.530"	"10.0.0.128"	"RECEIVED: MAIL FROM:<a@hi.xyz> SIZE=318"
"SMTPD"	6028	6	"2026-07-16 16:47:49.530"	"10.0.0.128"	"SENT: 250 OK"
"SMTPD"	3704	6	"2026-07-16 16:47:49.541"	"10.0.0.128"	"RECEIVED: RCPT TO:<b@hi.xyz>"
"SMTPD"	3704	6	"2026-07-16 16:47:49.541"	"10.0.0.128"	"SENT: 250 OK"
"SMTPD"	6516	6	"2026-07-16 16:47:49.541"	"10.0.0.128"	"RECEIVED: DATA"
"SMTPD"	6516	6	"2026-07-16 16:47:49.541"	"10.0.0.128"	"SENT: 354 OK, send."
"DEBUG"	6516	"2026-07-16 16:47:49.720"	"Adding task AsynchronousTask to work queue Asynchronous task queue"
"DEBUG"	2172	"2026-07-16 16:47:49.720"	"Executing task AsynchronousTask in work queue Asynchronous task queue"
"DEBUG"	2172	"2026-07-16 16:47:49.720"	"Executing event OnAcceptMessage"
"DEBUG"	2172	"2026-07-16 16:47:49.809"	"Event completed"
"DEBUG"	2172	"2026-07-16 16:47:49.809"	"Saving message: {E619BD6B-DAA4-472B-B69A-272EAD20A727}.eml"
"DEBUG"	2172	"2026-07-16 16:47:49.816"	"Requesting SMTPDeliveryManager to start message delivery"
"DEBUG"	2920	"2026-07-16 16:47:49.816"	"Adding task DeliveryTask to work queue SMTP delivery queue"
"SMTPD"	2172	6	"2026-07-16 16:47:49.816"	"10.0.0.128"	"SENT: 250 Queued (0.172 seconds)"
"DEBUG"	7768	"2026-07-16 16:47:49.816"	"Executing task DeliveryTask in work queue SMTP delivery queue"
"DEBUG"	7768	"2026-07-16 16:47:49.816"	"Delivering message..."
"APPLICATION"	7768	"2026-07-16 16:47:49.816"	"SMTPDeliverer - Message 75: Delivering message from a@hi.xyz to b@hi.xyz. File: C:\Program Files (x86)\hMailServer\Data\{E619BD6B-DAA4-472B-B69A-272EAD20A727}.eml"
"DEBUG"	7768	"2026-07-16 16:47:49.816"	"Applying rules"
"DEBUG"	7768	"2026-07-16 16:47:49.833"	"Applying rule Phishing Filter"
"DEBUG"	7768	"2026-07-16 16:47:49.833"	"Performing local delivery"
"DEBUG"	7768	"2026-07-16 16:47:49.833"	"Applying rules"
"DEBUG"	7768	"2026-07-16 16:47:49.833"	"Saving message: {E619BD6B-DAA4-472B-B69A-272EAD20A727}.eml"
"DEBUG"	7768	"2026-07-16 16:47:49.833"	"Local delivery completed"
"APPLICATION"	7768	"2026-07-16 16:47:49.833"	"SMTPDeliverer - Message 75: Message delivery thread completed."
"IMAPD"	6516	5	"2026-07-16 16:47:50.024"	"10.0.0.128"	"RECEIVED: 86 append "Sent" (\Seen) {318}"
"IMAPD"	6516	5	"2026-07-16 16:47:50.024"	"10.0.0.128"	"SENT: + Ready for literal data"
"DEBUG"	5096	"2026-07-16 16:47:50.056"	"Saving message: {A670BB14-40E6-426C-8C8C-C2F7F26BD7F8}.eml"
"IMAPD"	5096	5	"2026-07-16 16:47:50.069"	"10.0.0.128"	"SENT: 86 OK APPEND completed"
"SMTPD"	3704	6	"2026-07-16 16:47:54.915"	"10.0.0.128"	"RECEIVED: QUIT"
"SMTPD"	3704	6	"2026-07-16 16:47:54.915"	"10.0.0.128"	"SENT: 221 goodbye"
"DEBUG"	5096	"2026-07-16 16:47:54.915"	"Ending session 6"
"IMAPD"	5360	3	"2026-07-16 16:49:04.263"	"10.0.0.128"	"RECEIVED: DONE"
"IMAPD"	5360	3	"2026-07-16 16:49:04.263"	"10.0.0.128"	"SENT: 95 OK IDLE terminated"
"IMAPD"	6028	3	"2026-07-16 16:49:04.263"	"10.0.0.128"	"RECEIVED: 96 noop"
"IMAPD"	6028	3	"2026-07-16 16:49:04.278"	"10.0.0.128"	"SENT: 96 OK NOOP completed"
"DEBUG"	7036	"2026-07-16 16:49:04.278"	"Creating session 9"
"TCPIP"	7036	"2026-07-16 16:49:04.278"	"TCP - 10.0.0.128 connected to 10.0.0.128:143."
"DEBUG"	7036	"2026-07-16 16:49:04.278"	"TCP connection started for session 7"
"IMAPD"	7036	7	"2026-07-16 16:49:04.286"	"10.0.0.128"	"SENT: * OK IMAPrev1"
"IMAPD"	3884	7	"2026-07-16 16:49:04.304"	"10.0.0.128"	"RECEIVED: 23 capability"
"IMAPD"	3884	7	"2026-07-16 16:49:04.304"	"10.0.0.128"	"SENT: * CAPABILITY IMAP4 IMAP4rev1 CHILDREN IDLE QUOTA SORT ACL NAMESPACE RIGHTS=texk[nl]23 OK CAPABILITY completed"
"IMAPD"	6516	3	"2026-07-16 16:49:04.304"	"10.0.0.128"	"RECEIVED: 97 getquotaroot "INBOX""
"IMAPD"	6516	3	"2026-07-16 16:49:04.304"	"10.0.0.128"	"SENT: * QUOTAROOT "INBOX" ""[nl]* QUOTA "" ()[nl]97 OK GETQUOTAROOT completed"
"IMAPD"	3704	3	"2026-07-16 16:49:04.318"	"10.0.0.128"	"RECEIVED: 98 UID fetch 18:* (FLAGS)"
"IMAPD"	3704	3	"2026-07-16 16:49:04.318"	"10.0.0.128"	"SENT: 98 OK UID completed"
"IMAPD"	6028	7	"2026-07-16 16:49:04.318"	"10.0.0.128"	"RECEIVED: 25 login "b@hi.xyz" ***"
"IMAPD"	6028	7	"2026-07-16 16:49:04.340"	"10.0.0.128"	"SENT: 25 OK LOGIN completed"
"IMAPD"	5360	7	"2026-07-16 16:49:04.340"	"10.0.0.128"	"RECEIVED: 26 capability"
"IMAPD"	5360	7	"2026-07-16 16:49:04.340"	"10.0.0.128"	"SENT: * CAPABILITY IMAP4 IMAP4rev1 CHILDREN IDLE QUOTA SORT ACL NAMESPACE RIGHTS=texk[nl]26 OK CAPABILITY completed"
"IMAPD"	6028	7	"2026-07-16 16:49:04.351"	"10.0.0.128"	"RECEIVED: 27 select "INBOX""
"DEBUG"	6028	"2026-07-16 16:49:04.351"	"Reading messages from database."
"IMAPD"	6028	7	"2026-07-16 16:49:04.351"	"10.0.0.128"	"SENT: * 14 EXISTS[nl]* 14 RECENT[nl]* FLAGS (\Deleted \Seen \Draft \Answered \Flagged)[nl]* OK [UIDVALIDITY 1783903061] current uidvalidity[nl]* OK [UNSEEN 9] unseen messages[nl]* OK [UIDNEXT 19] next uid[nl]* OK [PERMANENTFLAGS (\Deleted \Seen \Draft \Answered \Flagged)] limited[nl]27 OK [READ-WRITE] SELECT completed"
"IMAPD"	7036	7	"2026-07-16 16:49:04.351"	"10.0.0.128"	"RECEIVED: 28 getquotaroot "INBOX""
"IMAPD"	7036	7	"2026-07-16 16:49:04.351"	"10.0.0.128"	"SENT: * QUOTAROOT "INBOX" ""[nl]* QUOTA "" ()[nl]28 OK GETQUOTAROOT completed"
"IMAPD"	3704	7	"2026-07-16 16:49:04.367"	"10.0.0.128"	"RECEIVED: 29 UID fetch 1:* (FLAGS)"
"IMAPD"	3704	7	"2026-07-16 16:49:04.367"	"10.0.0.128"	"SENT: * 1 FETCH (UID 5 FLAGS (\Seen))"
"IMAPD"	3704	7	"2026-07-16 16:49:04.367"	"10.0.0.128"	"SENT: * 2 FETCH (UID 6 FLAGS (\Seen))"
"IMAPD"	3704	7	"2026-07-16 16:49:04.367"	"10.0.0.128"	"SENT: * 3 FETCH (UID 7 FLAGS (\Seen))"
"IMAPD"	3704	7	"2026-07-16 16:49:04.367"	"10.0.0.128"	"SENT: * 4 FETCH (UID 8 FLAGS (\Seen))"
"IMAPD"	3704	7	"2026-07-16 16:49:04.367"	"10.0.0.128"	"SENT: * 5 FETCH (UID 9 FLAGS ())"
"IMAPD"	3704	7	"2026-07-16 16:49:04.367"	"10.0.0.128"	"SENT: * 6 FETCH (UID 10 FLAGS (\Seen))"
"IMAPD"	3704	7	"2026-07-16 16:49:04.367"	"10.0.0.128"	"SENT: * 7 FETCH (UID 11 FLAGS (\Seen))"
"IMAPD"	3704	7	"2026-07-16 16:49:04.367"	"10.0.0.128"	"SENT: * 8 FETCH (UID 12 FLAGS (\Seen))"
"IMAPD"	3704	7	"2026-07-16 16:49:04.367"	"10.0.0.128"	"SENT: * 9 FETCH (UID 13 FLAGS (\Seen))"
"IMAPD"	3704	7	"2026-07-16 16:49:04.367"	"10.0.0.128"	"SENT: * 10 FETCH (UID 14 FLAGS ())"
"IMAPD"	3704	7	"2026-07-16 16:49:04.367"	"10.0.0.128"	"SENT: * 11 FETCH (UID 15 FLAGS (\Seen))"
"IMAPD"	3704	7	"2026-07-16 16:49:04.367"	"10.0.0.128"	"SENT: * 12 FETCH (UID 16 FLAGS ())"
"IMAPD"	3704	7	"2026-07-16 16:49:04.367"	"10.0.0.128"	"SENT: * 13 FETCH (UID 17 FLAGS ())"
"IMAPD"	3704	7	"2026-07-16 16:49:04.367"	"10.0.0.128"	"SENT: * 14 FETCH (UID 18 FLAGS ())"
"IMAPD"	3704	7	"2026-07-16 16:49:04.383"	"10.0.0.128"	"SENT: 29 OK UID completed"
"IMAPD"	5096	7	"2026-07-16 16:49:04.414"	"10.0.0.128"	"RECEIVED: 30 UID fetch 16:18 (UID RFC822.SIZE FLAGS BODY.PEEK[HEADER.FIELDS (From To Cc Bcc Subject Date Message-ID Priority X-Priority References Newsgroups In-Reply-To Content-Type Reply-To Received)])"
"IMAPD"	5096	7	"2026-07-16 16:49:04.446"	"10.0.0.128"	"SENT: * 12 FETCH (UID 16 RFC822.SIZE 447 FLAGS () BODY[HEADER.FIELDS (From To Cc Bcc Subject Date Message-ID Priority X-Priority References Newsgroups In-Reply-To Content-Type Reply-To Received)] {330}"
"IMAPD"	5096	7	"2026-07-16 16:49:04.446"	"10.0.0.128"	"SENT: )"
"IMAPD"	5096	7	"2026-07-16 16:49:04.462"	"10.0.0.128"	"SENT: * 13 FETCH (UID 17 RFC822.SIZE 856 FLAGS () BODY[HEADER.FIELDS (From To Cc Bcc Subject Date Message-ID Priority X-Priority References Newsgroups In-Reply-To Content-Type Reply-To Received)] {348}"
"IMAPD"	5096	7	"2026-07-16 16:49:04.462"	"10.0.0.128"	"SENT: )"
"IMAPD"	5096	7	"2026-07-16 16:49:04.494"	"10.0.0.128"	"SENT: * 14 FETCH (UID 18 RFC822.SIZE 447 FLAGS () BODY[HEADER.FIELDS (From To Cc Bcc Subject Date Message-ID Priority X-Priority References Newsgroups In-Reply-To Content-Type Reply-To Received)] {330}"
"IMAPD"	5096	7	"2026-07-16 16:49:04.494"	"10.0.0.128"	"SENT: )"
"IMAPD"	5096	7	"2026-07-16 16:49:04.494"	"10.0.0.128"	"SENT: 30 OK UID completed"
"IMAPD"	3884	7	"2026-07-16 16:49:04.607"	"10.0.0.128"	"RECEIVED: 31 UID fetch 16,17:18 (UID RFC822.SIZE BODY.PEEK[])"
"IMAPD"	3884	7	"2026-07-16 16:49:04.607"	"10.0.0.128"	"SENT: * 12 FETCH (UID 16 RFC822.SIZE 447 BODY[] {470}"
"IMAPD"	3884	7	"2026-07-16 16:49:04.607"	"10.0.0.128"	"SENT: )"
"IMAPD"	3884	7	"2026-07-16 16:49:04.607"	"10.0.0.128"	"SENT: * 13 FETCH (UID 17 RFC822.SIZE 856 BODY[] {879}"
"IMAPD"	3884	7	"2026-07-16 16:49:04.607"	"10.0.0.128"	"SENT: )"
"IMAPD"	3884	7	"2026-07-16 16:49:04.607"	"10.0.0.128"	"SENT: * 14 FETCH (UID 18 RFC822.SIZE 447 BODY[] {470}"
"IMAPD"	3884	7	"2026-07-16 16:49:04.607"	"10.0.0.128"	"SENT: )"
"IMAPD"	3884	7	"2026-07-16 16:49:04.623"	"10.0.0.128"	"SENT: 31 OK UID completed"
"IMAPD"	6416	7	"2026-07-16 16:49:04.766"	"10.0.0.128"	"RECEIVED: 32 UID fetch 16 (UID BODY.PEEK[HEADER.FIELDS (Content-Type Content-Transfer-Encoding)] BODY.PEEK[TEXT]<0.2048>)"
"IMAPD"	6416	7	"2026-07-16 16:49:04.771"	"10.0.0.128"	"SENT: * 12 FETCH (UID 16 BODY[HEADER.FIELDS (Content-Type Content-Transfer-Encoding)] {91}"
"IMAPD"	6416	7	"2026-07-16 16:49:04.771"	"10.0.0.128"	"SENT:  BODY[TEXT]<0> {6}"
"IMAPD"	6416	7	"2026-07-16 16:49:04.773"	"10.0.0.128"	"SENT: )"
"IMAPD"	6416	7	"2026-07-16 16:49:04.773"	"10.0.0.128"	"SENT: 32 OK UID completed"
"IMAPD"	6416	3	"2026-07-16 16:49:06.321"	"10.0.0.128"	"RECEIVED: 99 IDLE"
"IMAPD"	6416	3	"2026-07-16 16:49:06.321"	"10.0.0.128"	"SENT: + idling"
"IMAPD"	1372	7	"2026-07-16 16:49:06.783"	"10.0.0.128"	"RECEIVED: 33 IDLE"
"IMAPD"	1372	7	"2026-07-16 16:49:06.783"	"10.0.0.128"	"SENT: + idling"
"DEBUG"	4468	"2026-07-16 16:52:40.162"	"Received stop-request from Windows."
"APPLICATION"	4468	"2026-07-16 16:52:40.162"	"Stopping servers..."
"DEBUG"	4468	"2026-07-16 16:52:40.162"	"Application::StopServers() - Removing server work queue"
"DEBUG"	4468	"2026-07-16 16:52:40.162"	"WorkQueueManager::RemoveQueue - Server queue"
"DEBUG"	4468	"2026-07-16 16:52:40.162"	"Stopping working queue Server queue."
"DEBUG"	4468	"2026-07-16 16:52:40.162"	"Interupt and join threads in working queue Server queue"
"DEBUG"	5944	"2026-07-16 16:52:40.162"	"IOService::Stop()"
"DEBUG"	4560	"2026-07-16 16:52:40.162"	"Worker exited in work queue Server queue"
"DEBUG"	5096	"2026-07-16 16:52:40.162"	"TCP - AcceptEx failed. Error code: 995, Message: 스레드 종료 또는 응용 프로그램 요청 때문에 I/O 작업이 취소되었습니다"
"DEBUG"	5096	"2026-07-16 16:52:40.162"	"Ending session 1"
"DEBUG"	5944	"2026-07-16 16:52:40.162"	"IOService::DoWork() - removing Queue IOCP Queue"
"DEBUG"	5944	"2026-07-16 16:52:40.162"	"WorkQueueManager::RemoveQueue - IOCPQueue"
"DEBUG"	5944	"2026-07-16 16:52:40.162"	"Stopping working queue IOCPQueue."
"DEBUG"	6416	"2026-07-16 16:52:40.162"	"TCP - AcceptEx failed. Error code: 995, Message: 스레드 종료 또는 응용 프로그램 요청 때문에 I/O 작업이 취소되었습니다"
"DEBUG"	4640	"2026-07-16 16:52:40.162"	"TCP - AcceptEx failed. Error code: 995, Message: 스레드 종료 또는 응용 프로그램 요청 때문에 I/O 작업이 취소되었습니다"
"DEBUG"	6516	"2026-07-16 16:52:40.162"	"TCP - AcceptEx failed. Error code: 995, Message: 스레드 종료 또는 응용 프로그램 요청 때문에 I/O 작업이 취소되었습니다"
"DEBUG"	2920	"2026-07-16 16:52:40.162"	"Worker exited in work queue Server queue"
"DEBUG"	6704	"2026-07-16 16:52:40.162"	"Worker exited in work queue Server queue"
"DEBUG"	5944	"2026-07-16 16:52:40.162"	"Interupt and join threads in working queue IOCPQueue"
"DEBUG"	6416	"2026-07-16 16:52:40.162"	"Ending session 2"
"DEBUG"	4468	"2026-07-16 16:52:40.178"	"Still 1 remaining threads in queue Server queue. First task: IOService"
"DEBUG"	6516	"2026-07-16 16:52:40.162"	"Ending session 8"
"DEBUG"	1372	"2026-07-16 16:52:40.162"	"Worker exited in work queue IOCPQueue"
"DEBUG"	4640	"2026-07-16 16:52:40.162"	"Ending session 9"
"DEBUG"	6028	"2026-07-16 16:52:40.178"	"Worker exited in work queue IOCPQueue"
"DEBUG"	4680	"2026-07-16 16:52:40.178"	"Worker exited in work queue IOCPQueue"
"DEBUG"	4784	"2026-07-16 16:52:40.178"	"Worker exited in work queue IOCPQueue"
"DEBUG"	6240	"2026-07-16 16:52:40.178"	"Worker exited in work queue IOCPQueue"
"DEBUG"	2436	"2026-07-16 16:52:40.178"	"Worker exited in work queue IOCPQueue"
"DEBUG"	6516	"2026-07-16 16:52:40.178"	"Worker exited in work queue IOCPQueue"
"DEBUG"	4640	"2026-07-16 16:52:40.178"	"Worker exited in work queue IOCPQueue"
"DEBUG"	6416	"2026-07-16 16:52:40.178"	"Worker exited in work queue IOCPQueue"
"DEBUG"	5360	"2026-07-16 16:52:40.178"	"Worker exited in work queue IOCPQueue"
"DEBUG"	7036	"2026-07-16 16:52:40.178"	"Worker exited in work queue IOCPQueue"
"DEBUG"	3704	"2026-07-16 16:52:40.178"	"Worker exited in work queue IOCPQueue"
"DEBUG"	3884	"2026-07-16 16:52:40.178"	"Worker exited in work queue IOCPQueue"
"DEBUG"	5096	"2026-07-16 16:52:40.178"	"Worker exited in work queue IOCPQueue"
"DEBUG"	2020	"2026-07-16 16:52:40.178"	"Worker exited in work queue IOCPQueue"
"DEBUG"	5944	"2026-07-16 16:52:40.194"	"Still 1 remaining threads in queue IOCPQueue. First task: <Unknown>"
"DEBUG"	4468	"2026-07-16 16:52:40.448"	"Still 1 remaining threads in queue Server queue. First task: IOService"
"DEBUG"	5944	"2026-07-16 16:52:40.463"	"All threads are joined in queue IOCPQueue."
"DEBUG"	5944	"2026-07-16 16:52:40.463"	"WorkQueueManager::RemoveQueue - Stopped IOCPQueue"
"DEBUG"	5944	"2026-07-16 16:52:40.463"	"WorkQueueManager::RemoveQueue - Erased IOCPQueue"
"DEBUG"	5944	"2026-07-16 16:52:40.463"	"IOService::Stop() - Complete"
"DEBUG"	5944	"2026-07-16 16:52:40.463"	"Destructing work queue IOCPQueue"
"DEBUG"	5944	"2026-07-16 16:52:40.701"	"Worker exited in work queue Server queue"
"DEBUG"	4468	"2026-07-16 16:52:40.701"	"All threads are joined in queue Server queue."
"DEBUG"	4468	"2026-07-16 16:52:40.701"	"WorkQueueManager::RemoveQueue - Stopped Server queue"
"DEBUG"	4468	"2026-07-16 16:52:40.701"	"WorkQueueManager::RemoveQueue - Erased Server queue"
"DEBUG"	4468	"2026-07-16 16:52:40.701"	"Destructing work queue Server queue"
"DEBUG"	4468	"2026-07-16 16:52:40.701"	"Application::StopServers() - Clearing caches"
"DEBUG"	4468	"2026-07-16 16:52:40.701"	"Application::StopServers() - Destructing IOCP"
"DEBUG"	4468	"2026-07-16 16:52:40.701"	"IOService::~IOService - Destructing"
"DEBUG"	4468	"2026-07-16 16:52:40.707"	"TCPServer::~TCPServer"
"DEBUG"	4468	"2026-07-16 16:52:40.707"	"TCPServer::~TCPServer"
"DEBUG"	4468	"2026-07-16 16:52:40.707"	"TCPServer::~TCPServer"
"DEBUG"	4468	"2026-07-16 16:52:40.707"	"TCPServer::~TCPServer"
"DEBUG"	4468	"2026-07-16 16:52:40.707"	"Ending session 7"
"DEBUG"	4468	"2026-07-16 16:52:40.707"	"Ending session 5"
"DEBUG"	4468	"2026-07-16 16:52:40.707"	"Ending session 3"
"DEBUG"	4468	"2026-07-16 16:52:40.707"	"Application::StopServers() - Destructing DeliveryManager"
"DEBUG"	4468	"2026-07-16 16:52:40.707"	"WorkQueueManager::RemoveQueue - SMTP delivery queue"
"DEBUG"	4468	"2026-07-16 16:52:40.707"	"Stopping working queue SMTP delivery queue."
"DEBUG"	4468	"2026-07-16 16:52:40.717"	"Interupt and join threads in working queue SMTP delivery queue"
"DEBUG"	7768	"2026-07-16 16:52:40.717"	"Worker exited in work queue SMTP delivery queue"
"DEBUG"	760	"2026-07-16 16:52:40.717"	"Worker exited in work queue SMTP delivery queue"
"DEBUG"	4452	"2026-07-16 16:52:40.717"	"Worker exited in work queue SMTP delivery queue"
"DEBUG"	3476	"2026-07-16 16:52:40.717"	"Worker exited in work queue SMTP delivery queue"
"DEBUG"	6828	"2026-07-16 16:52:40.717"	"Worker exited in work queue SMTP delivery queue"
"DEBUG"	2484	"2026-07-16 16:52:40.717"	"Worker exited in work queue SMTP delivery queue"
"DEBUG"	1072	"2026-07-16 16:52:40.717"	"Worker exited in work queue SMTP delivery queue"
"DEBUG"	5076	"2026-07-16 16:52:40.717"	"Worker exited in work queue SMTP delivery queue"
"DEBUG"	3696	"2026-07-16 16:52:40.717"	"Worker exited in work queue SMTP delivery queue"
"DEBUG"	1820	"2026-07-16 16:52:40.717"	"Worker exited in work queue SMTP delivery queue"
"DEBUG"	4468	"2026-07-16 16:52:40.717"	"All threads are joined in queue SMTP delivery queue."
"DEBUG"	4468	"2026-07-16 16:52:40.717"	"WorkQueueManager::RemoveQueue - Stopped SMTP delivery queue"
"DEBUG"	4468	"2026-07-16 16:52:40.717"	"WorkQueueManager::RemoveQueue - Erased SMTP delivery queue"
"DEBUG"	4468	"2026-07-16 16:52:40.717"	"Destructing work queue SMTP delivery queue"
"DEBUG"	4468	"2026-07-16 16:52:40.717"	"Application::StopServers() - Destructing FetchManager"
"DEBUG"	4468	"2026-07-16 16:52:40.717"	"ExternalFetchManager::~ExternalFetchManager"
"DEBUG"	4468	"2026-07-16 16:52:40.734"	"WorkQueueManager::RemoveQueue - External fetch queue"
"DEBUG"	4468	"2026-07-16 16:52:40.734"	"Stopping working queue External fetch queue."
"DEBUG"	4468	"2026-07-16 16:52:40.734"	"Interupt and join threads in working queue External fetch queue"
"DEBUG"	6044	"2026-07-16 16:52:40.734"	"Worker exited in work queue External fetch queue"
"DEBUG"	7204	"2026-07-16 16:52:40.734"	"Worker exited in work queue External fetch queue"
"DEBUG"	6500	"2026-07-16 16:52:40.734"	"Worker exited in work queue External fetch queue"
"DEBUG"	3668	"2026-07-16 16:52:40.734"	"Worker exited in work queue External fetch queue"
"DEBUG"	4740	"2026-07-16 16:52:40.734"	"Worker exited in work queue External fetch queue"
"DEBUG"	4972	"2026-07-16 16:52:40.734"	"Worker exited in work queue External fetch queue"
"DEBUG"	6488	"2026-07-16 16:52:40.734"	"Worker exited in work queue External fetch queue"
"DEBUG"	8064	"2026-07-16 16:52:40.734"	"Worker exited in work queue External fetch queue"
"DEBUG"	2900	"2026-07-16 16:52:40.734"	"Worker exited in work queue External fetch queue"
"DEBUG"	8056	"2026-07-16 16:52:40.734"	"Worker exited in work queue External fetch queue"
"DEBUG"	4280	"2026-07-16 16:52:40.734"	"Worker exited in work queue External fetch queue"
"DEBUG"	848	"2026-07-16 16:52:40.749"	"Worker exited in work queue External fetch queue"
"DEBUG"	1028	"2026-07-16 16:52:40.749"	"Worker exited in work queue External fetch queue"
"DEBUG"	912	"2026-07-16 16:52:40.749"	"Worker exited in work queue External fetch queue"
"DEBUG"	7504	"2026-07-16 16:52:40.749"	"Worker exited in work queue External fetch queue"
"DEBUG"	4468	"2026-07-16 16:52:40.749"	"Still 1 remaining threads in queue External fetch queue. First task: <Unknown>"
"DEBUG"	4468	"2026-07-16 16:52:41.010"	"All threads are joined in queue External fetch queue."
"DEBUG"	4468	"2026-07-16 16:52:41.010"	"WorkQueueManager::RemoveQueue - Stopped External fetch queue"
"DEBUG"	4468	"2026-07-16 16:52:41.010"	"WorkQueueManager::RemoveQueue - Erased External fetch queue"
"DEBUG"	4468	"2026-07-16 16:52:41.010"	"Destructing work queue External fetch queue"
"DEBUG"	4468	"2026-07-16 16:52:41.010"	"ExternalFetchManager::~ExternalFetchManager - Removed queue"
"DEBUG"	4468	"2026-07-16 16:52:41.010"	"Application::StopServers() - Destructing Scheduler"
"DEBUG"	4468	"2026-07-16 16:52:41.010"	"Application::StopServers() - Destructing Rest"
"APPLICATION"	4468	"2026-07-16 16:52:41.010"	"Servers stopped."
"DEBUG"	4468	"2026-07-16 16:52:41.010"	"WorkQueueManager::RemoveQueue - Maintenance queue"
"DEBUG"	4468	"2026-07-16 16:52:41.010"	"Stopping working queue Maintenance queue."
"DEBUG"	4468	"2026-07-16 16:52:41.019"	"Interupt and join threads in working queue Maintenance queue"
"DEBUG"	4956	"2026-07-16 16:52:41.019"	"Worker exited in work queue Maintenance queue"
"DEBUG"	7080	"2026-07-16 16:52:41.019"	"Worker exited in work queue Maintenance queue"
"DEBUG"	3816	"2026-07-16 16:52:41.019"	"Worker exited in work queue Maintenance queue"
"DEBUG"	2728	"2026-07-16 16:52:41.019"	"Worker exited in work queue Maintenance queue"
"DEBUG"	4700	"2026-07-16 16:52:41.019"	"Worker exited in work queue Maintenance queue"
"DEBUG"	4468	"2026-07-16 16:52:41.019"	"All threads are joined in queue Maintenance queue."
"DEBUG"	4468	"2026-07-16 16:52:41.019"	"WorkQueueManager::RemoveQueue - Stopped Maintenance queue"
"DEBUG"	4468	"2026-07-16 16:52:41.019"	"WorkQueueManager::RemoveQueue - Erased Maintenance queue"
"DEBUG"	4468	"2026-07-16 16:52:41.019"	"Destructing work queue Maintenance queue"
"DEBUG"	4468	"2026-07-16 16:52:41.019"	"WorkQueueManager::RemoveQueue - Asynchronous task queue"
"DEBUG"	4468	"2026-07-16 16:52:41.019"	"Stopping working queue Asynchronous task queue."
"DEBUG"	4468	"2026-07-16 16:52:41.019"	"Interupt and join threads in working queue Asynchronous task queue"
"DEBUG"	2172	"2026-07-16 16:52:41.019"	"Worker exited in work queue Asynchronous task queue"
"DEBUG"	4652	"2026-07-16 16:52:41.019"	"Worker exited in work queue Asynchronous task queue"
"DEBUG"	5444	"2026-07-16 16:52:41.019"	"Worker exited in work queue Asynchronous task queue"
"DEBUG"	4884	"2026-07-16 16:52:41.036"	"Worker exited in work queue Asynchronous task queue"
"DEBUG"	7660	"2026-07-16 16:52:41.036"	"Worker exited in work queue Asynchronous task queue"
"DEBUG"	2884	"2026-07-16 16:52:41.036"	"Worker exited in work queue Asynchronous task queue"
"DEBUG"	4380	"2026-07-16 16:52:41.036"	"Worker exited in work queue Asynchronous task queue"
"DEBUG"	4292	"2026-07-16 16:52:41.036"	"Worker exited in work queue Asynchronous task queue"
"DEBUG"	2140	"2026-07-16 16:52:41.036"	"Worker exited in work queue Asynchronous task queue"
"DEBUG"	6408	"2026-07-16 16:52:41.036"	"Worker exited in work queue Asynchronous task queue"
"DEBUG"	1912	"2026-07-16 16:52:41.036"	"Worker exited in work queue Asynchronous task queue"
"DEBUG"	5528	"2026-07-16 16:52:41.036"	"Worker exited in work queue Asynchronous task queue"
"DEBUG"	3484	"2026-07-16 16:52:41.036"	"Worker exited in work queue Asynchronous task queue"
"DEBUG"	6932	"2026-07-16 16:52:41.036"	"Worker exited in work queue Asynchronous task queue"
"DEBUG"	4988	"2026-07-16 16:52:41.051"	"Worker exited in work queue Asynchronous task queue"
"DEBUG"	4468	"2026-07-16 16:52:41.051"	"Still 2 remaining threads in queue Asynchronous task queue. First task: <Unknown>"
"DEBUG"	4468	"2026-07-16 16:52:41.306"	"All threads are joined in queue Asynchronous task queue."
"DEBUG"	4468	"2026-07-16 16:52:41.306"	"WorkQueueManager::RemoveQueue - Stopped Asynchronous task queue"
"DEBUG"	4468	"2026-07-16 16:52:41.306"	"WorkQueueManager::RemoveQueue - Erased Asynchronous task queue"
"DEBUG"	4468	"2026-07-16 16:52:41.306"	"Destructing work queue Asynchronous task queue"
"DEBUG"	4468	"2026-07-16 16:52:41.306"	"Application::ExitInstance - Closing database connection..."
"DEBUG"	4468	"2026-07-16 16:52:41.312"	"Application::ExitInstance - Deleting caches..."
"DEBUG"	2824	"2026-07-16 16:52:44.668"	"Application::InitInstance - Configuration loaded."
"DEBUG"	2824	"2026-07-16 16:52:44.668"	"Creating work queue Asynchronous task queue"
"DEBUG"	2824	"2026-07-16 16:52:44.668"	"Starting work queue Asynchronous task queue"
"DEBUG"	2824	"2026-07-16 16:52:44.668"	"Started work queue Asynchronous task queue"
"APPLICATION"	2824	"2026-07-16 16:52:44.668"	"Starting servers..."
"DEBUG"	5556	"2026-07-16 16:52:44.668"	"Running worker in work queue Asynchronous task queue"
"DEBUG"	2756	"2026-07-16 16:52:44.668"	"Running worker in work queue Asynchronous task queue"
"DEBUG"	6636	"2026-07-16 16:52:44.668"	"Running worker in work queue Asynchronous task queue"
"DEBUG"	2064	"2026-07-16 16:52:44.668"	"Running worker in work queue Asynchronous task queue"
"DEBUG"	6404	"2026-07-16 16:52:44.668"	"Running worker in work queue Asynchronous task queue"
"DEBUG"	1076	"2026-07-16 16:52:44.668"	"Running worker in work queue Asynchronous task queue"
"DEBUG"	8112	"2026-07-16 16:52:44.668"	"Running worker in work queue Asynchronous task queue"
"DEBUG"	4284	"2026-07-16 16:52:44.668"	"Running worker in work queue Asynchronous task queue"
"DEBUG"	6664	"2026-07-16 16:52:44.668"	"Running worker in work queue Asynchronous task queue"
"DEBUG"	4364	"2026-07-16 16:52:44.668"	"Running worker in work queue Asynchronous task queue"
"DEBUG"	4812	"2026-07-16 16:52:44.668"	"Running worker in work queue Asynchronous task queue"
"DEBUG"	4900	"2026-07-16 16:52:44.668"	"Running worker in work queue Asynchronous task queue"
"DEBUG"	3032	"2026-07-16 16:52:44.668"	"Running worker in work queue Asynchronous task queue"
"DEBUG"	7996	"2026-07-16 16:52:44.668"	"Running worker in work queue Asynchronous task queue"
"DEBUG"	5048	"2026-07-16 16:52:44.668"	"Running worker in work queue Asynchronous task queue"
"DEBUG"	2824	"2026-07-16 16:52:44.684"	"Creating work queue Server queue"
"DEBUG"	2824	"2026-07-16 16:52:44.684"	"Starting work queue Server queue"
"DEBUG"	2824	"2026-07-16 16:52:44.684"	"Started work queue Server queue"
"DEBUG"	5452	"2026-07-16 16:52:44.684"	"Running worker in work queue Server queue"
"DEBUG"	5836	"2026-07-16 16:52:44.684"	"Running worker in work queue Server queue"
"DEBUG"	2824	"2026-07-16 16:52:44.684"	"Adding task Scheduler to work queue Server queue"
"DEBUG"	2824	"2026-07-16 16:52:44.684"	"Adding task IOService to work queue Server queue"
"DEBUG"	2824	"2026-07-16 16:52:44.684"	"Creating work queue SMTP delivery queue"
"DEBUG"	4864	"2026-07-16 16:52:44.684"	"Running worker in work queue Server queue"
"DEBUG"	7348	"2026-07-16 16:52:44.684"	"Running worker in work queue Server queue"
"DEBUG"	5836	"2026-07-16 16:52:44.699"	"Executing task Scheduler in work queue Server queue"
"DEBUG"	5452	"2026-07-16 16:52:44.699"	"Executing task IOService in work queue Server queue"
"DEBUG"	5452	"2026-07-16 16:52:44.699"	"IOService::Start()"
"DEBUG"	2824	"2026-07-16 16:52:44.699"	"Starting work queue SMTP delivery queue"
"DEBUG"	2824	"2026-07-16 16:52:44.699"	"Started work queue SMTP delivery queue"
"DEBUG"	2824	"2026-07-16 16:52:44.699"	"Adding task SMTPDeliveryManager to work queue Server queue"
"DEBUG"	2824	"2026-07-16 16:52:44.699"	"Creating work queue External fetch queue"
"DEBUG"	2824	"2026-07-16 16:52:44.699"	"Starting work queue External fetch queue"
"DEBUG"	2824	"2026-07-16 16:52:44.699"	"Started work queue External fetch queue"
"DEBUG"	2824	"2026-07-16 16:52:44.699"	"Adding task ExternalFetchManager to work queue Server queue"
"DEBUG"	7348	"2026-07-16 16:52:44.699"	"Executing task SMTPDeliveryManager in work queue Server queue"
"DEBUG"	7348	"2026-07-16 16:52:44.699"	"SMTPDeliveryManager::Start()"
"DEBUG"	4864	"2026-07-16 16:52:44.699"	"Executing task ExternalFetchManager in work queue Server queue"
"DEBUG"	4864	"2026-07-16 16:52:44.699"	"ExternalFetchManager::Start()"
"APPLICATION"	2824	"2026-07-16 16:52:44.715"	"Servers started."
"DEBUG"	3928	"2026-07-16 16:52:44.715"	"Running worker in work queue SMTP delivery queue"
"DEBUG"	3304	"2026-07-16 16:52:44.715"	"Running worker in work queue SMTP delivery queue"
"DEBUG"	5912	"2026-07-16 16:52:44.715"	"Running worker in work queue SMTP delivery queue"
"DEBUG"	5184	"2026-07-16 16:52:44.715"	"Running worker in work queue SMTP delivery queue"
"DEBUG"	7860	"2026-07-16 16:52:44.715"	"Running worker in work queue SMTP delivery queue"
"DEBUG"	3624	"2026-07-16 16:52:44.715"	"Running worker in work queue SMTP delivery queue"
"DEBUG"	7748	"2026-07-16 16:52:44.715"	"Running worker in work queue SMTP delivery queue"
"DEBUG"	3760	"2026-07-16 16:52:44.715"	"Running worker in work queue SMTP delivery queue"
"DEBUG"	6960	"2026-07-16 16:52:44.715"	"Running worker in work queue SMTP delivery queue"
"DEBUG"	5808	"2026-07-16 16:52:44.715"	"Running worker in work queue SMTP delivery queue"
"DEBUG"	3616	"2026-07-16 16:52:44.715"	"Running worker in work queue External fetch queue"
"DEBUG"	5828	"2026-07-16 16:52:44.715"	"Running worker in work queue External fetch queue"
"DEBUG"	6244	"2026-07-16 16:52:44.715"	"Running worker in work queue External fetch queue"
"DEBUG"	3712	"2026-07-16 16:52:44.715"	"Running worker in work queue External fetch queue"
"DEBUG"	7952	"2026-07-16 16:52:44.715"	"Running worker in work queue External fetch queue"
"DEBUG"	3932	"2026-07-16 16:52:44.715"	"Running worker in work queue External fetch queue"
"DEBUG"	1508	"2026-07-16 16:52:44.715"	"Running worker in work queue External fetch queue"
"DEBUG"	5320	"2026-07-16 16:52:44.715"	"Running worker in work queue External fetch queue"
"DEBUG"	1644	"2026-07-16 16:52:44.715"	"Running worker in work queue External fetch queue"
"DEBUG"	3376	"2026-07-16 16:52:44.715"	"Running worker in work queue External fetch queue"
"DEBUG"	2252	"2026-07-16 16:52:44.715"	"Running worker in work queue External fetch queue"
"DEBUG"	5452	"2026-07-16 16:52:44.715"	"Creating session 1"
"DEBUG"	5056	"2026-07-16 16:52:44.715"	"Running worker in work queue External fetch queue"
"DEBUG"	6060	"2026-07-16 16:52:44.715"	"Running worker in work queue External fetch queue"
"DEBUG"	7412	"2026-07-16 16:52:44.715"	"Running worker in work queue External fetch queue"
"DEBUG"	5924	"2026-07-16 16:52:44.715"	"Running worker in work queue External fetch queue"
"DEBUG"	5452	"2026-07-16 16:52:44.748"	"Creating session 2"
"DEBUG"	5452	"2026-07-16 16:52:44.748"	"Creating session 3"
"DEBUG"	5452	"2026-07-16 16:52:44.748"	"Creating session 4"
"DEBUG"	5452	"2026-07-16 16:52:44.748"	"Creating work queue IOCPQueue"
"DEBUG"	5452	"2026-07-16 16:52:44.748"	"Starting work queue IOCPQueue"
"DEBUG"	5452	"2026-07-16 16:52:44.748"	"Started work queue IOCPQueue"
"DEBUG"	5452	"2026-07-16 16:52:44.748"	"Adding task IOCPQueueWorkerTask to work queue IOCPQueue"
"DEBUG"	5452	"2026-07-16 16:52:44.748"	"Adding task IOCPQueueWorkerTask to work queue IOCPQueue"
"DEBUG"	2040	"2026-07-16 16:52:44.764"	"Running worker in work queue IOCPQueue"
"DEBUG"	7004	"2026-07-16 16:52:44.764"	"Running worker in work queue IOCPQueue"
"DEBUG"	2904	"2026-07-16 16:52:44.764"	"Running worker in work queue IOCPQueue"
"DEBUG"	5916	"2026-07-16 16:52:44.764"	"Running worker in work queue IOCPQueue"
"DEBUG"	5452	"2026-07-16 16:52:44.764"	"Adding task IOCPQueueWorkerTask to work queue IOCPQueue"
"DEBUG"	5452	"2026-07-16 16:52:44.764"	"Adding task IOCPQueueWorkerTask to work queue IOCPQueue"
"DEBUG"	5452	"2026-07-16 16:52:44.764"	"Adding task IOCPQueueWorkerTask to work queue IOCPQueue"
"DEBUG"	5452	"2026-07-16 16:52:44.764"	"Adding task IOCPQueueWorkerTask to work queue IOCPQueue"
"DEBUG"	5452	"2026-07-16 16:52:44.764"	"Adding task IOCPQueueWorkerTask to work queue IOCPQueue"
"DEBUG"	5452	"2026-07-16 16:52:44.764"	"Adding task IOCPQueueWorkerTask to work queue IOCPQueue"
"DEBUG"	5452	"2026-07-16 16:52:44.764"	"Adding task IOCPQueueWorkerTask to work queue IOCPQueue"
"DEBUG"	2668	"2026-07-16 16:52:44.764"	"Running worker in work queue IOCPQueue"
"DEBUG"	1436	"2026-07-16 16:52:44.764"	"Running worker in work queue IOCPQueue"
"DEBUG"	4060	"2026-07-16 16:52:44.764"	"Running worker in work queue IOCPQueue"
"DEBUG"	5700	"2026-07-16 16:52:44.764"	"Running worker in work queue IOCPQueue"
"DEBUG"	7580	"2026-07-16 16:52:44.764"	"Running worker in work queue IOCPQueue"
"DEBUG"	7580	"2026-07-16 16:52:44.764"	"Executing task IOCPQueueWorkerTask in work queue IOCPQueue"
"DEBUG"	5316	"2026-07-16 16:52:44.764"	"Running worker in work queue IOCPQueue"
"DEBUG"	2040	"2026-07-16 16:52:44.764"	"Executing task IOCPQueueWorkerTask in work queue IOCPQueue"
"DEBUG"	5916	"2026-07-16 16:52:44.764"	"Executing task IOCPQueueWorkerTask in work queue IOCPQueue"
"DEBUG"	8176	"2026-07-16 16:52:44.764"	"Running worker in work queue IOCPQueue"
"DEBUG"	2904	"2026-07-16 16:52:44.764"	"Executing task IOCPQueueWorkerTask in work queue IOCPQueue"
"DEBUG"	7820	"2026-07-16 16:52:44.764"	"Running worker in work queue IOCPQueue"
"DEBUG"	7004	"2026-07-16 16:52:44.764"	"Executing task IOCPQueueWorkerTask in work queue IOCPQueue"
"DEBUG"	5252	"2026-07-16 16:52:44.764"	"Running worker in work queue IOCPQueue"
"DEBUG"	5156	"2026-07-16 16:52:44.764"	"Running worker in work queue IOCPQueue"
"DEBUG"	5452	"2026-07-16 16:52:44.764"	"Adding task IOCPQueueWorkerTask to work queue IOCPQueue"
"DEBUG"	5452	"2026-07-16 16:52:44.780"	"Adding task IOCPQueueWorkerTask to work queue IOCPQueue"
"DEBUG"	5452	"2026-07-16 16:52:44.780"	"Adding task IOCPQueueWorkerTask to work queue IOCPQueue"
"DEBUG"	5452	"2026-07-16 16:52:44.780"	"Adding task IOCPQueueWorkerTask to work queue IOCPQueue"
"DEBUG"	5452	"2026-07-16 16:52:44.780"	"Adding task IOCPQueueWorkerTask to work queue IOCPQueue"
"DEBUG"	5452	"2026-07-16 16:52:44.780"	"Adding task IOCPQueueWorkerTask to work queue IOCPQueue"
"DEBUG"	2668	"2026-07-16 16:52:44.764"	"Executing task IOCPQueueWorkerTask in work queue IOCPQueue"
"DEBUG"	5156	"2026-07-16 16:52:44.780"	"Executing task IOCPQueueWorkerTask in work queue IOCPQueue"
"DEBUG"	1436	"2026-07-16 16:52:44.764"	"Executing task IOCPQueueWorkerTask in work queue IOCPQueue"
"DEBUG"	5252	"2026-07-16 16:52:44.780"	"Executing task IOCPQueueWorkerTask in work queue IOCPQueue"
"DEBUG"	4060	"2026-07-16 16:52:44.764"	"Executing task IOCPQueueWorkerTask in work queue IOCPQueue"
"DEBUG"	7820	"2026-07-16 16:52:44.780"	"Executing task IOCPQueueWorkerTask in work queue IOCPQueue"
"DEBUG"	5700	"2026-07-16 16:52:44.764"	"Executing task IOCPQueueWorkerTask in work queue IOCPQueue"
"DEBUG"	8176	"2026-07-16 16:52:44.780"	"Executing task IOCPQueueWorkerTask in work queue IOCPQueue"
"DEBUG"	6468	"2026-07-16 16:52:44.764"	"Running worker in work queue IOCPQueue"
"DEBUG"	6468	"2026-07-16 16:52:44.780"	"Executing task IOCPQueueWorkerTask in work queue IOCPQueue"
"DEBUG"	5316	"2026-07-16 16:52:44.780"	"Executing task IOCPQueueWorkerTask in work queue IOCPQueue"
"DEBUG"	5316	"2026-07-16 16:53:29.806"	"Creating session 5"
"TCPIP"	5316	"2026-07-16 16:53:29.806"	"TCP - 10.0.0.128 connected to 10.0.0.128:587."
"DEBUG"	5316	"2026-07-16 16:53:29.806"	"TCP connection started for session 4"
"SMTPD"	5316	4	"2026-07-16 16:53:29.822"	"10.0.0.128"	"SENT: 220 WIN-2F1VNVRVM11 ESMTP"
"SMTPD"	6468	4	"2026-07-16 16:53:29.945"	"10.0.0.128"	"RECEIVED: EHLO [10.0.0.128]"
"SMTPD"	6468	4	"2026-07-16 16:53:29.953"	"10.0.0.128"	"SENT: 250-WIN-2F1VNVRVM11[nl]250-SIZE 20480000[nl]250-AUTH LOGIN[nl]250 HELP"
"SMTPD"	8176	4	"2026-07-16 16:53:29.953"	"10.0.0.128"	"RECEIVED: AUTH LOGIN"
"SMTPD"	8176	4	"2026-07-16 16:53:29.969"	"10.0.0.128"	"SENT: 334 VXNlcm5hbWU6"
"SMTPD"	5316	4	"2026-07-16 16:53:29.969"	"10.0.0.128"	"RECEIVED: YkBoaS54eXo="
"SMTPD"	5316	4	"2026-07-16 16:53:29.969"	"10.0.0.128"	"SENT: 334 UGFzc3dvcmQ6"
"SMTPD"	6468	4	"2026-07-16 16:53:29.969"	"10.0.0.128"	"RECEIVED: ***"
"SMTPD"	6468	4	"2026-07-16 16:53:29.985"	"10.0.0.128"	"SENT: 235 authenticated."
"SMTPD"	5700	4	"2026-07-16 16:53:29.985"	"10.0.0.128"	"RECEIVED: MAIL FROM:<a@hi.xyz> SIZE=694"
"SMTPD"	5700	4	"2026-07-16 16:53:30.000"	"10.0.0.128"	"SENT: 250 OK"
"SMTPD"	5700	4	"2026-07-16 16:53:30.000"	"10.0.0.128"	"RECEIVED: RCPT TO:<b@hi.xyz>"
"SMTPD"	5700	4	"2026-07-16 16:53:30.000"	"10.0.0.128"	"SENT: 250 OK"
"SMTPD"	6468	4	"2026-07-16 16:53:30.000"	"10.0.0.128"	"RECEIVED: DATA"
"SMTPD"	6468	4	"2026-07-16 16:53:30.000"	"10.0.0.128"	"SENT: 354 OK, send."
"DEBUG"	6468	"2026-07-16 16:53:30.016"	"Adding task AsynchronousTask to work queue Asynchronous task queue"
"DEBUG"	5048	"2026-07-16 16:53:30.031"	"Executing task AsynchronousTask in work queue Asynchronous task queue"
"DEBUG"	5048	"2026-07-16 16:53:30.032"	"Executing event OnAcceptMessage"
"DEBUG"	5048	"2026-07-16 16:53:30.065"	"Event completed"
"DEBUG"	5048	"2026-07-16 16:53:30.065"	"Saving message: {91006686-CE00-4F12-928B-E3BF32857A9A}.eml"
"DEBUG"	5048	"2026-07-16 16:53:30.065"	"Requesting SMTPDeliveryManager to start message delivery"
"SMTPD"	5048	4	"2026-07-16 16:53:30.065"	"10.0.0.128"	"SENT: 250 Queued (0.031 seconds)"
"DEBUG"	7348	"2026-07-16 16:53:30.080"	"Adding task DeliveryTask to work queue SMTP delivery queue"
"DEBUG"	5808	"2026-07-16 16:53:30.080"	"Executing task DeliveryTask in work queue SMTP delivery queue"
"DEBUG"	5808	"2026-07-16 16:53:30.080"	"Delivering message..."
"APPLICATION"	5808	"2026-07-16 16:53:30.096"	"SMTPDeliverer - Message 77: Delivering message from a@hi.xyz to b@hi.xyz. File: C:\Program Files (x86)\hMailServer\Data\{91006686-CE00-4F12-928B-E3BF32857A9A}.eml"
"DEBUG"	5808	"2026-07-16 16:53:30.132"	"Applying rules"
"DEBUG"	5808	"2026-07-16 16:53:30.132"	"Applying rule Phishing Filter"
"DEBUG"	5808	"2026-07-16 16:53:30.132"	"Performing rule action"
"DEBUG"	5808	"2026-07-16 16:53:30.148"	"Performing rule action"
"DEBUG"	5808	"2026-07-16 16:53:30.160"	"Performing local delivery"
"DEBUG"	5808	"2026-07-16 16:53:30.160"	"Applying rules"
"DEBUG"	5808	"2026-07-16 16:53:30.207"	"Saving message: {91006686-CE00-4F12-928B-E3BF32857A9A}.eml"
"DEBUG"	5700	"2026-07-16 16:53:30.246"	"Creating session 6"
"TCPIP"	5700	"2026-07-16 16:53:30.287"	"TCP - 10.0.0.128 connected to 10.0.0.128:143."
"DEBUG"	5700	"2026-07-16 16:53:30.287"	"TCP connection started for session 3"
"IMAPD"	5700	3	"2026-07-16 16:53:30.287"	"10.0.0.128"	"SENT: * OK IMAPrev1"
"DEBUG"	5808	"2026-07-16 16:53:30.303"	"Local delivery completed"
"IMAPD"	5700	3	"2026-07-16 16:53:30.319"	"10.0.0.128"	"RECEIVED: 47 capability"
"IMAPD"	5700	3	"2026-07-16 16:53:30.319"	"10.0.0.128"	"SENT: * CAPABILITY IMAP4 IMAP4rev1 CHILDREN IDLE QUOTA SORT ACL NAMESPACE RIGHTS=texk[nl]47 OK CAPABILITY completed"
"APPLICATION"	5808	"2026-07-16 16:53:30.319"	"SMTPDeliverer - Message 77: Message delivery thread completed."
"IMAPD"	7820	3	"2026-07-16 16:53:30.319"	"10.0.0.128"	"RECEIVED: 49 login "a@hi.xyz" ***"
"IMAPD"	7820	3	"2026-07-16 16:53:30.335"	"10.0.0.128"	"SENT: 49 OK LOGIN completed"
"IMAPD"	5316	3	"2026-07-16 16:53:30.338"	"10.0.0.128"	"RECEIVED: 50 capability"
"IMAPD"	5316	3	"2026-07-16 16:53:30.338"	"10.0.0.128"	"SENT: * CAPABILITY IMAP4 IMAP4rev1 CHILDREN IDLE QUOTA SORT ACL NAMESPACE RIGHTS=texk[nl]50 OK CAPABILITY completed"
"IMAPD"	5316	3	"2026-07-16 16:53:30.338"	"10.0.0.128"	"RECEIVED: 51 append "Sent" (\Seen) {694}"
"IMAPD"	5316	3	"2026-07-16 16:53:30.338"	"10.0.0.128"	"SENT: + Ready for literal data"
"DEBUG"	5700	"2026-07-16 16:53:30.338"	"Saving message: {09EEC0A0-0F1F-47AE-A9DF-831F69319CC8}.eml"
"IMAPD"	5700	3	"2026-07-16 16:53:30.347"	"10.0.0.128"	"SENT: 51 OK APPEND completed"
"SMTPD"	4060	4	"2026-07-16 16:53:35.098"	"10.0.0.128"	"RECEIVED: QUIT"
"SMTPD"	4060	4	"2026-07-16 16:53:35.098"	"10.0.0.128"	"SENT: 221 goodbye"
"DEBUG"	5700	"2026-07-16 16:53:35.098"	"Ending session 4"
"DEBUG"	5700	"2026-07-16 16:59:05.167"	"Creating session 7"
"TCPIP"	5700	"2026-07-16 16:59:05.167"	"TCP - 10.0.0.128 connected to 10.0.0.128:143."
"DEBUG"	5700	"2026-07-16 16:59:05.178"	"TCP connection started for session 6"
"IMAPD"	5700	6	"2026-07-16 16:59:05.178"	"10.0.0.128"	"SENT: * OK IMAPrev1"
"DEBUG"	6468	"2026-07-16 16:59:05.181"	"Creating session 8"
"TCPIP"	6468	"2026-07-16 16:59:05.181"	"TCP - 10.0.0.128 connected to 10.0.0.128:143."
"DEBUG"	6468	"2026-07-16 16:59:05.181"	"TCP connection started for session 7"
"IMAPD"	6468	7	"2026-07-16 16:59:05.181"	"10.0.0.128"	"SENT: * OK IMAPrev1"
"IMAPD"	5316	6	"2026-07-16 16:59:05.205"	"10.0.0.128"	"RECEIVED: 16 capability"
"IMAPD"	5316	6	"2026-07-16 16:59:05.205"	"10.0.0.128"	"SENT: * CAPABILITY IMAP4 IMAP4rev1 CHILDREN IDLE QUOTA SORT ACL NAMESPACE RIGHTS=texk[nl]16 OK CAPABILITY completed"
"IMAPD"	4060	7	"2026-07-16 16:59:05.205"	"10.0.0.128"	"RECEIVED: 32 capability"
"IMAPD"	4060	7	"2026-07-16 16:59:05.214"	"10.0.0.128"	"SENT: * CAPABILITY IMAP4 IMAP4rev1 CHILDREN IDLE QUOTA SORT ACL NAMESPACE RIGHTS=texk[nl]32 OK CAPABILITY completed"
"IMAPD"	5316	6	"2026-07-16 16:59:05.214"	"10.0.0.128"	"RECEIVED: 18 login "a@hi.xyz" ***"
"IMAPD"	5700	7	"2026-07-16 16:59:05.214"	"10.0.0.128"	"RECEIVED: 34 login "b@hi.xyz" ***"
"IMAPD"	5316	6	"2026-07-16 16:59:05.214"	"10.0.0.128"	"SENT: 18 OK LOGIN completed"
"IMAPD"	6468	6	"2026-07-16 16:59:05.214"	"10.0.0.128"	"RECEIVED: 19 capability"
"IMAPD"	6468	6	"2026-07-16 16:59:05.214"	"10.0.0.128"	"SENT: * CAPABILITY IMAP4 IMAP4rev1 CHILDREN IDLE QUOTA SORT ACL NAMESPACE RIGHTS=texk[nl]19 OK CAPABILITY completed"
"IMAPD"	5252	6	"2026-07-16 16:59:05.214"	"10.0.0.128"	"RECEIVED: 20 select "INBOX""
"DEBUG"	5252	"2026-07-16 16:59:05.231"	"Reading messages from database."
"IMAPD"	5252	6	"2026-07-16 16:59:05.231"	"10.0.0.128"	"SENT: * 15 EXISTS[nl]* 15 RECENT[nl]* FLAGS (\Deleted \Seen \Draft \Answered \Flagged)[nl]* OK [UIDVALIDITY 1783903039] current uidvalidity[nl]* OK [UNSEEN 5] unseen messages[nl]* OK [UIDNEXT 18] next uid[nl]* OK [PERMANENTFLAGS (\Deleted \Seen \Draft \Answered \Flagged)] limited[nl]20 OK [READ-WRITE] SELECT completed"
"IMAPD"	1436	6	"2026-07-16 16:59:05.231"	"10.0.0.128"	"RECEIVED: 21 getquotaroot "INBOX""
"IMAPD"	1436	6	"2026-07-16 16:59:05.262"	"10.0.0.128"	"SENT: * QUOTAROOT "INBOX" ""[nl]* QUOTA "" ()[nl]21 OK GETQUOTAROOT completed"
"IMAPD"	1436	6	"2026-07-16 16:59:05.262"	"10.0.0.128"	"RECEIVED: 22 UID fetch 1:* (FLAGS)"
"IMAPD"	1436	6	"2026-07-16 16:59:05.279"	"10.0.0.128"	"SENT: * 1 FETCH (UID 3 FLAGS (\Seen))"
"IMAPD"	1436	6	"2026-07-16 16:59:05.279"	"10.0.0.128"	"SENT: * 2 FETCH (UID 4 FLAGS (\Seen))"
"IMAPD"	1436	6	"2026-07-16 16:59:05.279"	"10.0.0.128"	"SENT: * 3 FETCH (UID 5 FLAGS ())"
"IMAPD"	1436	6	"2026-07-16 16:59:05.279"	"10.0.0.128"	"SENT: * 4 FETCH (UID 6 FLAGS ())"
"IMAPD"	1436	6	"2026-07-16 16:59:05.279"	"10.0.0.128"	"SENT: * 5 FETCH (UID 7 FLAGS ())"
"IMAPD"	1436	6	"2026-07-16 16:59:05.279"	"10.0.0.128"	"SENT: * 6 FETCH (UID 8 FLAGS ())"
"IMAPD"	1436	6	"2026-07-16 16:59:05.279"	"10.0.0.128"	"SENT: * 7 FETCH (UID 9 FLAGS ())"
"IMAPD"	1436	6	"2026-07-16 16:59:05.279"	"10.0.0.128"	"SENT: * 8 FETCH (UID 10 FLAGS ())"
"IMAPD"	1436	6	"2026-07-16 16:59:05.279"	"10.0.0.128"	"SENT: * 9 FETCH (UID 11 FLAGS (\Seen))"
"IMAPD"	1436	6	"2026-07-16 16:59:05.279"	"10.0.0.128"	"SENT: * 10 FETCH (UID 12 FLAGS (\Seen))"
"IMAPD"	1436	6	"2026-07-16 16:59:05.279"	"10.0.0.128"	"SENT: * 11 FETCH (UID 13 FLAGS (\Seen))"
"IMAPD"	1436	6	"2026-07-16 16:59:05.279"	"10.0.0.128"	"SENT: * 12 FETCH (UID 14 FLAGS ())"
"IMAPD"	1436	6	"2026-07-16 16:59:05.279"	"10.0.0.128"	"SENT: * 13 FETCH (UID 15 FLAGS ())"
"IMAPD"	1436	6	"2026-07-16 16:59:05.279"	"10.0.0.128"	"SENT: * 14 FETCH (UID 16 FLAGS ())"
"IMAPD"	1436	6	"2026-07-16 16:59:05.279"	"10.0.0.128"	"SENT: * 15 FETCH (UID 17 FLAGS (\Seen))"
"IMAPD"	1436	6	"2026-07-16 16:59:05.279"	"10.0.0.128"	"SENT: 22 OK UID completed"
"IMAPD"	5700	7	"2026-07-16 16:59:05.295"	"10.0.0.128"	"SENT: 34 OK LOGIN completed"
"IMAPD"	5156	7	"2026-07-16 16:59:05.301"	"10.0.0.128"	"RECEIVED: 35 capability"
"IMAPD"	5156	7	"2026-07-16 16:59:05.306"	"10.0.0.128"	"SENT: * CAPABILITY IMAP4 IMAP4rev1 CHILDREN IDLE QUOTA SORT ACL NAMESPACE RIGHTS=texk[nl]35 OK CAPABILITY completed"
"IMAPD"	5156	7	"2026-07-16 16:59:05.309"	"10.0.0.128"	"RECEIVED: 36 select "INBOX""
"DEBUG"	5156	"2026-07-16 16:59:05.312"	"Reading messages from database."
"IMAPD"	5156	7	"2026-07-16 16:59:05.312"	"10.0.0.128"	"SENT: * 15 EXISTS[nl]* 15 RECENT[nl]* FLAGS (\Deleted \Seen \Draft \Answered \Flagged)[nl]* OK [UIDVALIDITY 1783903061] current uidvalidity[nl]* OK [UNSEEN 9] unseen messages[nl]* OK [UIDNEXT 20] next uid[nl]* OK [PERMANENTFLAGS (\Deleted \Seen \Draft \Answered \Flagged)] limited[nl]36 OK [READ-WRITE] SELECT completed"
"IMAPD"	5156	7	"2026-07-16 16:59:05.312"	"10.0.0.128"	"RECEIVED: 37 getquotaroot "INBOX""
"IMAPD"	5156	7	"2026-07-16 16:59:05.312"	"10.0.0.128"	"SENT: * QUOTAROOT "INBOX" ""[nl]* QUOTA "" ()[nl]37 OK GETQUOTAROOT completed"
"IMAPD"	5156	7	"2026-07-16 16:59:05.312"	"10.0.0.128"	"RECEIVED: 38 UID fetch 1:* (FLAGS)"
"IMAPD"	5156	7	"2026-07-16 16:59:05.312"	"10.0.0.128"	"SENT: * 1 FETCH (UID 5 FLAGS (\Seen))"
"IMAPD"	5156	7	"2026-07-16 16:59:05.312"	"10.0.0.128"	"SENT: * 2 FETCH (UID 6 FLAGS (\Seen))"
"IMAPD"	5156	7	"2026-07-16 16:59:05.312"	"10.0.0.128"	"SENT: * 3 FETCH (UID 7 FLAGS (\Seen))"
"IMAPD"	5156	7	"2026-07-16 16:59:05.312"	"10.0.0.128"	"SENT: * 4 FETCH (UID 8 FLAGS (\Seen))"
"IMAPD"	5156	7	"2026-07-16 16:59:05.312"	"10.0.0.128"	"SENT: * 5 FETCH (UID 9 FLAGS ())"
"IMAPD"	5156	7	"2026-07-16 16:59:05.312"	"10.0.0.128"	"SENT: * 6 FETCH (UID 10 FLAGS (\Seen))"
"IMAPD"	5156	7	"2026-07-16 16:59:05.312"	"10.0.0.128"	"SENT: * 7 FETCH (UID 11 FLAGS (\Seen))"
"IMAPD"	5156	7	"2026-07-16 16:59:05.312"	"10.0.0.128"	"SENT: * 8 FETCH (UID 12 FLAGS (\Seen))"
"IMAPD"	5156	7	"2026-07-16 16:59:05.312"	"10.0.0.128"	"SENT: * 9 FETCH (UID 13 FLAGS (\Seen))"
"IMAPD"	5156	7	"2026-07-16 16:59:05.312"	"10.0.0.128"	"SENT: * 10 FETCH (UID 14 FLAGS ())"
"IMAPD"	5156	7	"2026-07-16 16:59:05.312"	"10.0.0.128"	"SENT: * 11 FETCH (UID 15 FLAGS (\Seen))"
"IMAPD"	5156	7	"2026-07-16 16:59:05.312"	"10.0.0.128"	"SENT: * 12 FETCH (UID 16 FLAGS ())"
"IMAPD"	5156	7	"2026-07-16 16:59:05.328"	"10.0.0.128"	"SENT: * 13 FETCH (UID 17 FLAGS ())"
"IMAPD"	5156	7	"2026-07-16 16:59:05.328"	"10.0.0.128"	"SENT: * 14 FETCH (UID 18 FLAGS ())"
"IMAPD"	5156	7	"2026-07-16 16:59:05.328"	"10.0.0.128"	"SENT: * 15 FETCH (UID 19 FLAGS ())"
"IMAPD"	5156	7	"2026-07-16 16:59:05.328"	"10.0.0.128"	"SENT: 38 OK UID completed"
"IMAPD"	5700	7	"2026-07-16 16:59:05.333"	"10.0.0.128"	"RECEIVED: 39 UID fetch 19 (UID RFC822.SIZE FLAGS BODY.PEEK[HEADER.FIELDS (From To Cc Bcc Subject Date Message-ID Priority X-Priority References Newsgroups In-Reply-To Content-Type Reply-To Received)])"
"IMAPD"	5700	7	"2026-07-16 16:59:05.360"	"10.0.0.128"	"SENT: * 15 FETCH (UID 19 RFC822.SIZE 856 FLAGS () BODY[HEADER.FIELDS (From To Cc Bcc Subject Date Message-ID Priority X-Priority References Newsgroups In-Reply-To Content-Type Reply-To Received)] {348}"
"IMAPD"	5700	7	"2026-07-16 16:59:05.360"	"10.0.0.128"	"SENT: )"
"IMAPD"	5700	7	"2026-07-16 16:59:05.360"	"10.0.0.128"	"SENT: 39 OK UID completed"
"IMAPD"	1436	7	"2026-07-16 16:59:05.424"	"10.0.0.128"	"RECEIVED: 40 UID fetch 19 (UID RFC822.SIZE BODY.PEEK[])"
"IMAPD"	1436	7	"2026-07-16 16:59:05.424"	"10.0.0.128"	"SENT: * 15 FETCH (UID 19 RFC822.SIZE 856 BODY[] {879}"
"IMAPD"	1436	7	"2026-07-16 16:59:05.424"	"10.0.0.128"	"SENT: )"
"IMAPD"	1436	7	"2026-07-16 16:59:05.424"	"10.0.0.128"	"SENT: 40 OK UID completed"
"IMAPD"	4060	7	"2026-07-16 16:59:05.503"	"10.0.0.128"	"RECEIVED: 41 UID fetch 19 (UID BODY.PEEK[HEADER.FIELDS (Content-Type Content-Transfer-Encoding)] BODY.PEEK[TEXT]<0.2048>)"
"IMAPD"	4060	7	"2026-07-16 16:59:05.508"	"10.0.0.128"	"SENT: * 15 FETCH (UID 19 BODY[HEADER.FIELDS (Content-Type Content-Transfer-Encoding)] {91}"
"IMAPD"	4060	7	"2026-07-16 16:59:05.539"	"10.0.0.128"	"SENT:  BODY[TEXT]<0> {364}"
"IMAPD"	4060	7	"2026-07-16 16:59:05.539"	"10.0.0.128"	"SENT: )"
"IMAPD"	4060	7	"2026-07-16 16:59:05.570"	"10.0.0.128"	"SENT: 41 OK UID completed"
"IMAPD"	8176	6	"2026-07-16 16:59:07.314"	"10.0.0.128"	"RECEIVED: 23 IDLE"
"IMAPD"	8176	6	"2026-07-16 16:59:07.314"	"10.0.0.128"	"SENT: + idling"
"IMAPD"	8176	7	"2026-07-16 16:59:07.745"	"10.0.0.128"	"RECEIVED: 42 IDLE"
"IMAPD"	8176	7	"2026-07-16 16:59:07.745"	"10.0.0.128"	"SENT: + idling"
"DEBUG"	2236	"2026-07-16 17:02:10.210"	"Received stop-request from Windows."
"APPLICATION"	2236	"2026-07-16 17:02:10.210"	"Stopping servers..."
"DEBUG"	2236	"2026-07-16 17:02:10.210"	"Application::StopServers() - Removing server work queue"
"DEBUG"	2236	"2026-07-16 17:02:10.210"	"WorkQueueManager::RemoveQueue - Server queue"
"DEBUG"	2236	"2026-07-16 17:02:10.210"	"Stopping working queue Server queue."
"DEBUG"	2236	"2026-07-16 17:02:10.210"	"Interupt and join threads in working queue Server queue"
"DEBUG"	5452	"2026-07-16 17:02:10.210"	"IOService::Stop()"
"DEBUG"	5836	"2026-07-16 17:02:10.210"	"Worker exited in work queue Server queue"
"DEBUG"	7820	"2026-07-16 17:02:10.210"	"TCP - AcceptEx failed. Error code: 995, Message: 스레드 종료 또는 응용 프로그램 요청 때문에 I/O 작업이 취소되었습니다"
"DEBUG"	4060	"2026-07-16 17:02:10.210"	"TCP - AcceptEx failed. Error code: 995, Message: 스레드 종료 또는 응용 프로그램 요청 때문에 I/O 작업이 취소되었습니다"
"DEBUG"	5252	"2026-07-16 17:02:10.210"	"TCP - AcceptEx failed. Error code: 995, Message: 스레드 종료 또는 응용 프로그램 요청 때문에 I/O 작업이 취소되었습니다"
"DEBUG"	5252	"2026-07-16 17:02:10.210"	"Ending session 2"
"DEBUG"	5452	"2026-07-16 17:02:10.210"	"IOService::DoWork() - removing Queue IOCP Queue"
"DEBUG"	5452	"2026-07-16 17:02:10.210"	"WorkQueueManager::RemoveQueue - IOCPQueue"
"DEBUG"	5452	"2026-07-16 17:02:10.227"	"Stopping working queue IOCPQueue."
"DEBUG"	7820	"2026-07-16 17:02:10.210"	"Ending session 8"
"DEBUG"	4864	"2026-07-16 17:02:10.210"	"Worker exited in work queue Server queue"
"DEBUG"	4060	"2026-07-16 17:02:10.210"	"Ending session 1"
"DEBUG"	2668	"2026-07-16 17:02:10.210"	"TCP - AcceptEx failed. Error code: 995, Message: 스레드 종료 또는 응용 프로그램 요청 때문에 I/O 작업이 취소되었습니다"
"DEBUG"	2668	"2026-07-16 17:02:10.227"	"Ending session 5"
"DEBUG"	5452	"2026-07-16 17:02:10.227"	"Interupt and join threads in working queue IOCPQueue"
"DEBUG"	7348	"2026-07-16 17:02:10.210"	"Worker exited in work queue Server queue"
"DEBUG"	1436	"2026-07-16 17:02:10.227"	"Worker exited in work queue IOCPQueue"
"DEBUG"	8176	"2026-07-16 17:02:10.227"	"Worker exited in work queue IOCPQueue"
"DEBUG"	5700	"2026-07-16 17:02:10.227"	"Worker exited in work queue IOCPQueue"
"DEBUG"	2236	"2026-07-16 17:02:10.227"	"Still 1 remaining threads in queue Server queue. First task: IOService"
"DEBUG"	6468	"2026-07-16 17:02:10.227"	"Worker exited in work queue IOCPQueue"
"DEBUG"	5316	"2026-07-16 17:02:10.227"	"Worker exited in work queue IOCPQueue"
"DEBUG"	7004	"2026-07-16 17:02:10.227"	"Worker exited in work queue IOCPQueue"
"DEBUG"	2904	"2026-07-16 17:02:10.227"	"Worker exited in work queue IOCPQueue"
"DEBUG"	5916	"2026-07-16 17:02:10.227"	"Worker exited in work queue IOCPQueue"
"DEBUG"	2040	"2026-07-16 17:02:10.243"	"Worker exited in work queue IOCPQueue"
"DEBUG"	2668	"2026-07-16 17:02:10.243"	"Worker exited in work queue IOCPQueue"
"DEBUG"	4060	"2026-07-16 17:02:10.243"	"Worker exited in work queue IOCPQueue"
"DEBUG"	7820	"2026-07-16 17:02:10.243"	"Worker exited in work queue IOCPQueue"
"DEBUG"	5156	"2026-07-16 17:02:10.243"	"Worker exited in work queue IOCPQueue"
"DEBUG"	5252	"2026-07-16 17:02:10.243"	"Worker exited in work queue IOCPQueue"
"DEBUG"	7580	"2026-07-16 17:02:10.243"	"Worker exited in work queue IOCPQueue"
"DEBUG"	5452	"2026-07-16 17:02:10.243"	"Still 1 remaining threads in queue IOCPQueue. First task: <Unknown>"
"DEBUG"	2236	"2026-07-16 17:02:10.513"	"Still 1 remaining threads in queue Server queue. First task: IOService"
"DEBUG"	5452	"2026-07-16 17:02:10.513"	"All threads are joined in queue IOCPQueue."
"DEBUG"	5452	"2026-07-16 17:02:10.513"	"WorkQueueManager::RemoveQueue - Stopped IOCPQueue"
"DEBUG"	5452	"2026-07-16 17:02:10.513"	"WorkQueueManager::RemoveQueue - Erased IOCPQueue"
"DEBUG"	5452	"2026-07-16 17:02:10.513"	"IOService::Stop() - Complete"
"DEBUG"	5452	"2026-07-16 17:02:10.513"	"Destructing work queue IOCPQueue"
"DEBUG"	5452	"2026-07-16 17:02:10.768"	"Worker exited in work queue Server queue"
"DEBUG"	2236	"2026-07-16 17:02:10.768"	"All threads are joined in queue Server queue."
"DEBUG"	2236	"2026-07-16 17:02:10.768"	"WorkQueueManager::RemoveQueue - Stopped Server queue"
"DEBUG"	2236	"2026-07-16 17:02:10.768"	"WorkQueueManager::RemoveQueue - Erased Server queue"
"DEBUG"	2236	"2026-07-16 17:02:10.768"	"Destructing work queue Server queue"
"DEBUG"	2236	"2026-07-16 17:02:10.768"	"Application::StopServers() - Clearing caches"
"DEBUG"	2236	"2026-07-16 17:02:10.768"	"Application::StopServers() - Destructing IOCP"
"DEBUG"	2236	"2026-07-16 17:02:10.768"	"IOService::~IOService - Destructing"
"DEBUG"	2236	"2026-07-16 17:02:10.768"	"TCPServer::~TCPServer"
"DEBUG"	2236	"2026-07-16 17:02:10.768"	"TCPServer::~TCPServer"
"DEBUG"	2236	"2026-07-16 17:02:10.768"	"TCPServer::~TCPServer"
"DEBUG"	2236	"2026-07-16 17:02:10.768"	"TCPServer::~TCPServer"
"DEBUG"	2236	"2026-07-16 17:02:10.768"	"Ending session 7"
"DEBUG"	2236	"2026-07-16 17:02:10.784"	"Ending session 6"
"DEBUG"	2236	"2026-07-16 17:02:10.784"	"Ending session 3"
"DEBUG"	2236	"2026-07-16 17:02:10.784"	"Application::StopServers() - Destructing DeliveryManager"
"DEBUG"	2236	"2026-07-16 17:02:10.784"	"WorkQueueManager::RemoveQueue - SMTP delivery queue"
"DEBUG"	2236	"2026-07-16 17:02:10.784"	"Stopping working queue SMTP delivery queue."
"DEBUG"	2236	"2026-07-16 17:02:10.784"	"Interupt and join threads in working queue SMTP delivery queue"
"DEBUG"	5808	"2026-07-16 17:02:10.784"	"Worker exited in work queue SMTP delivery queue"
"DEBUG"	6960	"2026-07-16 17:02:10.784"	"Worker exited in work queue SMTP delivery queue"
"DEBUG"	3760	"2026-07-16 17:02:10.784"	"Worker exited in work queue SMTP delivery queue"
"DEBUG"	7748	"2026-07-16 17:02:10.784"	"Worker exited in work queue SMTP delivery queue"
"DEBUG"	3624	"2026-07-16 17:02:10.784"	"Worker exited in work queue SMTP delivery queue"
"DEBUG"	7860	"2026-07-16 17:02:10.784"	"Worker exited in work queue SMTP delivery queue"
"DEBUG"	5184	"2026-07-16 17:02:10.784"	"Worker exited in work queue SMTP delivery queue"
"DEBUG"	5912	"2026-07-16 17:02:10.799"	"Worker exited in work queue SMTP delivery queue"
"DEBUG"	3304	"2026-07-16 17:02:10.799"	"Worker exited in work queue SMTP delivery queue"
"DEBUG"	3928	"2026-07-16 17:02:10.799"	"Worker exited in work queue SMTP delivery queue"
"DEBUG"	2236	"2026-07-16 17:02:10.799"	"Still 1 remaining threads in queue SMTP delivery queue. First task: <Unknown>"
"DEBUG"	2236	"2026-07-16 17:02:11.069"	"All threads are joined in queue SMTP delivery queue."
"DEBUG"	2236	"2026-07-16 17:02:11.069"	"WorkQueueManager::RemoveQueue - Stopped SMTP delivery queue"
"DEBUG"	2236	"2026-07-16 17:02:11.069"	"WorkQueueManager::RemoveQueue - Erased SMTP delivery queue"
"DEBUG"	2236	"2026-07-16 17:02:11.069"	"Destructing work queue SMTP delivery queue"
"DEBUG"	2236	"2026-07-16 17:02:11.069"	"Application::StopServers() - Destructing FetchManager"
"DEBUG"	2236	"2026-07-16 17:02:11.069"	"ExternalFetchManager::~ExternalFetchManager"
"DEBUG"	2236	"2026-07-16 17:02:11.069"	"WorkQueueManager::RemoveQueue - External fetch queue"
"DEBUG"	2236	"2026-07-16 17:02:11.069"	"Stopping working queue External fetch queue."
"DEBUG"	2236	"2026-07-16 17:02:11.069"	"Interupt and join threads in working queue External fetch queue"
"DEBUG"	5924	"2026-07-16 17:02:11.069"	"Worker exited in work queue External fetch queue"
"DEBUG"	7412	"2026-07-16 17:02:11.069"	"Worker exited in work queue External fetch queue"
"DEBUG"	6060	"2026-07-16 17:02:11.069"	"Worker exited in work queue External fetch queue"
"DEBUG"	5056	"2026-07-16 17:02:11.069"	"Worker exited in work queue External fetch queue"
"DEBUG"	2252	"2026-07-16 17:02:11.069"	"Worker exited in work queue External fetch queue"
"DEBUG"	3376	"2026-07-16 17:02:11.069"	"Worker exited in work queue External fetch queue"
"DEBUG"	1644	"2026-07-16 17:02:11.069"	"Worker exited in work queue External fetch queue"
"DEBUG"	5320	"2026-07-16 17:02:11.069"	"Worker exited in work queue External fetch queue"
"DEBUG"	1508	"2026-07-16 17:02:11.085"	"Worker exited in work queue External fetch queue"
"DEBUG"	3932	"2026-07-16 17:02:11.085"	"Worker exited in work queue External fetch queue"
"DEBUG"	7952	"2026-07-16 17:02:11.085"	"Worker exited in work queue External fetch queue"
"DEBUG"	3712	"2026-07-16 17:02:11.085"	"Worker exited in work queue External fetch queue"
"DEBUG"	6244	"2026-07-16 17:02:11.085"	"Worker exited in work queue External fetch queue"
"DEBUG"	5828	"2026-07-16 17:02:11.085"	"Worker exited in work queue External fetch queue"
"DEBUG"	3616	"2026-07-16 17:02:11.085"	"Worker exited in work queue External fetch queue"
"DEBUG"	2236	"2026-07-16 17:02:11.085"	"Still 1 remaining threads in queue External fetch queue. First task: <Unknown>"
"DEBUG"	2236	"2026-07-16 17:02:11.354"	"All threads are joined in queue External fetch queue."
"DEBUG"	2236	"2026-07-16 17:02:11.354"	"WorkQueueManager::RemoveQueue - Stopped External fetch queue"
"DEBUG"	2236	"2026-07-16 17:02:11.354"	"WorkQueueManager::RemoveQueue - Erased External fetch queue"
"DEBUG"	2236	"2026-07-16 17:02:11.354"	"Destructing work queue External fetch queue"
"DEBUG"	2236	"2026-07-16 17:02:11.354"	"ExternalFetchManager::~ExternalFetchManager - Removed queue"
"DEBUG"	2236	"2026-07-16 17:02:11.354"	"Application::StopServers() - Destructing Scheduler"
"DEBUG"	2236	"2026-07-16 17:02:11.354"	"Application::StopServers() - Destructing Rest"
"APPLICATION"	2236	"2026-07-16 17:02:11.354"	"Servers stopped."
"DEBUG"	2236	"2026-07-16 17:02:11.354"	"WorkQueueManager::RemoveQueue - Maintenance queue"
"DEBUG"	2236	"2026-07-16 17:02:11.354"	"Stopping working queue Maintenance queue."
"DEBUG"	2236	"2026-07-16 17:02:11.354"	"Interupt and join threads in working queue Maintenance queue"
"DEBUG"	4176	"2026-07-16 17:02:11.354"	"Worker exited in work queue Maintenance queue"
"DEBUG"	7752	"2026-07-16 17:02:11.354"	"Worker exited in work queue Maintenance queue"
"DEBUG"	2256	"2026-07-16 17:02:11.354"	"Worker exited in work queue Maintenance queue"
"DEBUG"	888	"2026-07-16 17:02:11.354"	"Worker exited in work queue Maintenance queue"
"DEBUG"	3844	"2026-07-16 17:02:11.354"	"Worker exited in work queue Maintenance queue"
"DEBUG"	2236	"2026-07-16 17:02:11.354"	"All threads are joined in queue Maintenance queue."
"DEBUG"	2236	"2026-07-16 17:02:11.354"	"WorkQueueManager::RemoveQueue - Stopped Maintenance queue"
"DEBUG"	2236	"2026-07-16 17:02:11.354"	"WorkQueueManager::RemoveQueue - Erased Maintenance queue"
"DEBUG"	2236	"2026-07-16 17:02:11.370"	"Destructing work queue Maintenance queue"
"DEBUG"	2236	"2026-07-16 17:02:11.370"	"WorkQueueManager::RemoveQueue - Asynchronous task queue"
"DEBUG"	2236	"2026-07-16 17:02:11.370"	"Stopping working queue Asynchronous task queue."
"DEBUG"	2236	"2026-07-16 17:02:11.370"	"Interupt and join threads in working queue Asynchronous task queue"
"DEBUG"	5048	"2026-07-16 17:02:11.370"	"Worker exited in work queue Asynchronous task queue"
"DEBUG"	7996	"2026-07-16 17:02:11.370"	"Worker exited in work queue Asynchronous task queue"
"DEBUG"	3032	"2026-07-16 17:02:11.370"	"Worker exited in work queue Asynchronous task queue"
"DEBUG"	4900	"2026-07-16 17:02:11.370"	"Worker exited in work queue Asynchronous task queue"
"DEBUG"	4812	"2026-07-16 17:02:11.370"	"Worker exited in work queue Asynchronous task queue"
"DEBUG"	4364	"2026-07-16 17:02:11.370"	"Worker exited in work queue Asynchronous task queue"
"DEBUG"	6664	"2026-07-16 17:02:11.370"	"Worker exited in work queue Asynchronous task queue"
"DEBUG"	4284	"2026-07-16 17:02:11.370"	"Worker exited in work queue Asynchronous task queue"
"DEBUG"	8112	"2026-07-16 17:02:11.370"	"Worker exited in work queue Asynchronous task queue"
"DEBUG"	1076	"2026-07-16 17:02:11.370"	"Worker exited in work queue Asynchronous task queue"
"DEBUG"	6404	"2026-07-16 17:02:11.370"	"Worker exited in work queue Asynchronous task queue"
"DEBUG"	2064	"2026-07-16 17:02:11.370"	"Worker exited in work queue Asynchronous task queue"
"DEBUG"	6636	"2026-07-16 17:02:11.370"	"Worker exited in work queue Asynchronous task queue"
"DEBUG"	2756	"2026-07-16 17:02:11.370"	"Worker exited in work queue Asynchronous task queue"
"DEBUG"	5556	"2026-07-16 17:02:11.385"	"Worker exited in work queue Asynchronous task queue"
"DEBUG"	2236	"2026-07-16 17:02:11.385"	"All threads are joined in queue Asynchronous task queue."
"DEBUG"	2236	"2026-07-16 17:02:11.385"	"WorkQueueManager::RemoveQueue - Stopped Asynchronous task queue"
"DEBUG"	2236	"2026-07-16 17:02:11.385"	"WorkQueueManager::RemoveQueue - Erased Asynchronous task queue"
"DEBUG"	2236	"2026-07-16 17:02:11.385"	"Destructing work queue Asynchronous task queue"
"DEBUG"	2236	"2026-07-16 17:02:11.385"	"Application::ExitInstance - Closing database connection..."
"DEBUG"	2236	"2026-07-16 17:02:11.385"	"Application::ExitInstance - Deleting caches..."
"DEBUG"	3052	"2026-07-16 17:02:14.217"	"Application::InitInstance - Configuration loaded."
"DEBUG"	3052	"2026-07-16 17:02:14.217"	"Creating work queue Asynchronous task queue"
"DEBUG"	3052	"2026-07-16 17:02:14.217"	"Starting work queue Asynchronous task queue"
"DEBUG"	3052	"2026-07-16 17:02:14.217"	"Started work queue Asynchronous task queue"
"APPLICATION"	3052	"2026-07-16 17:02:14.217"	"Starting servers..."
"DEBUG"	3052	"2026-07-16 17:02:14.217"	"Creating work queue Server queue"
"DEBUG"	3052	"2026-07-16 17:02:14.217"	"Starting work queue Server queue"
"DEBUG"	3052	"2026-07-16 17:02:14.217"	"Started work queue Server queue"
"DEBUG"	3052	"2026-07-16 17:02:14.217"	"Adding task Scheduler to work queue Server queue"
"DEBUG"	3052	"2026-07-16 17:02:14.217"	"Adding task IOService to work queue Server queue"
"DEBUG"	3052	"2026-07-16 17:02:14.217"	"Creating work queue SMTP delivery queue"
"DEBUG"	3052	"2026-07-16 17:02:14.217"	"Starting work queue SMTP delivery queue"
"DEBUG"	3052	"2026-07-16 17:02:14.217"	"Started work queue SMTP delivery queue"
"DEBUG"	8116	"2026-07-16 17:02:14.233"	"Running worker in work queue Asynchronous task queue"
"DEBUG"	6332	"2026-07-16 17:02:14.233"	"Running worker in work queue Asynchronous task queue"
"DEBUG"	4296	"2026-07-16 17:02:14.233"	"Running worker in work queue Asynchronous task queue"
"DEBUG"	5268	"2026-07-16 17:02:14.233"	"Running worker in work queue Asynchronous task queue"
"DEBUG"	7472	"2026-07-16 17:02:14.233"	"Running worker in work queue Asynchronous task queue"
"DEBUG"	3820	"2026-07-16 17:02:14.233"	"Running worker in work queue Asynchronous task queue"
"DEBUG"	4336	"2026-07-16 17:02:14.233"	"Running worker in work queue Asynchronous task queue"
"DEBUG"	4672	"2026-07-16 17:02:14.233"	"Running worker in work queue Asynchronous task queue"
"DEBUG"	7012	"2026-07-16 17:02:14.233"	"Running worker in work queue Asynchronous task queue"
"DEBUG"	6120	"2026-07-16 17:02:14.233"	"Running worker in work queue Asynchronous task queue"
"DEBUG"	4488	"2026-07-16 17:02:14.233"	"Running worker in work queue Asynchronous task queue"
"DEBUG"	5024	"2026-07-16 17:02:14.233"	"Running worker in work queue Asynchronous task queue"
"DEBUG"	7552	"2026-07-16 17:02:14.233"	"Running worker in work queue Asynchronous task queue"
"DEBUG"	3404	"2026-07-16 17:02:14.233"	"Running worker in work queue Asynchronous task queue"
"DEBUG"	6088	"2026-07-16 17:02:14.233"	"Running worker in work queue Asynchronous task queue"
"DEBUG"	6508	"2026-07-16 17:02:14.233"	"Running worker in work queue Server queue"
"DEBUG"	6508	"2026-07-16 17:02:14.248"	"Executing task Scheduler in work queue Server queue"
"DEBUG"	3392	"2026-07-16 17:02:14.233"	"Running worker in work queue Server queue"
"DEBUG"	4744	"2026-07-16 17:02:14.233"	"Running worker in work queue Server queue"
"DEBUG"	4668	"2026-07-16 17:02:14.233"	"Running worker in work queue Server queue"
"DEBUG"	7916	"2026-07-16 17:02:14.233"	"Running worker in work queue SMTP delivery queue"
"DEBUG"	2672	"2026-07-16 17:02:14.233"	"Running worker in work queue SMTP delivery queue"
"DEBUG"	6972	"2026-07-16 17:02:14.233"	"Running worker in work queue SMTP delivery queue"
"DEBUG"	5832	"2026-07-16 17:02:14.233"	"Running worker in work queue SMTP delivery queue"
"DEBUG"	6856	"2026-07-16 17:02:14.233"	"Running worker in work queue SMTP delivery queue"
"DEBUG"	5476	"2026-07-16 17:02:14.233"	"Running worker in work queue SMTP delivery queue"
"DEBUG"	7208	"2026-07-16 17:02:14.233"	"Running worker in work queue SMTP delivery queue"
"DEBUG"	7696	"2026-07-16 17:02:14.233"	"Running worker in work queue SMTP delivery queue"
"DEBUG"	3416	"2026-07-16 17:02:14.233"	"Running worker in work queue SMTP delivery queue"
"DEBUG"	800	"2026-07-16 17:02:14.233"	"Running worker in work queue SMTP delivery queue"
"DEBUG"	3052	"2026-07-16 17:02:14.233"	"Adding task SMTPDeliveryManager to work queue Server queue"
"DEBUG"	3392	"2026-07-16 17:02:14.248"	"Executing task IOService in work queue Server queue"
"DEBUG"	3052	"2026-07-16 17:02:14.248"	"Creating work queue External fetch queue"
"DEBUG"	4668	"2026-07-16 17:02:14.248"	"Executing task SMTPDeliveryManager in work queue Server queue"
"DEBUG"	3392	"2026-07-16 17:02:14.248"	"IOService::Start()"
"DEBUG"	3052	"2026-07-16 17:02:14.248"	"Starting work queue External fetch queue"
"DEBUG"	3052	"2026-07-16 17:02:14.248"	"Started work queue External fetch queue"
"DEBUG"	3052	"2026-07-16 17:02:14.248"	"Adding task ExternalFetchManager to work queue Server queue"
"DEBUG"	4668	"2026-07-16 17:02:14.248"	"SMTPDeliveryManager::Start()"
"DEBUG"	4744	"2026-07-16 17:02:14.264"	"Executing task ExternalFetchManager in work queue Server queue"
"DEBUG"	4744	"2026-07-16 17:02:14.264"	"ExternalFetchManager::Start()"
"APPLICATION"	3052	"2026-07-16 17:02:14.264"	"Servers started."
"DEBUG"	6908	"2026-07-16 17:02:14.264"	"Running worker in work queue External fetch queue"
"DEBUG"	2860	"2026-07-16 17:02:14.264"	"Running worker in work queue External fetch queue"
"DEBUG"	5496	"2026-07-16 17:02:14.264"	"Running worker in work queue External fetch queue"
"DEBUG"	1984	"2026-07-16 17:02:14.264"	"Running worker in work queue External fetch queue"
"DEBUG"	6048	"2026-07-16 17:02:14.264"	"Running worker in work queue External fetch queue"
"DEBUG"	3972	"2026-07-16 17:02:14.264"	"Running worker in work queue External fetch queue"
"DEBUG"	3960	"2026-07-16 17:02:14.264"	"Running worker in work queue External fetch queue"
"DEBUG"	2440	"2026-07-16 17:02:14.264"	"Running worker in work queue External fetch queue"
"DEBUG"	3276	"2026-07-16 17:02:14.264"	"Running worker in work queue External fetch queue"
"DEBUG"	4392	"2026-07-16 17:02:14.264"	"Running worker in work queue External fetch queue"
"DEBUG"	1040	"2026-07-16 17:02:14.264"	"Running worker in work queue External fetch queue"
"DEBUG"	8096	"2026-07-16 17:02:14.264"	"Running worker in work queue External fetch queue"
"DEBUG"	8168	"2026-07-16 17:02:14.264"	"Running worker in work queue External fetch queue"
"DEBUG"	3708	"2026-07-16 17:02:14.264"	"Running worker in work queue External fetch queue"
"DEBUG"	3368	"2026-07-16 17:02:14.264"	"Running worker in work queue External fetch queue"
"DEBUG"	3392	"2026-07-16 17:02:14.264"	"Creating session 1"
"DEBUG"	3392	"2026-07-16 17:02:14.280"	"Creating session 2"
"DEBUG"	3392	"2026-07-16 17:02:14.280"	"Creating session 3"
"DEBUG"	3392	"2026-07-16 17:02:14.280"	"Creating session 4"
"DEBUG"	3392	"2026-07-16 17:02:14.280"	"Creating work queue IOCPQueue"
"DEBUG"	3392	"2026-07-16 17:02:14.280"	"Starting work queue IOCPQueue"
"DEBUG"	3392	"2026-07-16 17:02:14.280"	"Started work queue IOCPQueue"
"DEBUG"	3392	"2026-07-16 17:02:14.280"	"Adding task IOCPQueueWorkerTask to work queue IOCPQueue"
"DEBUG"	3392	"2026-07-16 17:02:14.280"	"Adding task IOCPQueueWorkerTask to work queue IOCPQueue"
"DEBUG"	3392	"2026-07-16 17:02:14.280"	"Adding task IOCPQueueWorkerTask to work queue IOCPQueue"
"DEBUG"	3392	"2026-07-16 17:02:14.280"	"Adding task IOCPQueueWorkerTask to work queue IOCPQueue"
"DEBUG"	3392	"2026-07-16 17:02:14.280"	"Adding task IOCPQueueWorkerTask to work queue IOCPQueue"
"DEBUG"	3392	"2026-07-16 17:02:14.280"	"Adding task IOCPQueueWorkerTask to work queue IOCPQueue"
"DEBUG"	3392	"2026-07-16 17:02:14.280"	"Adding task IOCPQueueWorkerTask to work queue IOCPQueue"
"DEBUG"	3392	"2026-07-16 17:02:14.280"	"Adding task IOCPQueueWorkerTask to work queue IOCPQueue"
"DEBUG"	3392	"2026-07-16 17:02:14.280"	"Adding task IOCPQueueWorkerTask to work queue IOCPQueue"
"DEBUG"	3392	"2026-07-16 17:02:14.280"	"Adding task IOCPQueueWorkerTask to work queue IOCPQueue"
"DEBUG"	3392	"2026-07-16 17:02:14.280"	"Adding task IOCPQueueWorkerTask to work queue IOCPQueue"
"DEBUG"	3392	"2026-07-16 17:02:14.280"	"Adding task IOCPQueueWorkerTask to work queue IOCPQueue"
"DEBUG"	3392	"2026-07-16 17:02:14.280"	"Adding task IOCPQueueWorkerTask to work queue IOCPQueue"
"DEBUG"	3392	"2026-07-16 17:02:14.280"	"Adding task IOCPQueueWorkerTask to work queue IOCPQueue"
"DEBUG"	3392	"2026-07-16 17:02:14.280"	"Adding task IOCPQueueWorkerTask to work queue IOCPQueue"
"DEBUG"	4172	"2026-07-16 17:02:14.295"	"Running worker in work queue IOCPQueue"
"DEBUG"	3372	"2026-07-16 17:02:14.295"	"Running worker in work queue IOCPQueue"
"DEBUG"	4172	"2026-07-16 17:02:14.295"	"Executing task IOCPQueueWorkerTask in work queue IOCPQueue"
"DEBUG"	3372	"2026-07-16 17:02:14.295"	"Executing task IOCPQueueWorkerTask in work queue IOCPQueue"
"DEBUG"	1768	"2026-07-16 17:02:14.295"	"Running worker in work queue IOCPQueue"
"DEBUG"	1768	"2026-07-16 17:02:14.295"	"Executing task IOCPQueueWorkerTask in work queue IOCPQueue"
"DEBUG"	5708	"2026-07-16 17:02:14.295"	"Running worker in work queue IOCPQueue"
"DEBUG"	5708	"2026-07-16 17:02:14.311"	"Executing task IOCPQueueWorkerTask in work queue IOCPQueue"
"DEBUG"	7500	"2026-07-16 17:02:14.295"	"Running worker in work queue IOCPQueue"
"DEBUG"	7500	"2026-07-16 17:02:14.311"	"Executing task IOCPQueueWorkerTask in work queue IOCPQueue"
"DEBUG"	884	"2026-07-16 17:02:14.295"	"Running worker in work queue IOCPQueue"
"DEBUG"	884	"2026-07-16 17:02:14.311"	"Executing task IOCPQueueWorkerTask in work queue IOCPQueue"
"DEBUG"	5864	"2026-07-16 17:02:14.295"	"Running worker in work queue IOCPQueue"
"DEBUG"	5864	"2026-07-16 17:02:14.311"	"Executing task IOCPQueueWorkerTask in work queue IOCPQueue"
"DEBUG"	672	"2026-07-16 17:02:14.295"	"Running worker in work queue IOCPQueue"
"DEBUG"	672	"2026-07-16 17:02:14.311"	"Executing task IOCPQueueWorkerTask in work queue IOCPQueue"
"DEBUG"	6284	"2026-07-16 17:02:14.295"	"Running worker in work queue IOCPQueue"
"DEBUG"	6284	"2026-07-16 17:02:14.311"	"Executing task IOCPQueueWorkerTask in work queue IOCPQueue"
"DEBUG"	6808	"2026-07-16 17:02:14.295"	"Running worker in work queue IOCPQueue"
"DEBUG"	6808	"2026-07-16 17:02:14.311"	"Executing task IOCPQueueWorkerTask in work queue IOCPQueue"
"DEBUG"	3544	"2026-07-16 17:02:14.295"	"Running worker in work queue IOCPQueue"
"DEBUG"	3544	"2026-07-16 17:02:14.311"	"Executing task IOCPQueueWorkerTask in work queue IOCPQueue"
"DEBUG"	3952	"2026-07-16 17:02:14.295"	"Running worker in work queue IOCPQueue"
"DEBUG"	3952	"2026-07-16 17:02:14.311"	"Executing task IOCPQueueWorkerTask in work queue IOCPQueue"
"DEBUG"	5532	"2026-07-16 17:02:14.295"	"Running worker in work queue IOCPQueue"
"DEBUG"	5532	"2026-07-16 17:02:14.327"	"Executing task IOCPQueueWorkerTask in work queue IOCPQueue"
"DEBUG"	7228	"2026-07-16 17:02:14.295"	"Running worker in work queue IOCPQueue"
"DEBUG"	7228	"2026-07-16 17:02:14.327"	"Executing task IOCPQueueWorkerTask in work queue IOCPQueue"
"DEBUG"	8100	"2026-07-16 17:02:14.295"	"Running worker in work queue IOCPQueue"
"DEBUG"	8100	"2026-07-16 17:02:14.327"	"Executing task IOCPQueueWorkerTask in work queue IOCPQueue"
"DEBUG"	1768	"2026-07-16 17:02:44.617"	"Creating session 5"
"TCPIP"	1768	"2026-07-16 17:02:44.617"	"TCP - 10.0.0.128 connected to 10.0.0.128:587."
"DEBUG"	1768	"2026-07-16 17:02:44.617"	"TCP connection started for session 4"
"SMTPD"	1768	4	"2026-07-16 17:02:44.628"	"10.0.0.128"	"SENT: 220 WIN-2F1VNVRVM11 ESMTP"
"SMTPD"	8100	4	"2026-07-16 17:02:44.837"	"10.0.0.128"	"RECEIVED: EHLO [10.0.0.128]"
"SMTPD"	8100	4	"2026-07-16 17:02:44.852"	"10.0.0.128"	"SENT: 250-WIN-2F1VNVRVM11[nl]250-SIZE 20480000[nl]250-AUTH LOGIN[nl]250 HELP"
"SMTPD"	5532	4	"2026-07-16 17:02:44.852"	"10.0.0.128"	"RECEIVED: AUTH LOGIN"
"SMTPD"	5532	4	"2026-07-16 17:02:44.869"	"10.0.0.128"	"SENT: 334 VXNlcm5hbWU6"
"SMTPD"	1768	4	"2026-07-16 17:02:44.869"	"10.0.0.128"	"RECEIVED: YkBoaS54eXo="
"SMTPD"	1768	4	"2026-07-16 17:02:44.869"	"10.0.0.128"	"SENT: 334 UGFzc3dvcmQ6"
"SMTPD"	8100	4	"2026-07-16 17:02:44.884"	"10.0.0.128"	"RECEIVED: ***"
"SMTPD"	8100	4	"2026-07-16 17:02:44.900"	"10.0.0.128"	"SENT: 235 authenticated."
"SMTPD"	7228	4	"2026-07-16 17:02:44.924"	"10.0.0.128"	"RECEIVED: MAIL FROM:<a@hi.xyz> SIZE=676"
"SMTPD"	7228	4	"2026-07-16 17:02:44.932"	"10.0.0.128"	"SENT: 250 OK"
"SMTPD"	5532	4	"2026-07-16 17:02:44.949"	"10.0.0.128"	"RECEIVED: RCPT TO:<b@hi.xyz>"
"SMTPD"	5532	4	"2026-07-16 17:02:44.949"	"10.0.0.128"	"SENT: 250 OK"
"SMTPD"	1768	4	"2026-07-16 17:02:44.980"	"10.0.0.128"	"RECEIVED: DATA"
"SMTPD"	1768	4	"2026-07-16 17:02:44.995"	"10.0.0.128"	"SENT: 354 OK, send."
"DEBUG"	8100	"2026-07-16 17:02:45.107"	"Adding task AsynchronousTask to work queue Asynchronous task queue"
"DEBUG"	6088	"2026-07-16 17:02:45.107"	"Executing task AsynchronousTask in work queue Asynchronous task queue"
"DEBUG"	6088	"2026-07-16 17:02:45.107"	"Executing event OnAcceptMessage"
"DEBUG"	6088	"2026-07-16 17:02:45.398"	"Event completed"
"DEBUG"	6088	"2026-07-16 17:02:45.398"	"Saving message: {BD381100-E091-416E-A4AA-AEBF8783BB45}.eml"
"DEBUG"	6088	"2026-07-16 17:02:45.398"	"Requesting SMTPDeliveryManager to start message delivery"
"SMTPD"	6088	4	"2026-07-16 17:02:45.410"	"10.0.0.128"	"SENT: 250 Queued (0.109 seconds)"
"DEBUG"	4668	"2026-07-16 17:02:45.410"	"Adding task DeliveryTask to work queue SMTP delivery queue"
"DEBUG"	800	"2026-07-16 17:02:45.426"	"Executing task DeliveryTask in work queue SMTP delivery queue"
"DEBUG"	800	"2026-07-16 17:02:45.426"	"Delivering message..."
"APPLICATION"	800	"2026-07-16 17:02:45.457"	"SMTPDeliverer - Message 79: Delivering message from a@hi.xyz to b@hi.xyz. File: C:\Program Files (x86)\hMailServer\Data\{BD381100-E091-416E-A4AA-AEBF8783BB45}.eml"
"DEBUG"	1768	"2026-07-16 17:02:45.478"	"Creating session 6"
"TCPIP"	1768	"2026-07-16 17:02:45.478"	"TCP - 10.0.0.128 connected to 10.0.0.128:143."
"DEBUG"	800	"2026-07-16 17:02:45.490"	"Applying rules"
"DEBUG"	800	"2026-07-16 17:02:45.498"	"Applying rule Phishing Filter"
"DEBUG"	800	"2026-07-16 17:02:45.498"	"Performing rule action"
"DEBUG"	800	"2026-07-16 17:02:45.498"	"Performing rule action"
"DEBUG"	800	"2026-07-16 17:02:45.498"	"Performing local delivery"
"DEBUG"	800	"2026-07-16 17:02:45.498"	"Applying rules"
"DEBUG"	1768	"2026-07-16 17:02:45.506"	"TCP connection started for session 3"
"IMAPD"	1768	3	"2026-07-16 17:02:45.506"	"10.0.0.128"	"SENT: * OK IMAPrev1"
"IMAPD"	1768	3	"2026-07-16 17:02:45.506"	"10.0.0.128"	"RECEIVED: 45 capability"
"IMAPD"	1768	3	"2026-07-16 17:02:45.506"	"10.0.0.128"	"SENT: * CAPABILITY IMAP4 IMAP4rev1 CHILDREN IDLE QUOTA SORT ACL NAMESPACE RIGHTS=texk[nl]45 OK CAPABILITY completed"
"IMAPD"	7228	3	"2026-07-16 17:02:45.506"	"10.0.0.128"	"RECEIVED: 47 login "a@hi.xyz" ***"
"IMAPD"	7228	3	"2026-07-16 17:02:45.520"	"10.0.0.128"	"SENT: 47 OK LOGIN completed"
"IMAPD"	8100	3	"2026-07-16 17:02:45.520"	"10.0.0.128"	"RECEIVED: 48 capability"
"IMAPD"	8100	3	"2026-07-16 17:02:45.523"	"10.0.0.128"	"SENT: * CAPABILITY IMAP4 IMAP4rev1 CHILDREN IDLE QUOTA SORT ACL NAMESPACE RIGHTS=texk[nl]48 OK CAPABILITY completed"
"IMAPD"	3952	3	"2026-07-16 17:02:45.523"	"10.0.0.128"	"RECEIVED: 49 append "Sent" (\Seen) {676}"
"IMAPD"	3952	3	"2026-07-16 17:02:45.523"	"10.0.0.128"	"SENT: + Ready for literal data"
"DEBUG"	1768	"2026-07-16 17:02:45.523"	"Saving message: {A197086F-FB55-47F2-AB07-0DE7A0756522}.eml"
"IMAPD"	1768	3	"2026-07-16 17:02:45.523"	"10.0.0.128"	"SENT: 49 OK APPEND completed"
"DEBUG"	800	"2026-07-16 17:02:45.538"	"Saving message: {BD381100-E091-416E-A4AA-AEBF8783BB45}.eml"
"DEBUG"	800	"2026-07-16 17:02:45.554"	"Local delivery completed"
"APPLICATION"	800	"2026-07-16 17:02:45.554"	"SMTPDeliverer - Message 79: Message delivery thread completed."
"SMTPD"	5532	4	"2026-07-16 17:02:50.419"	"10.0.0.128"	"RECEIVED: QUIT"
"SMTPD"	5532	4	"2026-07-16 17:02:50.419"	"10.0.0.128"	"SENT: 221 goodbye"
"DEBUG"	1768	"2026-07-16 17:02:50.419"	"Ending session 4"
"DEBUG"	4264	"2026-07-16 17:08:54.357"	"Received stop-request from Windows."
"APPLICATION"	4264	"2026-07-16 17:08:54.357"	"Stopping servers..."
"DEBUG"	4264	"2026-07-16 17:08:54.357"	"Application::StopServers() - Removing server work queue"
"DEBUG"	4264	"2026-07-16 17:08:54.357"	"WorkQueueManager::RemoveQueue - Server queue"
"DEBUG"	4264	"2026-07-16 17:08:54.357"	"Stopping working queue Server queue."
"DEBUG"	4264	"2026-07-16 17:08:54.357"	"Interupt and join threads in working queue Server queue"
"DEBUG"	3392	"2026-07-16 17:08:54.357"	"IOService::Stop()"
"DEBUG"	3952	"2026-07-16 17:08:54.357"	"TCP - AcceptEx failed. Error code: 995, Message: 스레드 종료 또는 응용 프로그램 요청 때문에 I/O 작업이 취소되었습니다"
"DEBUG"	3952	"2026-07-16 17:08:54.357"	"Ending session 2"
"DEBUG"	7228	"2026-07-16 17:08:54.357"	"TCP - AcceptEx failed. Error code: 995, Message: 스레드 종료 또는 응용 프로그램 요청 때문에 I/O 작업이 취소되었습니다"
"DEBUG"	7228	"2026-07-16 17:08:54.357"	"Ending session 5"
"DEBUG"	4668	"2026-07-16 17:08:54.357"	"Worker exited in work queue Server queue"
"DEBUG"	5532	"2026-07-16 17:08:54.357"	"TCP - AcceptEx failed. Error code: 995, Message: 스레드 종료 또는 응용 프로그램 요청 때문에 I/O 작업이 취소되었습니다"
"DEBUG"	8100	"2026-07-16 17:08:54.357"	"TCP - AcceptEx failed. Error code: 995, Message: 스레드 종료 또는 응용 프로그램 요청 때문에 I/O 작업이 취소되었습니다"
"DEBUG"	8100	"2026-07-16 17:08:54.357"	"Ending session 6"
"DEBUG"	4744	"2026-07-16 17:08:54.357"	"Worker exited in work queue Server queue"
"DEBUG"	6508	"2026-07-16 17:08:54.357"	"Worker exited in work queue Server queue"
"DEBUG"	5532	"2026-07-16 17:08:54.357"	"Ending session 1"
"DEBUG"	4264	"2026-07-16 17:08:54.373"	"Still 1 remaining threads in queue Server queue. First task: IOService"
"DEBUG"	3392	"2026-07-16 17:08:54.357"	"IOService::DoWork() - removing Queue IOCP Queue"
"DEBUG"	3392	"2026-07-16 17:08:54.373"	"WorkQueueManager::RemoveQueue - IOCPQueue"
"DEBUG"	3392	"2026-07-16 17:08:54.373"	"Stopping working queue IOCPQueue."
"DEBUG"	3392	"2026-07-16 17:08:54.373"	"Interupt and join threads in working queue IOCPQueue"
"DEBUG"	3544	"2026-07-16 17:08:54.373"	"Worker exited in work queue IOCPQueue"
"DEBUG"	6808	"2026-07-16 17:08:54.373"	"Worker exited in work queue IOCPQueue"
"DEBUG"	6284	"2026-07-16 17:08:54.373"	"Worker exited in work queue IOCPQueue"
"DEBUG"	672	"2026-07-16 17:08:54.373"	"Worker exited in work queue IOCPQueue"
"DEBUG"	5864	"2026-07-16 17:08:54.373"	"Worker exited in work queue IOCPQueue"
"DEBUG"	884	"2026-07-16 17:08:54.373"	"Worker exited in work queue IOCPQueue"
"DEBUG"	7500	"2026-07-16 17:08:54.373"	"Worker exited in work queue IOCPQueue"
"DEBUG"	5708	"2026-07-16 17:08:54.373"	"Worker exited in work queue IOCPQueue"
"DEBUG"	3372	"2026-07-16 17:08:54.373"	"Worker exited in work queue IOCPQueue"
"DEBUG"	8100	"2026-07-16 17:08:54.373"	"Worker exited in work queue IOCPQueue"
"DEBUG"	5532	"2026-07-16 17:08:54.373"	"Worker exited in work queue IOCPQueue"
"DEBUG"	4172	"2026-07-16 17:08:54.373"	"Worker exited in work queue IOCPQueue"
"DEBUG"	3952	"2026-07-16 17:08:54.373"	"Worker exited in work queue IOCPQueue"
"DEBUG"	7228	"2026-07-16 17:08:54.373"	"Worker exited in work queue IOCPQueue"
"DEBUG"	1768	"2026-07-16 17:08:54.373"	"Worker exited in work queue IOCPQueue"
"DEBUG"	3392	"2026-07-16 17:08:54.388"	"Still 1 remaining threads in queue IOCPQueue. First task: <Unknown>"
"DEBUG"	4264	"2026-07-16 17:08:54.644"	"Still 1 remaining threads in queue Server queue. First task: IOService"
"DEBUG"	3392	"2026-07-16 17:08:54.644"	"All threads are joined in queue IOCPQueue."
"DEBUG"	3392	"2026-07-16 17:08:54.644"	"WorkQueueManager::RemoveQueue - Stopped IOCPQueue"
"DEBUG"	3392	"2026-07-16 17:08:54.644"	"WorkQueueManager::RemoveQueue - Erased IOCPQueue"
"DEBUG"	3392	"2026-07-16 17:08:54.644"	"IOService::Stop() - Complete"
"DEBUG"	3392	"2026-07-16 17:08:54.644"	"Destructing work queue IOCPQueue"
"DEBUG"	3392	"2026-07-16 17:08:54.899"	"Worker exited in work queue Server queue"
"DEBUG"	4264	"2026-07-16 17:08:54.899"	"All threads are joined in queue Server queue."
"DEBUG"	4264	"2026-07-16 17:08:54.899"	"WorkQueueManager::RemoveQueue - Stopped Server queue"
"DEBUG"	4264	"2026-07-16 17:08:54.899"	"WorkQueueManager::RemoveQueue - Erased Server queue"
"DEBUG"	4264	"2026-07-16 17:08:54.899"	"Destructing work queue Server queue"
"DEBUG"	4264	"2026-07-16 17:08:54.899"	"Application::StopServers() - Clearing caches"
"DEBUG"	4264	"2026-07-16 17:08:54.899"	"Application::StopServers() - Destructing IOCP"
"DEBUG"	4264	"2026-07-16 17:08:54.899"	"IOService::~IOService - Destructing"
"DEBUG"	4264	"2026-07-16 17:08:54.899"	"TCPServer::~TCPServer"
"DEBUG"	4264	"2026-07-16 17:08:54.899"	"TCPServer::~TCPServer"
"DEBUG"	4264	"2026-07-16 17:08:54.899"	"TCPServer::~TCPServer"
"DEBUG"	4264	"2026-07-16 17:08:54.899"	"TCPServer::~TCPServer"
"DEBUG"	4264	"2026-07-16 17:08:54.899"	"Ending session 3"
"DEBUG"	4264	"2026-07-16 17:08:54.899"	"Application::StopServers() - Destructing DeliveryManager"
"DEBUG"	4264	"2026-07-16 17:08:54.899"	"WorkQueueManager::RemoveQueue - SMTP delivery queue"
"DEBUG"	4264	"2026-07-16 17:08:54.915"	"Stopping working queue SMTP delivery queue."
"DEBUG"	4264	"2026-07-16 17:08:54.915"	"Interupt and join threads in working queue SMTP delivery queue"
"DEBUG"	800	"2026-07-16 17:08:54.915"	"Worker exited in work queue SMTP delivery queue"
"DEBUG"	3416	"2026-07-16 17:08:54.915"	"Worker exited in work queue SMTP delivery queue"
"DEBUG"	7696	"2026-07-16 17:08:54.915"	"Worker exited in work queue SMTP delivery queue"
"DEBUG"	7208	"2026-07-16 17:08:54.915"	"Worker exited in work queue SMTP delivery queue"
"DEBUG"	5476	"2026-07-16 17:08:54.915"	"Worker exited in work queue SMTP delivery queue"
"DEBUG"	6856	"2026-07-16 17:08:54.915"	"Worker exited in work queue SMTP delivery queue"
"DEBUG"	5832	"2026-07-16 17:08:54.915"	"Worker exited in work queue SMTP delivery queue"
"DEBUG"	6972	"2026-07-16 17:08:54.915"	"Worker exited in work queue SMTP delivery queue"
"DEBUG"	2672	"2026-07-16 17:08:54.915"	"Worker exited in work queue SMTP delivery queue"
"DEBUG"	7916	"2026-07-16 17:08:54.915"	"Worker exited in work queue SMTP delivery queue"
"DEBUG"	4264	"2026-07-16 17:08:54.915"	"All threads are joined in queue SMTP delivery queue."
"DEBUG"	4264	"2026-07-16 17:08:54.915"	"WorkQueueManager::RemoveQueue - Stopped SMTP delivery queue"
"DEBUG"	4264	"2026-07-16 17:08:54.915"	"WorkQueueManager::RemoveQueue - Erased SMTP delivery queue"
"DEBUG"	4264	"2026-07-16 17:08:54.915"	"Destructing work queue SMTP delivery queue"
"DEBUG"	4264	"2026-07-16 17:08:54.931"	"Application::StopServers() - Destructing FetchManager"
"DEBUG"	4264	"2026-07-16 17:08:54.931"	"ExternalFetchManager::~ExternalFetchManager"
"DEBUG"	4264	"2026-07-16 17:08:54.931"	"WorkQueueManager::RemoveQueue - External fetch queue"
"DEBUG"	4264	"2026-07-16 17:08:54.931"	"Stopping working queue External fetch queue."
"DEBUG"	4264	"2026-07-16 17:08:54.931"	"Interupt and join threads in working queue External fetch queue"
"DEBUG"	3368	"2026-07-16 17:08:54.931"	"Worker exited in work queue External fetch queue"
"DEBUG"	3708	"2026-07-16 17:08:54.931"	"Worker exited in work queue External fetch queue"
"DEBUG"	8168	"2026-07-16 17:08:54.931"	"Worker exited in work queue External fetch queue"
"DEBUG"	8096	"2026-07-16 17:08:54.931"	"Worker exited in work queue External fetch queue"
"DEBUG"	1040	"2026-07-16 17:08:54.931"	"Worker exited in work queue External fetch queue"
"DEBUG"	4392	"2026-07-16 17:08:54.931"	"Worker exited in work queue External fetch queue"
"DEBUG"	3276	"2026-07-16 17:08:54.931"	"Worker exited in work queue External fetch queue"
"DEBUG"	2440	"2026-07-16 17:08:54.931"	"Worker exited in work queue External fetch queue"
"DEBUG"	3960	"2026-07-16 17:08:54.931"	"Worker exited in work queue External fetch queue"
"DEBUG"	3972	"2026-07-16 17:08:54.931"	"Worker exited in work queue External fetch queue"
"DEBUG"	6048	"2026-07-16 17:08:54.931"	"Worker exited in work queue External fetch queue"
"DEBUG"	1984	"2026-07-16 17:08:54.946"	"Worker exited in work queue External fetch queue"
"DEBUG"	5496	"2026-07-16 17:08:54.946"	"Worker exited in work queue External fetch queue"
"DEBUG"	2860	"2026-07-16 17:08:54.946"	"Worker exited in work queue External fetch queue"
"DEBUG"	6908	"2026-07-16 17:08:54.946"	"Worker exited in work queue External fetch queue"
"DEBUG"	4264	"2026-07-16 17:08:54.946"	"Still 1 remaining threads in queue External fetch queue. First task: <Unknown>"
"DEBUG"	4264	"2026-07-16 17:08:55.215"	"All threads are joined in queue External fetch queue."
"DEBUG"	4264	"2026-07-16 17:08:55.215"	"WorkQueueManager::RemoveQueue - Stopped External fetch queue"
"DEBUG"	4264	"2026-07-16 17:08:55.215"	"WorkQueueManager::RemoveQueue - Erased External fetch queue"
"DEBUG"	4264	"2026-07-16 17:08:55.215"	"Destructing work queue External fetch queue"
"DEBUG"	4264	"2026-07-16 17:08:55.215"	"ExternalFetchManager::~ExternalFetchManager - Removed queue"
"DEBUG"	4264	"2026-07-16 17:08:55.215"	"Application::StopServers() - Destructing Scheduler"
"DEBUG"	4264	"2026-07-16 17:08:55.215"	"Application::StopServers() - Destructing Rest"
"APPLICATION"	4264	"2026-07-16 17:08:55.215"	"Servers stopped."
"DEBUG"	4264	"2026-07-16 17:08:55.215"	"WorkQueueManager::RemoveQueue - Maintenance queue"
"DEBUG"	4264	"2026-07-16 17:08:55.215"	"Stopping working queue Maintenance queue."
"DEBUG"	4264	"2026-07-16 17:08:55.215"	"Interupt and join threads in working queue Maintenance queue"
"DEBUG"	1376	"2026-07-16 17:08:55.215"	"Worker exited in work queue Maintenance queue"
"DEBUG"	7556	"2026-07-16 17:08:55.215"	"Worker exited in work queue Maintenance queue"
"DEBUG"	5860	"2026-07-16 17:08:55.215"	"Worker exited in work queue Maintenance queue"
"DEBUG"	7436	"2026-07-16 17:08:55.215"	"Worker exited in work queue Maintenance queue"
"DEBUG"	3840	"2026-07-16 17:08:55.215"	"Worker exited in work queue Maintenance queue"
"DEBUG"	4264	"2026-07-16 17:08:55.215"	"All threads are joined in queue Maintenance queue."
"DEBUG"	4264	"2026-07-16 17:08:55.215"	"WorkQueueManager::RemoveQueue - Stopped Maintenance queue"
"DEBUG"	4264	"2026-07-16 17:08:55.231"	"WorkQueueManager::RemoveQueue - Erased Maintenance queue"
"DEBUG"	4264	"2026-07-16 17:08:55.231"	"Destructing work queue Maintenance queue"
"DEBUG"	4264	"2026-07-16 17:08:55.231"	"WorkQueueManager::RemoveQueue - Asynchronous task queue"
"DEBUG"	4264	"2026-07-16 17:08:55.231"	"Stopping working queue Asynchronous task queue."
"DEBUG"	4264	"2026-07-16 17:08:55.231"	"Interupt and join threads in working queue Asynchronous task queue"
"DEBUG"	6088	"2026-07-16 17:08:55.231"	"Worker exited in work queue Asynchronous task queue"
"DEBUG"	3404	"2026-07-16 17:08:55.231"	"Worker exited in work queue Asynchronous task queue"
"DEBUG"	7552	"2026-07-16 17:08:55.231"	"Worker exited in work queue Asynchronous task queue"
"DEBUG"	5024	"2026-07-16 17:08:55.231"	"Worker exited in work queue Asynchronous task queue"
"DEBUG"	4488	"2026-07-16 17:08:55.231"	"Worker exited in work queue Asynchronous task queue"
"DEBUG"	6120	"2026-07-16 17:08:55.231"	"Worker exited in work queue Asynchronous task queue"
"DEBUG"	7012	"2026-07-16 17:08:55.231"	"Worker exited in work queue Asynchronous task queue"
"DEBUG"	4672	"2026-07-16 17:08:55.231"	"Worker exited in work queue Asynchronous task queue"
"DEBUG"	4336	"2026-07-16 17:08:55.231"	"Worker exited in work queue Asynchronous task queue"
"DEBUG"	3820	"2026-07-16 17:08:55.246"	"Worker exited in work queue Asynchronous task queue"
"DEBUG"	7472	"2026-07-16 17:08:55.246"	"Worker exited in work queue Asynchronous task queue"
"DEBUG"	5268	"2026-07-16 17:08:55.249"	"Worker exited in work queue Asynchronous task queue"
"DEBUG"	4296	"2026-07-16 17:08:55.249"	"Worker exited in work queue Asynchronous task queue"
"DEBUG"	6332	"2026-07-16 17:08:55.249"	"Worker exited in work queue Asynchronous task queue"
"DEBUG"	8116	"2026-07-16 17:08:55.249"	"Worker exited in work queue Asynchronous task queue"
"DEBUG"	4264	"2026-07-16 17:08:55.263"	"Still 1 remaining threads in queue Asynchronous task queue. First task: <Unknown>"
"DEBUG"	4264	"2026-07-16 17:08:55.516"	"All threads are joined in queue Asynchronous task queue."
"DEBUG"	4264	"2026-07-16 17:08:55.516"	"WorkQueueManager::RemoveQueue - Stopped Asynchronous task queue"
"DEBUG"	4264	"2026-07-16 17:08:55.516"	"WorkQueueManager::RemoveQueue - Erased Asynchronous task queue"
"DEBUG"	4264	"2026-07-16 17:08:55.516"	"Destructing work queue Asynchronous task queue"
"DEBUG"	4264	"2026-07-16 17:08:55.516"	"Application::ExitInstance - Closing database connection..."
"DEBUG"	4264	"2026-07-16 17:08:55.516"	"Application::ExitInstance - Deleting caches..."
"DEBUG"	7800	"2026-07-16 17:08:59.781"	"Application::InitInstance - Configuration loaded."
"DEBUG"	7800	"2026-07-16 17:08:59.781"	"Creating work queue Asynchronous task queue"
"DEBUG"	7800	"2026-07-16 17:08:59.781"	"Starting work queue Asynchronous task queue"
"DEBUG"	7800	"2026-07-16 17:08:59.781"	"Started work queue Asynchronous task queue"
"APPLICATION"	7800	"2026-07-16 17:08:59.781"	"Starting servers..."
"DEBUG"	2668	"2026-07-16 17:08:59.781"	"Running worker in work queue Asynchronous task queue"
"DEBUG"	5700	"2026-07-16 17:08:59.781"	"Running worker in work queue Asynchronous task queue"
"DEBUG"	7820	"2026-07-16 17:08:59.781"	"Running worker in work queue Asynchronous task queue"
"DEBUG"	1436	"2026-07-16 17:08:59.781"	"Running worker in work queue Asynchronous task queue"
"DEBUG"	7800	"2026-07-16 17:08:59.797"	"Creating work queue Server queue"
"DEBUG"	7800	"2026-07-16 17:08:59.797"	"Starting work queue Server queue"
"DEBUG"	7800	"2026-07-16 17:08:59.797"	"Started work queue Server queue"
"DEBUG"	7800	"2026-07-16 17:08:59.797"	"Adding task Scheduler to work queue Server queue"
"DEBUG"	7800	"2026-07-16 17:08:59.797"	"Adding task IOService to work queue Server queue"
"DEBUG"	5252	"2026-07-16 17:08:59.797"	"Running worker in work queue Asynchronous task queue"
"DEBUG"	5184	"2026-07-16 17:08:59.797"	"Running worker in work queue Server queue"
"DEBUG"	5184	"2026-07-16 17:08:59.797"	"Executing task Scheduler in work queue Server queue"
"DEBUG"	5736	"2026-07-16 17:08:59.797"	"Running worker in work queue Asynchronous task queue"
"DEBUG"	3624	"2026-07-16 17:08:59.797"	"Running worker in work queue Asynchronous task queue"
"DEBUG"	3760	"2026-07-16 17:08:59.797"	"Running worker in work queue Asynchronous task queue"
"DEBUG"	5808	"2026-07-16 17:08:59.797"	"Running worker in work queue Asynchronous task queue"
"DEBUG"	3304	"2026-07-16 17:08:59.797"	"Running worker in work queue Asynchronous task queue"
"DEBUG"	6960	"2026-07-16 17:08:59.797"	"Running worker in work queue Asynchronous task queue"
"DEBUG"	7004	"2026-07-16 17:08:59.797"	"Running worker in work queue Asynchronous task queue"
"DEBUG"	7580	"2026-07-16 17:08:59.797"	"Running worker in work queue Asynchronous task queue"
"DEBUG"	5452	"2026-07-16 17:08:59.797"	"Running worker in work queue Asynchronous task queue"
"DEBUG"	3928	"2026-07-16 17:08:59.797"	"Running worker in work queue Server queue"
"DEBUG"	3928	"2026-07-16 17:08:59.813"	"Executing task IOService in work queue Server queue"
"DEBUG"	3928	"2026-07-16 17:08:59.813"	"IOService::Start()"
"DEBUG"	5912	"2026-07-16 17:08:59.797"	"Running worker in work queue Server queue"
"DEBUG"	6468	"2026-07-16 17:08:59.797"	"Running worker in work queue Asynchronous task queue"
"DEBUG"	7748	"2026-07-16 17:08:59.797"	"Running worker in work queue Server queue"
"DEBUG"	7800	"2026-07-16 17:08:59.797"	"Creating work queue SMTP delivery queue"
"DEBUG"	7800	"2026-07-16 17:08:59.813"	"Starting work queue SMTP delivery queue"
"DEBUG"	7800	"2026-07-16 17:08:59.813"	"Started work queue SMTP delivery queue"
"DEBUG"	7800	"2026-07-16 17:08:59.813"	"Adding task SMTPDeliveryManager to work queue Server queue"
"DEBUG"	3928	"2026-07-16 17:08:59.813"	"Creating session 1"
"DEBUG"	5924	"2026-07-16 17:08:59.813"	"Running worker in work queue SMTP delivery queue"
"DEBUG"	7800	"2026-07-16 17:08:59.813"	"Creating work queue External fetch queue"
"DEBUG"	7800	"2026-07-16 17:08:59.813"	"Starting work queue External fetch queue"
"DEBUG"	7748	"2026-07-16 17:08:59.813"	"Executing task SMTPDeliveryManager in work queue Server queue"
"DEBUG"	7748	"2026-07-16 17:08:59.829"	"SMTPDeliveryManager::Start()"
"DEBUG"	3616	"2026-07-16 17:08:59.813"	"Running worker in work queue SMTP delivery queue"
"DEBUG"	6244	"2026-07-16 17:08:59.813"	"Running worker in work queue SMTP delivery queue"
"DEBUG"	3928	"2026-07-16 17:08:59.813"	"Creating session 2"
"DEBUG"	3928	"2026-07-16 17:08:59.829"	"Creating session 3"
"DEBUG"	3928	"2026-07-16 17:08:59.829"	"Creating session 4"
"DEBUG"	3932	"2026-07-16 17:08:59.813"	"Running worker in work queue SMTP delivery queue"
"DEBUG"	3712	"2026-07-16 17:08:59.813"	"Running worker in work queue SMTP delivery queue"
"DEBUG"	3376	"2026-07-16 17:08:59.813"	"Running worker in work queue SMTP delivery queue"
"DEBUG"	1508	"2026-07-16 17:08:59.813"	"Running worker in work queue SMTP delivery queue"
"DEBUG"	1644	"2026-07-16 17:08:59.813"	"Running worker in work queue SMTP delivery queue"
"DEBUG"	7800	"2026-07-16 17:08:59.813"	"Started work queue External fetch queue"
"DEBUG"	7800	"2026-07-16 17:08:59.829"	"Adding task ExternalFetchManager to work queue Server queue"
"DEBUG"	5828	"2026-07-16 17:08:59.813"	"Running worker in work queue SMTP delivery queue"
"DEBUG"	5912	"2026-07-16 17:08:59.829"	"Executing task ExternalFetchManager in work queue Server queue"
"DEBUG"	5912	"2026-07-16 17:08:59.829"	"ExternalFetchManager::Start()"
"DEBUG"	3928	"2026-07-16 17:08:59.829"	"Creating work queue IOCPQueue"
"DEBUG"	3928	"2026-07-16 17:08:59.829"	"Starting work queue IOCPQueue"
"DEBUG"	3928	"2026-07-16 17:08:59.829"	"Started work queue IOCPQueue"
"DEBUG"	3928	"2026-07-16 17:08:59.844"	"Adding task IOCPQueueWorkerTask to work queue IOCPQueue"
"DEBUG"	6060	"2026-07-16 17:08:59.829"	"Running worker in work queue External fetch queue"
"DEBUG"	7412	"2026-07-16 17:08:59.829"	"Running worker in work queue External fetch queue"
"DEBUG"	2252	"2026-07-16 17:08:59.829"	"Running worker in work queue External fetch queue"
"DEBUG"	7952	"2026-07-16 17:08:59.829"	"Running worker in work queue External fetch queue"
"DEBUG"	6636	"2026-07-16 17:08:59.844"	"Running worker in work queue IOCPQueue"
"DEBUG"	4176	"2026-07-16 17:08:59.829"	"Running worker in work queue External fetch queue"
"DEBUG"	888	"2026-07-16 17:08:59.829"	"Running worker in work queue External fetch queue"
"DEBUG"	3844	"2026-07-16 17:08:59.829"	"Running worker in work queue External fetch queue"
"DEBUG"	2256	"2026-07-16 17:08:59.829"	"Running worker in work queue External fetch queue"
"DEBUG"	2064	"2026-07-16 17:08:59.829"	"Running worker in work queue External fetch queue"
"DEBUG"	8112	"2026-07-16 17:08:59.829"	"Running worker in work queue External fetch queue"
"DEBUG"	1076	"2026-07-16 17:08:59.829"	"Running worker in work queue External fetch queue"
"DEBUG"	5556	"2026-07-16 17:08:59.829"	"Running worker in work queue External fetch queue"
"DEBUG"	5048	"2026-07-16 17:08:59.829"	"Running worker in work queue External fetch queue"
"APPLICATION"	7800	"2026-07-16 17:08:59.829"	"Servers started."
"DEBUG"	5056	"2026-07-16 17:08:59.813"	"Running worker in work queue SMTP delivery queue"
"DEBUG"	5320	"2026-07-16 17:08:59.829"	"Running worker in work queue External fetch queue"
"DEBUG"	3928	"2026-07-16 17:08:59.844"	"Adding task IOCPQueueWorkerTask to work queue IOCPQueue"
"DEBUG"	3928	"2026-07-16 17:08:59.844"	"Adding task IOCPQueueWorkerTask to work queue IOCPQueue"
"DEBUG"	3928	"2026-07-16 17:08:59.844"	"Adding task IOCPQueueWorkerTask to work queue IOCPQueue"
"DEBUG"	3928	"2026-07-16 17:08:59.860"	"Adding task IOCPQueueWorkerTask to work queue IOCPQueue"
"DEBUG"	3928	"2026-07-16 17:08:59.860"	"Adding task IOCPQueueWorkerTask to work queue IOCPQueue"
"DEBUG"	3928	"2026-07-16 17:08:59.860"	"Adding task IOCPQueueWorkerTask to work queue IOCPQueue"
"DEBUG"	3928	"2026-07-16 17:08:59.860"	"Adding task IOCPQueueWorkerTask to work queue IOCPQueue"
"DEBUG"	3928	"2026-07-16 17:08:59.860"	"Adding task IOCPQueueWorkerTask to work queue IOCPQueue"
"DEBUG"	3928	"2026-07-16 17:08:59.860"	"Adding task IOCPQueueWorkerTask to work queue IOCPQueue"
"DEBUG"	3928	"2026-07-16 17:08:59.860"	"Adding task IOCPQueueWorkerTask to work queue IOCPQueue"
"DEBUG"	3928	"2026-07-16 17:08:59.860"	"Adding task IOCPQueueWorkerTask to work queue IOCPQueue"
"DEBUG"	3928	"2026-07-16 17:08:59.860"	"Adding task IOCPQueueWorkerTask to work queue IOCPQueue"
"DEBUG"	2756	"2026-07-16 17:08:59.844"	"Running worker in work queue IOCPQueue"
"DEBUG"	2756	"2026-07-16 17:08:59.860"	"Executing task IOCPQueueWorkerTask in work queue IOCPQueue"
"DEBUG"	7212	"2026-07-16 17:08:59.844"	"Running worker in work queue IOCPQueue"
"DEBUG"	7212	"2026-07-16 17:08:59.860"	"Executing task IOCPQueueWorkerTask in work queue IOCPQueue"
"DEBUG"	7108	"2026-07-16 17:08:59.844"	"Running worker in work queue IOCPQueue"
"DEBUG"	7108	"2026-07-16 17:08:59.860"	"Executing task IOCPQueueWorkerTask in work queue IOCPQueue"
"DEBUG"	7752	"2026-07-16 17:08:59.829"	"Running worker in work queue External fetch queue"
"DEBUG"	6664	"2026-07-16 17:08:59.844"	"Running worker in work queue IOCPQueue"
"DEBUG"	6664	"2026-07-16 17:08:59.860"	"Executing task IOCPQueueWorkerTask in work queue IOCPQueue"
"DEBUG"	4364	"2026-07-16 17:08:59.844"	"Running worker in work queue IOCPQueue"
"DEBUG"	4364	"2026-07-16 17:08:59.860"	"Executing task IOCPQueueWorkerTask in work queue IOCPQueue"
"DEBUG"	6636	"2026-07-16 17:08:59.844"	"Executing task IOCPQueueWorkerTask in work queue IOCPQueue"
"DEBUG"	4812	"2026-07-16 17:08:59.844"	"Running worker in work queue IOCPQueue"
"DEBUG"	4284	"2026-07-16 17:08:59.844"	"Running worker in work queue IOCPQueue"
"DEBUG"	4900	"2026-07-16 17:08:59.844"	"Running worker in work queue IOCPQueue"
"DEBUG"	7996	"2026-07-16 17:08:59.844"	"Running worker in work queue IOCPQueue"
"DEBUG"	7996	"2026-07-16 17:08:59.875"	"Executing task IOCPQueueWorkerTask in work queue IOCPQueue"
"DEBUG"	3928	"2026-07-16 17:08:59.860"	"Adding task IOCPQueueWorkerTask to work queue IOCPQueue"
"DEBUG"	3928	"2026-07-16 17:08:59.875"	"Adding task IOCPQueueWorkerTask to work queue IOCPQueue"
"DEBUG"	1788	"2026-07-16 17:08:59.844"	"Running worker in work queue IOCPQueue"
"DEBUG"	1788	"2026-07-16 17:08:59.875"	"Executing task IOCPQueueWorkerTask in work queue IOCPQueue"
"DEBUG"	5060	"2026-07-16 17:08:59.844"	"Running worker in work queue IOCPQueue"
"DEBUG"	5060	"2026-07-16 17:08:59.875"	"Executing task IOCPQueueWorkerTask in work queue IOCPQueue"
"DEBUG"	4812	"2026-07-16 17:08:59.860"	"Executing task IOCPQueueWorkerTask in work queue IOCPQueue"
"DEBUG"	4284	"2026-07-16 17:08:59.860"	"Executing task IOCPQueueWorkerTask in work queue IOCPQueue"
"DEBUG"	4900	"2026-07-16 17:08:59.860"	"Executing task IOCPQueueWorkerTask in work queue IOCPQueue"
"DEBUG"	3032	"2026-07-16 17:08:59.844"	"Running worker in work queue IOCPQueue"
"DEBUG"	3092	"2026-07-16 17:08:59.844"	"Running worker in work queue IOCPQueue"
"DEBUG"	3092	"2026-07-16 17:08:59.880"	"Executing task IOCPQueueWorkerTask in work queue IOCPQueue"
"DEBUG"	6404	"2026-07-16 17:08:59.844"	"Running worker in work queue IOCPQueue"
"DEBUG"	6404	"2026-07-16 17:08:59.880"	"Executing task IOCPQueueWorkerTask in work queue IOCPQueue"
"DEBUG"	3032	"2026-07-16 17:08:59.880"	"Executing task IOCPQueueWorkerTask in work queue IOCPQueue"
"DEBUG"	3032	"2026-07-16 17:09:05.143"	"Creating session 5"
"TCPIP"	3032	"2026-07-16 17:09:05.143"	"TCP - 10.0.0.128 connected to 10.0.0.128:143."
"DEBUG"	3032	"2026-07-16 17:09:05.158"	"TCP connection started for session 3"
"IMAPD"	3032	3	"2026-07-16 17:09:05.158"	"10.0.0.128"	"SENT: * OK IMAPrev1"
"IMAPD"	3032	3	"2026-07-16 17:09:05.160"	"10.0.0.128"	"RECEIVED: 65 capability"
"IMAPD"	3032	3	"2026-07-16 17:09:05.160"	"10.0.0.128"	"SENT: * CAPABILITY IMAP4 IMAP4rev1 CHILDREN IDLE QUOTA SORT ACL NAMESPACE RIGHTS=texk[nl]65 OK CAPABILITY completed"
"IMAPD"	3092	3	"2026-07-16 17:09:05.168"	"10.0.0.128"	"RECEIVED: 67 login "a@hi.xyz" ***"
"DEBUG"	3032	"2026-07-16 17:09:05.173"	"Creating session 6"
"TCPIP"	3032	"2026-07-16 17:09:05.173"	"TCP - 10.0.0.128 connected to 10.0.0.128:143."
"DEBUG"	3032	"2026-07-16 17:09:05.173"	"TCP connection started for session 5"
"IMAPD"	3032	5	"2026-07-16 17:09:05.173"	"10.0.0.128"	"SENT: * OK IMAPrev1"
"IMAPD"	3032	5	"2026-07-16 17:09:05.173"	"10.0.0.128"	"RECEIVED: 69 capability"
"IMAPD"	3032	5	"2026-07-16 17:09:05.173"	"10.0.0.128"	"SENT: * CAPABILITY IMAP4 IMAP4rev1 CHILDREN IDLE QUOTA SORT ACL NAMESPACE RIGHTS=texk[nl]69 OK CAPABILITY completed"
"IMAPD"	6404	5	"2026-07-16 17:09:05.190"	"10.0.0.128"	"RECEIVED: 71 login "b@hi.xyz" ***"
"IMAPD"	3092	3	"2026-07-16 17:09:05.206"	"10.0.0.128"	"SENT: 67 OK LOGIN completed"
"IMAPD"	4284	3	"2026-07-16 17:09:05.206"	"10.0.0.128"	"RECEIVED: 68 capability"
"IMAPD"	4284	3	"2026-07-16 17:09:05.206"	"10.0.0.128"	"SENT: * CAPABILITY IMAP4 IMAP4rev1 CHILDREN IDLE QUOTA SORT ACL NAMESPACE RIGHTS=texk[nl]68 OK CAPABILITY completed"
"IMAPD"	4900	3	"2026-07-16 17:09:05.217"	"10.0.0.128"	"RECEIVED: 69 select "INBOX""
"DEBUG"	4900	"2026-07-16 17:09:05.217"	"Reading messages from database."
"IMAPD"	4900	3	"2026-07-16 17:09:05.222"	"10.0.0.128"	"SENT: * 15 EXISTS[nl]* 15 RECENT[nl]* FLAGS (\Deleted \Seen \Draft \Answered \Flagged)[nl]* OK [UIDVALIDITY 1783903039] current uidvalidity[nl]* OK [UNSEEN 5] unseen messages[nl]* OK [UIDNEXT 18] next uid[nl]* OK [PERMANENTFLAGS (\Deleted \Seen \Draft \Answered \Flagged)] limited[nl]69 OK [READ-WRITE] SELECT completed"
"IMAPD"	3092	3	"2026-07-16 17:09:05.222"	"10.0.0.128"	"RECEIVED: 70 getquotaroot "INBOX""
"IMAPD"	6404	5	"2026-07-16 17:09:05.222"	"10.0.0.128"	"SENT: 71 OK LOGIN completed"
"IMAPD"	4812	5	"2026-07-16 17:09:05.222"	"10.0.0.128"	"RECEIVED: 72 capability"
"IMAPD"	4812	5	"2026-07-16 17:09:05.222"	"10.0.0.128"	"SENT: * CAPABILITY IMAP4 IMAP4rev1 CHILDREN IDLE QUOTA SORT ACL NAMESPACE RIGHTS=texk[nl]72 OK CAPABILITY completed"
"IMAPD"	6404	5	"2026-07-16 17:09:05.222"	"10.0.0.128"	"RECEIVED: 73 select "INBOX""
"DEBUG"	6404	"2026-07-16 17:09:05.238"	"Reading messages from database."
"IMAPD"	6404	5	"2026-07-16 17:09:05.238"	"10.0.0.128"	"SENT: * 16 EXISTS[nl]* 16 RECENT[nl]* FLAGS (\Deleted \Seen \Draft \Answered \Flagged)[nl]* OK [UIDVALIDITY 1783903061] current uidvalidity[nl]* OK [UNSEEN 9] unseen messages[nl]* OK [UIDNEXT 21] next uid[nl]* OK [PERMANENTFLAGS (\Deleted \Seen \Draft \Answered \Flagged)] limited[nl]73 OK [READ-WRITE] SELECT completed"
"IMAPD"	6404	5	"2026-07-16 17:09:05.238"	"10.0.0.128"	"RECEIVED: 74 getquotaroot "INBOX""
"IMAPD"	3092	3	"2026-07-16 17:09:05.254"	"10.0.0.128"	"SENT: * QUOTAROOT "INBOX" ""[nl]* QUOTA "" ()[nl]70 OK GETQUOTAROOT completed"
"IMAPD"	6404	5	"2026-07-16 17:09:05.254"	"10.0.0.128"	"SENT: * QUOTAROOT "INBOX" ""[nl]* QUOTA "" ()[nl]74 OK GETQUOTAROOT completed"
"IMAPD"	3092	3	"2026-07-16 17:09:05.254"	"10.0.0.128"	"RECEIVED: 71 UID fetch 1:* (FLAGS)"
"IMAPD"	3092	3	"2026-07-16 17:09:05.254"	"10.0.0.128"	"SENT: * 1 FETCH (UID 3 FLAGS (\Seen))"
"IMAPD"	6404	5	"2026-07-16 17:09:05.254"	"10.0.0.128"	"RECEIVED: 75 UID fetch 1:* (FLAGS)"
"IMAPD"	3092	3	"2026-07-16 17:09:05.254"	"10.0.0.128"	"SENT: * 2 FETCH (UID 4 FLAGS (\Seen))"
"IMAPD"	3092	3	"2026-07-16 17:09:05.254"	"10.0.0.128"	"SENT: * 3 FETCH (UID 5 FLAGS ())"
"IMAPD"	6404	5	"2026-07-16 17:09:05.254"	"10.0.0.128"	"SENT: * 1 FETCH (UID 5 FLAGS (\Seen))"
"IMAPD"	3092	3	"2026-07-16 17:09:05.254"	"10.0.0.128"	"SENT: * 4 FETCH (UID 6 FLAGS ())"
"IMAPD"	6404	5	"2026-07-16 17:09:05.254"	"10.0.0.128"	"SENT: * 2 FETCH (UID 6 FLAGS (\Seen))"
"IMAPD"	3092	3	"2026-07-16 17:09:05.254"	"10.0.0.128"	"SENT: * 5 FETCH (UID 7 FLAGS ())"
"IMAPD"	6404	5	"2026-07-16 17:09:05.254"	"10.0.0.128"	"SENT: * 3 FETCH (UID 7 FLAGS (\Seen))"
"IMAPD"	3092	3	"2026-07-16 17:09:05.254"	"10.0.0.128"	"SENT: * 6 FETCH (UID 8 FLAGS ())"
"IMAPD"	6404	5	"2026-07-16 17:09:05.254"	"10.0.0.128"	"SENT: * 4 FETCH (UID 8 FLAGS (\Seen))"
"IMAPD"	6404	5	"2026-07-16 17:09:05.254"	"10.0.0.128"	"SENT: * 5 FETCH (UID 9 FLAGS ())"
"IMAPD"	6404	5	"2026-07-16 17:09:05.254"	"10.0.0.128"	"SENT: * 6 FETCH (UID 10 FLAGS (\Seen))"
"IMAPD"	3092	3	"2026-07-16 17:09:05.254"	"10.0.0.128"	"SENT: * 7 FETCH (UID 9 FLAGS ())"
"IMAPD"	6404	5	"2026-07-16 17:09:05.254"	"10.0.0.128"	"SENT: * 7 FETCH (UID 11 FLAGS (\Seen))"
"IMAPD"	3092	3	"2026-07-16 17:09:05.270"	"10.0.0.128"	"SENT: * 8 FETCH (UID 10 FLAGS ())"
"IMAPD"	6404	5	"2026-07-16 17:09:05.270"	"10.0.0.128"	"SENT: * 8 FETCH (UID 12 FLAGS (\Seen))"
"IMAPD"	3092	3	"2026-07-16 17:09:05.270"	"10.0.0.128"	"SENT: * 9 FETCH (UID 11 FLAGS (\Seen))"
"IMAPD"	6404	5	"2026-07-16 17:09:05.270"	"10.0.0.128"	"SENT: * 9 FETCH (UID 13 FLAGS (\Seen))"
"IMAPD"	6404	5	"2026-07-16 17:09:05.270"	"10.0.0.128"	"SENT: * 10 FETCH (UID 14 FLAGS ())"
"IMAPD"	6404	5	"2026-07-16 17:09:05.270"	"10.0.0.128"	"SENT: * 11 FETCH (UID 15 FLAGS (\Seen))"
"IMAPD"	3092	3	"2026-07-16 17:09:05.270"	"10.0.0.128"	"SENT: * 10 FETCH (UID 12 FLAGS (\Seen))"
"IMAPD"	6404	5	"2026-07-16 17:09:05.270"	"10.0.0.128"	"SENT: * 12 FETCH (UID 16 FLAGS ())"
"IMAPD"	3092	3	"2026-07-16 17:09:05.270"	"10.0.0.128"	"SENT: * 11 FETCH (UID 13 FLAGS (\Seen))"
"IMAPD"	6404	5	"2026-07-16 17:09:05.270"	"10.0.0.128"	"SENT: * 13 FETCH (UID 17 FLAGS ())"
"IMAPD"	3092	3	"2026-07-16 17:09:05.270"	"10.0.0.128"	"SENT: * 12 FETCH (UID 14 FLAGS ())"
"IMAPD"	6404	5	"2026-07-16 17:09:05.270"	"10.0.0.128"	"SENT: * 14 FETCH (UID 18 FLAGS ())"
"IMAPD"	6404	5	"2026-07-16 17:09:05.270"	"10.0.0.128"	"SENT: * 15 FETCH (UID 19 FLAGS ())"
"IMAPD"	3092	3	"2026-07-16 17:09:05.270"	"10.0.0.128"	"SENT: * 13 FETCH (UID 15 FLAGS ())"
"IMAPD"	6404	5	"2026-07-16 17:09:05.270"	"10.0.0.128"	"SENT: * 16 FETCH (UID 20 FLAGS ())"
"IMAPD"	6404	5	"2026-07-16 17:09:05.270"	"10.0.0.128"	"SENT: 75 OK UID completed"
"IMAPD"	3092	3	"2026-07-16 17:09:05.270"	"10.0.0.128"	"SENT: * 14 FETCH (UID 16 FLAGS ())"
"IMAPD"	3092	3	"2026-07-16 17:09:05.285"	"10.0.0.128"	"SENT: * 15 FETCH (UID 17 FLAGS (\Seen))"
"IMAPD"	3092	3	"2026-07-16 17:09:05.285"	"10.0.0.128"	"SENT: 71 OK UID completed"
"IMAPD"	3032	5	"2026-07-16 17:09:05.285"	"10.0.0.128"	"RECEIVED: 76 UID fetch 20 (UID RFC822.SIZE FLAGS BODY.PEEK[HEADER.FIELDS (From To Cc Bcc Subject Date Message-ID Priority X-Priority References Newsgroups In-Reply-To Content-Type Reply-To Received)])"
"IMAPD"	3032	5	"2026-07-16 17:09:05.318"	"10.0.0.128"	"SENT: * 16 FETCH (UID 20 RFC822.SIZE 838 FLAGS () BODY[HEADER.FIELDS (From To Cc Bcc Subject Date Message-ID Priority X-Priority References Newsgroups In-Reply-To Content-Type Reply-To Received)] {330}"
"IMAPD"	3032	5	"2026-07-16 17:09:05.318"	"10.0.0.128"	"SENT: )"
"IMAPD"	3032	5	"2026-07-16 17:09:05.318"	"10.0.0.128"	"SENT: 76 OK UID completed"
"IMAPD"	3092	5	"2026-07-16 17:09:05.365"	"10.0.0.128"	"RECEIVED: 77 UID fetch 20 (UID RFC822.SIZE BODY.PEEK[])"
"IMAPD"	3092	5	"2026-07-16 17:09:05.365"	"10.0.0.128"	"SENT: * 16 FETCH (UID 20 RFC822.SIZE 838 BODY[] {861}"
"IMAPD"	3092	5	"2026-07-16 17:09:05.365"	"10.0.0.128"	"SENT: )"
"IMAPD"	3092	5	"2026-07-16 17:09:05.365"	"10.0.0.128"	"SENT: 77 OK UID completed"
"IMAPD"	3032	5	"2026-07-16 17:09:05.380"	"10.0.0.128"	"RECEIVED: 78 UID fetch 20 (UID BODY.PEEK[HEADER.FIELDS (Content-Type Content-Transfer-Encoding)] BODY.PEEK[TEXT]<0.2048>)"
"IMAPD"	3032	5	"2026-07-16 17:09:05.380"	"10.0.0.128"	"SENT: * 16 FETCH (UID 20 BODY[HEADER.FIELDS (Content-Type Content-Transfer-Encoding)] {91}"
"IMAPD"	3032	5	"2026-07-16 17:09:05.380"	"10.0.0.128"	"SENT:  BODY[TEXT]<0> {364}"
"IMAPD"	3032	5	"2026-07-16 17:09:05.380"	"10.0.0.128"	"SENT: )"
"IMAPD"	3032	5	"2026-07-16 17:09:05.380"	"10.0.0.128"	"SENT: 78 OK UID completed"
"IMAPD"	5060	3	"2026-07-16 17:09:07.290"	"10.0.0.128"	"RECEIVED: 72 IDLE"
"IMAPD"	5060	3	"2026-07-16 17:09:07.290"	"10.0.0.128"	"SENT: + idling"
"IMAPD"	5060	5	"2026-07-16 17:09:07.401"	"10.0.0.128"	"RECEIVED: 79 IDLE"
"IMAPD"	5060	5	"2026-07-16 17:09:07.401"	"10.0.0.128"	"SENT: + idling"
"DEBUG"	4900	"2026-07-16 17:09:49.307"	"Creating session 7"
"TCPIP"	4900	"2026-07-16 17:09:49.307"	"TCP - 10.0.0.128 connected to 10.0.0.128:587."
"DEBUG"	4900	"2026-07-16 17:09:49.310"	"TCP connection started for session 4"
"SMTPD"	4900	4	"2026-07-16 17:09:49.310"	"10.0.0.128"	"SENT: 220 WIN-2F1VNVRVM11 ESMTP"
"SMTPD"	4284	4	"2026-07-16 17:09:49.460"	"10.0.0.128"	"RECEIVED: EHLO [10.0.0.128]"
"SMTPD"	4284	4	"2026-07-16 17:09:49.460"	"10.0.0.128"	"SENT: 250-WIN-2F1VNVRVM11[nl]250-SIZE 20480000[nl]250-AUTH LOGIN[nl]250 HELP"
"SMTPD"	4812	4	"2026-07-16 17:09:49.471"	"10.0.0.128"	"RECEIVED: AUTH LOGIN"
"SMTPD"	4812	4	"2026-07-16 17:09:49.487"	"10.0.0.128"	"SENT: 334 VXNlcm5hbWU6"
"SMTPD"	4900	4	"2026-07-16 17:09:49.487"	"10.0.0.128"	"RECEIVED: YkBoaS54eXo="
"SMTPD"	4900	4	"2026-07-16 17:09:49.487"	"10.0.0.128"	"SENT: 334 UGFzc3dvcmQ6"
"SMTPD"	5060	4	"2026-07-16 17:09:49.487"	"10.0.0.128"	"RECEIVED: ***"
"SMTPD"	5060	4	"2026-07-16 17:09:49.503"	"10.0.0.128"	"SENT: 235 authenticated."
"SMTPD"	4284	4	"2026-07-16 17:09:49.503"	"10.0.0.128"	"RECEIVED: MAIL FROM:<a@hi.xyz> SIZE=677"
"SMTPD"	4284	4	"2026-07-16 17:09:49.509"	"10.0.0.128"	"SENT: 250 OK"
"SMTPD"	4284	4	"2026-07-16 17:09:49.509"	"10.0.0.128"	"RECEIVED: RCPT TO:<b@hi.xyz>"
"SMTPD"	4284	4	"2026-07-16 17:09:49.519"	"10.0.0.128"	"SENT: 250 OK"
"SMTPD"	4900	4	"2026-07-16 17:09:49.519"	"10.0.0.128"	"RECEIVED: DATA"
"SMTPD"	4900	4	"2026-07-16 17:09:49.519"	"10.0.0.128"	"SENT: 354 OK, send."
"DEBUG"	4900	"2026-07-16 17:09:49.567"	"Adding task AsynchronousTask to work queue Asynchronous task queue"
"DEBUG"	6468	"2026-07-16 17:09:49.583"	"Executing task AsynchronousTask in work queue Asynchronous task queue"
"DEBUG"	6468	"2026-07-16 17:09:49.583"	"Executing event OnAcceptMessage"
"DEBUG"	6468	"2026-07-16 17:09:49.807"	"Event completed"
"DEBUG"	6468	"2026-07-16 17:09:49.807"	"Saving message: {0618D315-9241-4BAA-9BBD-BC75CAC20D4F}.eml"
"DEBUG"	6468	"2026-07-16 17:09:49.823"	"Requesting SMTPDeliveryManager to start message delivery"
"SMTPD"	6468	4	"2026-07-16 17:09:49.823"	"10.0.0.128"	"SENT: 250 Queued (0.062 seconds)"
"DEBUG"	7748	"2026-07-16 17:09:49.823"	"Adding task DeliveryTask to work queue SMTP delivery queue"
"DEBUG"	5056	"2026-07-16 17:09:49.870"	"Executing task DeliveryTask in work queue SMTP delivery queue"
"DEBUG"	5056	"2026-07-16 17:09:49.870"	"Delivering message..."
"APPLICATION"	5056	"2026-07-16 17:09:49.870"	"SMTPDeliverer - Message 81: Delivering message from a@hi.xyz to b@hi.xyz. File: C:\Program Files (x86)\hMailServer\Data\{0618D315-9241-4BAA-9BBD-BC75CAC20D4F}.eml"
"DEBUG"	5056	"2026-07-16 17:09:49.887"	"Applying rules"
"DEBUG"	5056	"2026-07-16 17:09:49.887"	"Applying rule Phishing Filter"
"DEBUG"	5056	"2026-07-16 17:09:49.919"	"Performing rule action"
"DEBUG"	5056	"2026-07-16 17:09:49.936"	"Performing rule action"
"DEBUG"	5056	"2026-07-16 17:09:49.936"	"Performing local delivery"
"DEBUG"	5056	"2026-07-16 17:09:49.936"	"Applying rules"
"DEBUG"	5056	"2026-07-16 17:09:50.014"	"Saving message: {0618D315-9241-4BAA-9BBD-BC75CAC20D4F}.eml"
"DEBUG"	3032	"2026-07-16 17:09:50.046"	"Creating session 8"
"TCPIP"	3032	"2026-07-16 17:09:50.064"	"TCP - 10.0.0.128 connected to 10.0.0.128:143."
"DEBUG"	3032	"2026-07-16 17:09:50.064"	"TCP connection started for session 6"
"IMAPD"	3032	6	"2026-07-16 17:09:50.064"	"10.0.0.128"	"SENT: * OK IMAPrev1"
"IMAPD"	3032	6	"2026-07-16 17:09:50.079"	"10.0.0.128"	"RECEIVED: 90 capability"
"IMAPD"	3032	6	"2026-07-16 17:09:50.079"	"10.0.0.128"	"SENT: * CAPABILITY IMAP4 IMAP4rev1 CHILDREN IDLE QUOTA SORT ACL NAMESPACE RIGHTS=texk[nl]90 OK CAPABILITY completed"
"IMAPD"	4284	6	"2026-07-16 17:09:50.110"	"10.0.0.128"	"RECEIVED: 92 login "a@hi.xyz" ***"
"DEBUG"	5056	"2026-07-16 17:09:50.126"	"Reading messages from database."
"IMAPD"	5056	5	"2026-07-16 17:09:50.126"	"10.0.0.128"	"SENT: * 17 EXISTS"
"IMAPD"	5056	5	"2026-07-16 17:09:50.126"	"10.0.0.128"	"SENT: * 17 RECENT"
"IMAPD"	4812	5	"2026-07-16 17:09:50.141"	"10.0.0.128"	"RECEIVED: DONE"
"IMAPD"	4812	5	"2026-07-16 17:09:50.141"	"10.0.0.128"	"SENT: 79 OK IDLE terminated"
"DEBUG"	5056	"2026-07-16 17:09:50.141"	"Local delivery completed"
"APPLICATION"	5056	"2026-07-16 17:09:50.141"	"SMTPDeliverer - Message 81: Message delivery thread completed."
"IMAPD"	3032	5	"2026-07-16 17:09:50.141"	"10.0.0.128"	"RECEIVED: 80 noop"
"IMAPD"	3032	5	"2026-07-16 17:09:50.141"	"10.0.0.128"	"SENT: 80 OK NOOP completed"
"IMAPD"	3032	5	"2026-07-16 17:09:50.157"	"10.0.0.128"	"RECEIVED: 81 getquotaroot "INBOX""
"IMAPD"	3032	5	"2026-07-16 17:09:50.157"	"10.0.0.128"	"SENT: * QUOTAROOT "INBOX" ""[nl]* QUOTA "" ()[nl]81 OK GETQUOTAROOT completed"
"IMAPD"	3032	5	"2026-07-16 17:09:50.157"	"10.0.0.128"	"RECEIVED: 82 UID fetch 21:* (FLAGS)"
"IMAPD"	3032	5	"2026-07-16 17:09:50.157"	"10.0.0.128"	"SENT: * 17 FETCH (UID 21 FLAGS ())"
"IMAPD"	3032	5	"2026-07-16 17:09:50.165"	"10.0.0.128"	"SENT: 82 OK UID completed"
"IMAPD"	4900	5	"2026-07-16 17:09:50.165"	"10.0.0.128"	"RECEIVED: 83 UID fetch 21 (UID RFC822.SIZE FLAGS BODY.PEEK[HEADER.FIELDS (From To Cc Bcc Subject Date Message-ID Priority X-Priority References Newsgroups In-Reply-To Content-Type Reply-To Received)])"
"IMAPD"	4284	6	"2026-07-16 17:09:50.174"	"10.0.0.128"	"SENT: 92 OK LOGIN completed"
"IMAPD"	3032	6	"2026-07-16 17:09:50.174"	"10.0.0.128"	"RECEIVED: 93 capability"
"IMAPD"	3032	6	"2026-07-16 17:09:50.174"	"10.0.0.128"	"SENT: * CAPABILITY IMAP4 IMAP4rev1 CHILDREN IDLE QUOTA SORT ACL NAMESPACE RIGHTS=texk[nl]93 OK CAPABILITY completed"
"IMAPD"	4812	6	"2026-07-16 17:09:50.174"	"10.0.0.128"	"RECEIVED: 94 append "Sent" (\Seen) {677}"
"IMAPD"	4812	6	"2026-07-16 17:09:50.174"	"10.0.0.128"	"SENT: + Ready for literal data"
"DEBUG"	7996	"2026-07-16 17:09:50.190"	"Saving message: {E7FEC6D4-88B9-443F-BFD2-F45A84B287A3}.eml"
"IMAPD"	4900	5	"2026-07-16 17:09:50.190"	"10.0.0.128"	"SENT: * 17 FETCH (UID 21 RFC822.SIZE 839 FLAGS () BODY[HEADER.FIELDS (From To Cc Bcc Subject Date Message-ID Priority X-Priority References Newsgroups In-Reply-To Content-Type Reply-To Received)] {331}"
"IMAPD"	4900	5	"2026-07-16 17:09:50.190"	"10.0.0.128"	"SENT: )"
"IMAPD"	4900	5	"2026-07-16 17:09:50.205"	"10.0.0.128"	"SENT: 83 OK UID completed"
"IMAPD"	7996	6	"2026-07-16 17:09:50.205"	"10.0.0.128"	"SENT: 94 OK APPEND completed"
"IMAPD"	1788	5	"2026-07-16 17:09:50.287"	"10.0.0.128"	"RECEIVED: 84 UID fetch 21 (UID RFC822.SIZE BODY.PEEK[])"
"IMAPD"	1788	5	"2026-07-16 17:09:50.287"	"10.0.0.128"	"SENT: * 17 FETCH (UID 21 RFC822.SIZE 839 BODY[] {862}"
"IMAPD"	1788	5	"2026-07-16 17:09:50.287"	"10.0.0.128"	"SENT: )"
"IMAPD"	1788	5	"2026-07-16 17:09:50.287"	"10.0.0.128"	"SENT: 84 OK UID completed"
"IMAPD"	3032	5	"2026-07-16 17:09:50.304"	"10.0.0.128"	"RECEIVED: 85 UID fetch 21 (UID BODY.PEEK[HEADER.FIELDS (Content-Type Content-Transfer-Encoding)] BODY.PEEK[TEXT]<0.2048>)"
"IMAPD"	3032	5	"2026-07-16 17:09:50.304"	"10.0.0.128"	"SENT: * 17 FETCH (UID 21 BODY[HEADER.FIELDS (Content-Type Content-Transfer-Encoding)] {91}"
"IMAPD"	3032	5	"2026-07-16 17:09:50.319"	"10.0.0.128"	"SENT:  BODY[TEXT]<0> {364}"
"IMAPD"	3032	5	"2026-07-16 17:09:50.319"	"10.0.0.128"	"SENT: )"
"IMAPD"	3032	5	"2026-07-16 17:09:50.319"	"10.0.0.128"	"SENT: 85 OK UID completed"
"IMAPD"	7996	5	"2026-07-16 17:09:52.346"	"10.0.0.128"	"RECEIVED: 86 IDLE"
"IMAPD"	7996	5	"2026-07-16 17:09:52.346"	"10.0.0.128"	"SENT: + idling"
"SMTPD"	7996	4	"2026-07-16 17:09:55.201"	"10.0.0.128"	"RECEIVED: QUIT"
"SMTPD"	7996	4	"2026-07-16 17:09:55.201"	"10.0.0.128"	"SENT: 221 goodbye"
"DEBUG"	4900	"2026-07-16 17:09:55.234"	"Ending session 4"
"DEBUG"	4900	"2026-07-16 17:10:24.702"	"Creating session 9"
"TCPIP"	4900	"2026-07-16 17:10:24.718"	"TCP - 10.0.0.128 connected to 10.0.0.128:587."
"DEBUG"	4900	"2026-07-16 17:10:24.718"	"TCP connection started for session 7"
"SMTPD"	4900	7	"2026-07-16 17:10:24.718"	"10.0.0.128"	"SENT: 220 WIN-2F1VNVRVM11 ESMTP"
"SMTPD"	3092	7	"2026-07-16 17:10:24.913"	"10.0.0.128"	"RECEIVED: EHLO [10.0.0.128]"
"SMTPD"	3092	7	"2026-07-16 17:10:24.913"	"10.0.0.128"	"SENT: 250-WIN-2F1VNVRVM11[nl]250-SIZE 20480000[nl]250-AUTH LOGIN[nl]250 HELP"
"SMTPD"	5060	7	"2026-07-16 17:10:24.977"	"10.0.0.128"	"RECEIVED: AUTH LOGIN"
"SMTPD"	5060	7	"2026-07-16 17:10:24.977"	"10.0.0.128"	"SENT: 334 VXNlcm5hbWU6"
"SMTPD"	4900	7	"2026-07-16 17:10:24.977"	"10.0.0.128"	"RECEIVED: YkBoaS54eXo="
"SMTPD"	4900	7	"2026-07-16 17:10:24.977"	"10.0.0.128"	"SENT: 334 UGFzc3dvcmQ6"
"SMTPD"	3092	7	"2026-07-16 17:10:24.977"	"10.0.0.128"	"RECEIVED: ***"
"SMTPD"	3092	7	"2026-07-16 17:10:24.995"	"10.0.0.128"	"SENT: 235 authenticated."
"SMTPD"	7996	7	"2026-07-16 17:10:25.009"	"10.0.0.128"	"RECEIVED: MAIL FROM:<a@hi.xyz> SIZE=677"
"SMTPD"	7996	7	"2026-07-16 17:10:25.009"	"10.0.0.128"	"SENT: 250 OK"
"SMTPD"	4900	7	"2026-07-16 17:10:25.025"	"10.0.0.128"	"RECEIVED: RCPT TO:<b@hi.xyz>"
"SMTPD"	4900	7	"2026-07-16 17:10:25.025"	"10.0.0.128"	"SENT: 250 OK"
"SMTPD"	7996	7	"2026-07-16 17:10:25.025"	"10.0.0.128"	"RECEIVED: DATA"
"SMTPD"	7996	7	"2026-07-16 17:10:25.025"	"10.0.0.128"	"SENT: 354 OK, send."
"DEBUG"	7996	"2026-07-16 17:10:25.096"	"Adding task AsynchronousTask to work queue Asynchronous task queue"
"DEBUG"	6468	"2026-07-16 17:10:25.096"	"Executing task AsynchronousTask in work queue Asynchronous task queue"
"DEBUG"	6468	"2026-07-16 17:10:25.105"	"Executing event OnAcceptMessage"
"DEBUG"	6468	"2026-07-16 17:10:25.241"	"Event completed"
"DEBUG"	6468	"2026-07-16 17:10:25.251"	"Saving message: {FEA94F5A-5967-404F-9CAD-76F1A99D76AA}.eml"
"DEBUG"	6468	"2026-07-16 17:10:25.251"	"Requesting SMTPDeliveryManager to start message delivery"
"SMTPD"	6468	7	"2026-07-16 17:10:25.251"	"10.0.0.128"	"SENT: 250 Queued (0.079 seconds)"
"DEBUG"	7748	"2026-07-16 17:10:25.251"	"Adding task DeliveryTask to work queue SMTP delivery queue"
"DEBUG"	5056	"2026-07-16 17:10:25.268"	"Executing task DeliveryTask in work queue SMTP delivery queue"
"DEBUG"	5056	"2026-07-16 17:10:25.268"	"Delivering message..."
"APPLICATION"	5056	"2026-07-16 17:10:25.283"	"SMTPDeliverer - Message 83: Delivering message from a@hi.xyz to b@hi.xyz. File: C:\Program Files (x86)\hMailServer\Data\{FEA94F5A-5967-404F-9CAD-76F1A99D76AA}.eml"
"DEBUG"	5056	"2026-07-16 17:10:25.283"	"Applying rules"
"DEBUG"	5056	"2026-07-16 17:10:25.299"	"Applying rule Phishing Filter"
"DEBUG"	5056	"2026-07-16 17:10:25.315"	"Performing local delivery"
"DEBUG"	5056	"2026-07-16 17:10:25.315"	"Applying rules"
"DEBUG"	5056	"2026-07-16 17:10:25.330"	"Saving message: {FEA94F5A-5967-404F-9CAD-76F1A99D76AA}.eml"
"DEBUG"	5056	"2026-07-16 17:10:25.379"	"Reading messages from database."
"IMAPD"	5056	5	"2026-07-16 17:10:25.379"	"10.0.0.128"	"SENT: * 18 EXISTS"
"IMAPD"	5056	5	"2026-07-16 17:10:25.379"	"10.0.0.128"	"SENT: * 18 RECENT"
"DEBUG"	5056	"2026-07-16 17:10:25.395"	"Local delivery completed"
"APPLICATION"	5056	"2026-07-16 17:10:25.395"	"SMTPDeliverer - Message 83: Message delivery thread completed."
"IMAPD"	6404	6	"2026-07-16 17:10:25.442"	"10.0.0.128"	"RECEIVED: 95 append "Sent" (\Seen) {677}"
"IMAPD"	6404	6	"2026-07-16 17:10:25.442"	"10.0.0.128"	"SENT: + Ready for literal data"
"IMAPD"	3092	5	"2026-07-16 17:10:25.464"	"10.0.0.128"	"RECEIVED: DONE"
"IMAPD"	3092	5	"2026-07-16 17:10:25.464"	"10.0.0.128"	"SENT: 86 OK IDLE terminated"
"DEBUG"	4284	"2026-07-16 17:10:25.474"	"Saving message: {78BABA16-3CC2-49F8-8163-D6F882ECF361}.eml"
"IMAPD"	5060	5	"2026-07-16 17:10:25.474"	"10.0.0.128"	"RECEIVED: 87 noop"
"IMAPD"	5060	5	"2026-07-16 17:10:25.474"	"10.0.0.128"	"SENT: 87 OK NOOP completed"
"IMAPD"	4284	6	"2026-07-16 17:10:25.474"	"10.0.0.128"	"SENT: 95 OK APPEND completed"
"IMAPD"	3092	5	"2026-07-16 17:10:25.474"	"10.0.0.128"	"RECEIVED: 88 getquotaroot "INBOX""
"IMAPD"	3092	5	"2026-07-16 17:10:25.490"	"10.0.0.128"	"SENT: * QUOTAROOT "INBOX" ""[nl]* QUOTA "" ()[nl]88 OK GETQUOTAROOT completed"
"IMAPD"	3032	5	"2026-07-16 17:10:25.506"	"10.0.0.128"	"RECEIVED: 89 UID fetch 22:* (FLAGS)"
"IMAPD"	3032	5	"2026-07-16 17:10:25.506"	"10.0.0.128"	"SENT: * 18 FETCH (UID 22 FLAGS ())"
"IMAPD"	3032	5	"2026-07-16 17:10:25.506"	"10.0.0.128"	"SENT: 89 OK UID completed"
"IMAPD"	5060	5	"2026-07-16 17:10:25.506"	"10.0.0.128"	"RECEIVED: 90 UID fetch 22 (UID RFC822.SIZE FLAGS BODY.PEEK[HEADER.FIELDS (From To Cc Bcc Subject Date Message-ID Priority X-Priority References Newsgroups In-Reply-To Content-Type Reply-To Received)])"
"IMAPD"	5060	5	"2026-07-16 17:10:25.570"	"10.0.0.128"	"SENT: * 18 FETCH (UID 22 RFC822.SIZE 806 FLAGS () BODY[HEADER.FIELDS (From To Cc Bcc Subject Date Message-ID Priority X-Priority References Newsgroups In-Reply-To Content-Type Reply-To Received)] {330}"
"IMAPD"	5060	5	"2026-07-16 17:10:25.575"	"10.0.0.128"	"SENT: )"
"IMAPD"	5060	5	"2026-07-16 17:10:25.575"	"10.0.0.128"	"SENT: 90 OK UID completed"
"IMAPD"	6404	5	"2026-07-16 17:10:25.666"	"10.0.0.128"	"RECEIVED: 91 UID fetch 22 (UID RFC822.SIZE BODY.PEEK[])"
"IMAPD"	6404	5	"2026-07-16 17:10:25.677"	"10.0.0.128"	"SENT: * 18 FETCH (UID 22 RFC822.SIZE 806 BODY[] {829}"
"IMAPD"	6404	5	"2026-07-16 17:10:25.677"	"10.0.0.128"	"SENT: )"
"IMAPD"	6404	5	"2026-07-16 17:10:25.677"	"10.0.0.128"	"SENT: 91 OK UID completed"
"IMAPD"	4284	5	"2026-07-16 17:10:25.714"	"10.0.0.128"	"RECEIVED: 92 UID fetch 22 (UID BODY.PEEK[HEADER.FIELDS (Content-Type Content-Transfer-Encoding)] BODY.PEEK[TEXT]<0.2048>)"
"IMAPD"	4284	5	"2026-07-16 17:10:25.714"	"10.0.0.128"	"SENT: * 18 FETCH (UID 22 BODY[HEADER.FIELDS (Content-Type Content-Transfer-Encoding)] {91}"
"IMAPD"	4284	5	"2026-07-16 17:10:25.730"	"10.0.0.128"	"SENT:  BODY[TEXT]<0> {365}"
"IMAPD"	4284	5	"2026-07-16 17:10:25.730"	"10.0.0.128"	"SENT: )"
"IMAPD"	4284	5	"2026-07-16 17:10:25.730"	"10.0.0.128"	"SENT: 92 OK UID completed"
"IMAPD"	4284	5	"2026-07-16 17:10:27.756"	"10.0.0.128"	"RECEIVED: 93 IDLE"
"IMAPD"	4284	5	"2026-07-16 17:10:27.756"	"10.0.0.128"	"SENT: + idling"
"SMTPD"	4284	7	"2026-07-16 17:10:30.266"	"10.0.0.128"	"RECEIVED: QUIT"
"SMTPD"	4284	7	"2026-07-16 17:10:30.266"	"10.0.0.128"	"SENT: 221 goodbye"
"DEBUG"	4900	"2026-07-16 17:10:30.266"	"Ending session 7"
"DEBUG"	4900	"2026-07-16 17:10:46.410"	"Creating session 10"
"TCPIP"	4900	"2026-07-16 17:10:46.426"	"TCP - 10.0.0.128 connected to 10.0.0.128:587."
"DEBUG"	4900	"2026-07-16 17:10:46.426"	"TCP connection started for session 9"
"SMTPD"	4900	9	"2026-07-16 17:10:46.426"	"10.0.0.128"	"SENT: 220 WIN-2F1VNVRVM11 ESMTP"
"SMTPD"	7996	9	"2026-07-16 17:10:46.586"	"10.0.0.128"	"RECEIVED: EHLO [10.0.0.128]"
"SMTPD"	7996	9	"2026-07-16 17:10:46.586"	"10.0.0.128"	"SENT: 250-WIN-2F1VNVRVM11[nl]250-SIZE 20480000[nl]250-AUTH LOGIN[nl]250 HELP"
"SMTPD"	4900	9	"2026-07-16 17:10:46.593"	"10.0.0.128"	"RECEIVED: AUTH LOGIN"
"SMTPD"	4900	9	"2026-07-16 17:10:46.604"	"10.0.0.128"	"SENT: 334 VXNlcm5hbWU6"
"SMTPD"	4284	9	"2026-07-16 17:10:46.604"	"10.0.0.128"	"RECEIVED: YkBoaS54eXo="
"SMTPD"	4284	9	"2026-07-16 17:10:46.604"	"10.0.0.128"	"SENT: 334 UGFzc3dvcmQ6"
"SMTPD"	5060	9	"2026-07-16 17:10:46.604"	"10.0.0.128"	"RECEIVED: ***"
"SMTPD"	5060	9	"2026-07-16 17:10:46.619"	"10.0.0.128"	"SENT: 235 authenticated."
"SMTPD"	1788	9	"2026-07-16 17:10:46.619"	"10.0.0.128"	"RECEIVED: MAIL FROM:<a@hi.xyz> SIZE=318"
"SMTPD"	1788	9	"2026-07-16 17:10:46.619"	"10.0.0.128"	"SENT: 250 OK"
"SMTPD"	1788	9	"2026-07-16 17:10:46.635"	"10.0.0.128"	"RECEIVED: RCPT TO:<b@hi.xyz>"
"SMTPD"	1788	9	"2026-07-16 17:10:46.635"	"10.0.0.128"	"SENT: 250 OK"
"SMTPD"	4900	9	"2026-07-16 17:10:46.635"	"10.0.0.128"	"RECEIVED: DATA"
"SMTPD"	4900	9	"2026-07-16 17:10:46.635"	"10.0.0.128"	"SENT: 354 OK, send."
"DEBUG"	5060	"2026-07-16 17:10:46.651"	"Adding task AsynchronousTask to work queue Asynchronous task queue"
"DEBUG"	6468	"2026-07-16 17:10:46.666"	"Executing task AsynchronousTask in work queue Asynchronous task queue"
"DEBUG"	6468	"2026-07-16 17:10:46.669"	"Executing event OnAcceptMessage"
"DEBUG"	6468	"2026-07-16 17:10:46.695"	"Event completed"
"DEBUG"	6468	"2026-07-16 17:10:46.695"	"Saving message: {B43E2704-9635-4847-94E0-EB3EDB710537}.eml"
"DEBUG"	6468	"2026-07-16 17:10:46.705"	"Requesting SMTPDeliveryManager to start message delivery"
"SMTPD"	6468	9	"2026-07-16 17:10:46.705"	"10.0.0.128"	"SENT: 250 Queued (0.031 seconds)"
"DEBUG"	7748	"2026-07-16 17:10:46.705"	"Adding task DeliveryTask to work queue SMTP delivery queue"
"DEBUG"	5056	"2026-07-16 17:10:46.715"	"Executing task DeliveryTask in work queue SMTP delivery queue"
"DEBUG"	5056	"2026-07-16 17:10:46.715"	"Delivering message..."
"APPLICATION"	5056	"2026-07-16 17:10:46.732"	"SMTPDeliverer - Message 85: Delivering message from a@hi.xyz to b@hi.xyz. File: C:\Program Files (x86)\hMailServer\Data\{B43E2704-9635-4847-94E0-EB3EDB710537}.eml"
"DEBUG"	5056	"2026-07-16 17:10:46.732"	"Applying rules"
"DEBUG"	5056	"2026-07-16 17:10:46.732"	"Applying rule Phishing Filter"
"DEBUG"	5056	"2026-07-16 17:10:46.732"	"Performing local delivery"
"DEBUG"	5056	"2026-07-16 17:10:46.747"	"Applying rules"
"DEBUG"	5056	"2026-07-16 17:10:46.779"	"Saving message: {B43E2704-9635-4847-94E0-EB3EDB710537}.eml"
"DEBUG"	5056	"2026-07-16 17:10:46.812"	"Reading messages from database."
"IMAPD"	5056	5	"2026-07-16 17:10:46.812"	"10.0.0.128"	"SENT: * 19 EXISTS"
"IMAPD"	5056	5	"2026-07-16 17:10:46.812"	"10.0.0.128"	"SENT: * 19 RECENT"
"DEBUG"	5056	"2026-07-16 17:10:46.812"	"Local delivery completed"
"APPLICATION"	5056	"2026-07-16 17:10:46.828"	"SMTPDeliverer - Message 85: Message delivery thread completed."
"IMAPD"	4900	6	"2026-07-16 17:10:46.859"	"10.0.0.128"	"RECEIVED: 96 append "Sent" (\Seen) {318}"
"IMAPD"	4900	6	"2026-07-16 17:10:46.859"	"10.0.0.128"	"SENT: + Ready for literal data"
"IMAPD"	5060	5	"2026-07-16 17:10:46.897"	"10.0.0.128"	"RECEIVED: DONE"
"IMAPD"	5060	5	"2026-07-16 17:10:46.897"	"10.0.0.128"	"SENT: 93 OK IDLE terminated"
"IMAPD"	4284	5	"2026-07-16 17:10:46.906"	"10.0.0.128"	"RECEIVED: 94 noop"
"IMAPD"	4284	5	"2026-07-16 17:10:46.906"	"10.0.0.128"	"SENT: 94 OK NOOP completed"
"DEBUG"	6404	"2026-07-16 17:10:46.906"	"Saving message: {03B5DDF1-EFC5-4419-A425-F86115CAFF4E}.eml"
"IMAPD"	6404	6	"2026-07-16 17:10:46.922"	"10.0.0.128"	"SENT: 96 OK APPEND completed"
"IMAPD"	1788	5	"2026-07-16 17:10:46.953"	"10.0.0.128"	"RECEIVED: 95 getquotaroot "INBOX""
"IMAPD"	1788	5	"2026-07-16 17:10:46.953"	"10.0.0.128"	"SENT: * QUOTAROOT "INBOX" ""[nl]* QUOTA "" ()[nl]95 OK GETQUOTAROOT completed"
"IMAPD"	1788	5	"2026-07-16 17:10:46.953"	"10.0.0.128"	"RECEIVED: 96 UID fetch 23:* (FLAGS)"
"IMAPD"	1788	5	"2026-07-16 17:10:46.953"	"10.0.0.128"	"SENT: * 19 FETCH (UID 23 FLAGS ())"
"IMAPD"	1788	5	"2026-07-16 17:10:46.953"	"10.0.0.128"	"SENT: 96 OK UID completed"
"IMAPD"	3032	5	"2026-07-16 17:10:47.034"	"10.0.0.128"	"RECEIVED: 97 UID fetch 23 (UID RFC822.SIZE FLAGS BODY.PEEK[HEADER.FIELDS (From To Cc Bcc Subject Date Message-ID Priority X-Priority References Newsgroups In-Reply-To Content-Type Reply-To Received)])"
"IMAPD"	3032	5	"2026-07-16 17:10:47.080"	"10.0.0.128"	"SENT: * 19 FETCH (UID 23 RFC822.SIZE 447 FLAGS () BODY[HEADER.FIELDS (From To Cc Bcc Subject Date Message-ID Priority X-Priority References Newsgroups In-Reply-To Content-Type Reply-To Received)] {330}"
"IMAPD"	3032	5	"2026-07-16 17:10:47.080"	"10.0.0.128"	"SENT: )"
"IMAPD"	3032	5	"2026-07-16 17:10:47.080"	"10.0.0.128"	"SENT: 97 OK UID completed"
"IMAPD"	3092	5	"2026-07-16 17:10:47.161"	"10.0.0.128"	"RECEIVED: 98 UID fetch 23 (UID RFC822.SIZE BODY.PEEK[])"
"IMAPD"	3092	5	"2026-07-16 17:10:47.161"	"10.0.0.128"	"SENT: * 19 FETCH (UID 23 RFC822.SIZE 447 BODY[] {470}"
"IMAPD"	3092	5	"2026-07-16 17:10:47.161"	"10.0.0.128"	"SENT: )"
"IMAPD"	3092	5	"2026-07-16 17:10:47.161"	"10.0.0.128"	"SENT: 98 OK UID completed"
"IMAPD"	6404	5	"2026-07-16 17:10:47.199"	"10.0.0.128"	"RECEIVED: 99 UID fetch 23 (UID BODY.PEEK[HEADER.FIELDS (Content-Type Content-Transfer-Encoding)] BODY.PEEK[TEXT]<0.2048>)"
"IMAPD"	6404	5	"2026-07-16 17:10:47.199"	"10.0.0.128"	"SENT: * 19 FETCH (UID 23 BODY[HEADER.FIELDS (Content-Type Content-Transfer-Encoding)] {91}"
"IMAPD"	6404	5	"2026-07-16 17:10:47.199"	"10.0.0.128"	"SENT:  BODY[TEXT]<0> {6}"
"IMAPD"	6404	5	"2026-07-16 17:10:47.208"	"10.0.0.128"	"SENT: )"
"IMAPD"	6404	5	"2026-07-16 17:10:47.208"	"10.0.0.128"	"SENT: 99 OK UID completed"
"IMAPD"	4900	5	"2026-07-16 17:10:49.227"	"10.0.0.128"	"RECEIVED: 100 IDLE"
"IMAPD"	4900	5	"2026-07-16 17:10:49.227"	"10.0.0.128"	"SENT: + idling"
"SMTPD"	3032	9	"2026-07-16 17:10:51.758"	"10.0.0.128"	"RECEIVED: QUIT"
"SMTPD"	3032	9	"2026-07-16 17:10:51.758"	"10.0.0.128"	"SENT: 221 goodbye"
"DEBUG"	4900	"2026-07-16 17:10:51.758"	"Ending session 9"
"IMAPD"	5060	6	"2026-07-16 17:11:03.633"	"10.0.0.128"	"RECEIVED: 97 logout"
"IMAPD"	3032	3	"2026-07-16 17:11:03.633"	"10.0.0.128"	"RECEIVED: DONE"
"IMAPD"	5060	6	"2026-07-16 17:11:03.633"	"10.0.0.128"	"SENT: * BYE Have a nice day[nl]97 OK Logout completed"
"IMAPD"	7996	5	"2026-07-16 17:11:03.633"	"10.0.0.128"	"RECEIVED: DONE"
"IMAPD"	7996	5	"2026-07-16 17:11:03.638"	"10.0.0.128"	"SENT: 100 OK IDLE terminated"
"IMAPD"	3032	3	"2026-07-16 17:11:03.633"	"10.0.0.128"	"SENT: 72 OK IDLE terminated"
"DEBUG"	1788	"2026-07-16 17:11:03.638"	"Ending session 6"
"IMAPD"	7996	5	"2026-07-16 17:11:03.638"	"10.0.0.128"	"RECEIVED: 101 close"
"IMAPD"	7996	5	"2026-07-16 17:11:03.638"	"10.0.0.128"	"SENT: 101 OK CLOSE completed"
"IMAPD"	6636	3	"2026-07-16 17:11:03.642"	"10.0.0.128"	"RECEIVED: 73 close"
"IMAPD"	6636	3	"2026-07-16 17:11:03.642"	"10.0.0.128"	"SENT: 73 OK CLOSE completed"
"IMAPD"	4364	5	"2026-07-16 17:11:03.642"	"10.0.0.128"	"RECEIVED: 102 logout"
"IMAPD"	4364	5	"2026-07-16 17:11:03.642"	"10.0.0.128"	"SENT: * BYE Have a nice day[nl]102 OK Logout completed"
"DEBUG"	4364	"2026-07-16 17:11:03.642"	"Ending session 5"
"IMAPD"	4364	3	"2026-07-16 17:11:03.674"	"10.0.0.128"	"RECEIVED: 74 logout"
"IMAPD"	4364	3	"2026-07-16 17:11:03.674"	"10.0.0.128"	"SENT: * BYE Have a nice day[nl]74 OK Logout completed"
"DEBUG"	6636	"2026-07-16 17:11:03.690"	"Ending session 3"
"DEBUG"	3032	"2026-07-16 17:16:01.897"	"Creating session 11"
"TCPIP"	3032	"2026-07-16 17:16:01.913"	"TCP - 10.0.0.128 connected to 10.0.0.128:143."
"DEBUG"	3032	"2026-07-16 17:16:01.913"	"TCP connection started for session 8"
"IMAPD"	3032	8	"2026-07-16 17:16:01.913"	"10.0.0.128"	"SENT: * OK IMAPrev1"
"DEBUG"	3092	"2026-07-16 17:16:01.928"	"Creating session 12"
"TCPIP"	3092	"2026-07-16 17:16:01.928"	"TCP - 10.0.0.128 connected to 10.0.0.128:143."
"DEBUG"	3092	"2026-07-16 17:16:01.928"	"TCP connection started for session 11"
"IMAPD"	3092	11	"2026-07-16 17:16:01.928"	"10.0.0.128"	"SENT: * OK IMAPrev1"
"DEBUG"	3032	"2026-07-16 17:16:01.928"	"Creating session 13"
"TCPIP"	3032	"2026-07-16 17:16:01.943"	"TCP - 10.0.0.128 connected to 10.0.0.128:143."
"DEBUG"	3032	"2026-07-16 17:16:01.943"	"TCP connection started for session 12"
"IMAPD"	3032	12	"2026-07-16 17:16:01.943"	"10.0.0.128"	"SENT: * OK IMAPrev1"
"DEBUG"	3092	"2026-07-16 17:16:01.943"	"Creating session 14"
"TCPIP"	3092	"2026-07-16 17:16:01.943"	"TCP - 10.0.0.128 connected to 10.0.0.128:143."
"DEBUG"	3092	"2026-07-16 17:16:01.943"	"TCP connection started for session 13"
"IMAPD"	3092	13	"2026-07-16 17:16:01.943"	"10.0.0.128"	"SENT: * OK IMAPrev1"
"IMAPD"	6636	8	"2026-07-16 17:16:02.041"	"10.0.0.128"	"RECEIVED: 31 capability"
"IMAPD"	4284	11	"2026-07-16 17:16:02.041"	"10.0.0.128"	"RECEIVED: 31 capability"
"IMAPD"	4284	11	"2026-07-16 17:16:02.056"	"10.0.0.128"	"SENT: * CAPABILITY IMAP4 IMAP4rev1 CHILDREN IDLE QUOTA SORT ACL NAMESPACE RIGHTS=texk[nl]31 OK CAPABILITY completed"
"IMAPD"	4364	13	"2026-07-16 17:16:02.056"	"10.0.0.128"	"RECEIVED: 79 capability"
"IMAPD"	4364	13	"2026-07-16 17:16:02.056"	"10.0.0.128"	"SENT: * CAPABILITY IMAP4 IMAP4rev1 CHILDREN IDLE QUOTA SORT ACL NAMESPACE RIGHTS=texk[nl]79 OK CAPABILITY completed"
"IMAPD"	6636	8	"2026-07-16 17:16:02.056"	"10.0.0.128"	"SENT: * CAPABILITY IMAP4 IMAP4rev1 CHILDREN IDLE QUOTA SORT ACL NAMESPACE RIGHTS=texk[nl]31 OK CAPABILITY completed"
"IMAPD"	4900	12	"2026-07-16 17:16:02.056"	"10.0.0.128"	"RECEIVED: 79 capability"
"IMAPD"	4900	12	"2026-07-16 17:16:02.056"	"10.0.0.128"	"SENT: * CAPABILITY IMAP4 IMAP4rev1 CHILDREN IDLE QUOTA SORT ACL NAMESPACE RIGHTS=texk[nl]79 OK CAPABILITY completed"
"IMAPD"	1788	11	"2026-07-16 17:16:02.262"	"10.0.0.128"	"RECEIVED: 33 login "a@hi.xyz" ***"
"IMAPD"	6664	13	"2026-07-16 17:16:02.262"	"10.0.0.128"	"RECEIVED: 81 login "b@hi.xyz" ***"
"IMAPD"	1788	11	"2026-07-16 17:16:02.294"	"10.0.0.128"	"SENT: 33 OK LOGIN completed"
"IMAPD"	6404	11	"2026-07-16 17:16:02.326"	"10.0.0.128"	"RECEIVED: 34 capability"
"IMAPD"	6404	11	"2026-07-16 17:16:02.326"	"10.0.0.128"	"SENT: * CAPABILITY IMAP4 IMAP4rev1 CHILDREN IDLE QUOTA SORT ACL NAMESPACE RIGHTS=texk[nl]34 OK CAPABILITY completed"
"IMAPD"	6664	13	"2026-07-16 17:16:02.390"	"10.0.0.128"	"SENT: 81 OK LOGIN completed"
"IMAPD"	6664	11	"2026-07-16 17:16:02.390"	"10.0.0.128"	"RECEIVED: 35 namespace"
"IMAPD"	6664	11	"2026-07-16 17:16:02.390"	"10.0.0.128"	"SENT: * NAMESPACE (("" ".")) NIL (("#Public" "."))[nl]35 OK namespace command complete"
"IMAPD"	4812	13	"2026-07-16 17:16:02.421"	"10.0.0.128"	"RECEIVED: 82 capability"
"IMAPD"	4812	13	"2026-07-16 17:16:02.421"	"10.0.0.128"	"SENT: * CAPABILITY IMAP4 IMAP4rev1 CHILDREN IDLE QUOTA SORT ACL NAMESPACE RIGHTS=texk[nl]82 OK CAPABILITY completed"
"IMAPD"	5060	11	"2026-07-16 17:16:02.483"	"10.0.0.128"	"RECEIVED: 36 select "INBOX""
"IMAPD"	3032	13	"2026-07-16 17:16:02.483"	"10.0.0.128"	"RECEIVED: 83 namespace"
"IMAPD"	3032	13	"2026-07-16 17:16:02.498"	"10.0.0.128"	"SENT: * NAMESPACE (("" ".")) NIL (("#Public" "."))[nl]83 OK namespace command complete"
"IMAPD"	1788	8	"2026-07-16 17:16:02.500"	"10.0.0.128"	"RECEIVED: 33 login "a@hi.xyz" ***"
"IMAPD"	1788	8	"2026-07-16 17:16:02.500"	"10.0.0.128"	"SENT: 33 OK LOGIN completed"
"IMAPD"	5060	11	"2026-07-16 17:16:02.500"	"10.0.0.128"	"SENT: * 15 EXISTS[nl]* 0 RECENT[nl]* FLAGS (\Deleted \Seen \Draft \Answered \Flagged)[nl]* OK [UIDVALIDITY 1783903039] current uidvalidity[nl]* OK [UNSEEN 5] unseen messages[nl]* OK [UIDNEXT 18] next uid[nl]* OK [PERMANENTFLAGS (\Deleted \Seen \Draft \Answered \Flagged)] limited[nl]36 OK [READ-WRITE] SELECT completed"
"IMAPD"	6664	8	"2026-07-16 17:16:02.532"	"10.0.0.128"	"RECEIVED: 34 capability"
"IMAPD"	6664	8	"2026-07-16 17:16:02.532"	"10.0.0.128"	"SENT: * CAPABILITY IMAP4 IMAP4rev1 CHILDREN IDLE QUOTA SORT ACL NAMESPACE RIGHTS=texk[nl]34 OK CAPABILITY completed"
"IMAPD"	3092	13	"2026-07-16 17:16:02.532"	"10.0.0.128"	"RECEIVED: 84 select "INBOX""
"IMAPD"	3092	13	"2026-07-16 17:16:02.532"	"10.0.0.128"	"SENT: * 19 EXISTS[nl]* 0 RECENT[nl]* FLAGS (\Deleted \Seen \Draft \Answered \Flagged)[nl]* OK [UIDVALIDITY 1783903061] current uidvalidity[nl]* OK [UNSEEN 9] unseen messages[nl]* OK [UIDNEXT 24] next uid[nl]* OK [PERMANENTFLAGS (\Deleted \Seen \Draft \Answered \Flagged)] limited[nl]84 OK [READ-WRITE] SELECT completed"
"IMAPD"	7996	11	"2026-07-16 17:16:02.532"	"10.0.0.128"	"RECEIVED: 37 myrights "INBOX""
"IMAPD"	7996	11	"2026-07-16 17:16:02.532"	"10.0.0.128"	"SENT: * MYRIGHTS "INBOX" lrswipkxtea[nl]37 OK Myrights complete"
"IMAPD"	6404	12	"2026-07-16 17:16:02.673"	"10.0.0.128"	"RECEIVED: 81 login "b@hi.xyz" ***"
"IMAPD"	6404	12	"2026-07-16 17:16:02.673"	"10.0.0.128"	"SENT: 81 OK LOGIN completed"
"IMAPD"	4812	8	"2026-07-16 17:16:02.721"	"10.0.0.128"	"RECEIVED: 35 list "" "*""
"IMAPD"	4812	8	"2026-07-16 17:16:02.721"	"10.0.0.128"	"SENT: * LIST (\HasNoChildren) "." "INBOX"[nl]* LIST (\HasNoChildren) "." "Trash"[nl]* LIST (\HasNoChildren) "." "Sent"[nl]* LIST (\HasNoChildren) "." "Junk"[nl]35 OK LIST completed"
"IMAPD"	4284	11	"2026-07-16 17:16:02.721"	"10.0.0.128"	"RECEIVED: 38 getacl "INBOX""
"IMAPD"	4284	11	"2026-07-16 17:16:02.721"	"10.0.0.128"	"SENT: * ACL "INBOX"[nl]38 OK GetAcl complete"
"IMAPD"	6404	8	"2026-07-16 17:16:02.721"	"10.0.0.128"	"RECEIVED: 36 lsub "" "*""
"IMAPD"	6404	8	"2026-07-16 17:16:02.721"	"10.0.0.128"	"SENT: * LSUB (\HasNoChildren) "." "INBOX"[nl]* LSUB (\HasNoChildren) "." "Trash"[nl]* LSUB (\HasNoChildren) "." "Sent"[nl]* LSUB (\HasNoChildren) "." "Junk""
"IMAPD"	6404	8	"2026-07-16 17:16:02.737"	"10.0.0.128"	"SENT: 36 OK LSUB completed"
"IMAPD"	1788	13	"2026-07-16 17:16:02.768"	"10.0.0.128"	"RECEIVED: 85 myrights "INBOX""
"IMAPD"	1788	13	"2026-07-16 17:16:02.768"	"10.0.0.128"	"SENT: * MYRIGHTS "INBOX" lrswipkxtea[nl]85 OK Myrights complete"
"IMAPD"	6636	12	"2026-07-16 17:16:02.773"	"10.0.0.128"	"RECEIVED: 82 capability"
"IMAPD"	6636	12	"2026-07-16 17:16:02.775"	"10.0.0.128"	"SENT: * CAPABILITY IMAP4 IMAP4rev1 CHILDREN IDLE QUOTA SORT ACL NAMESPACE RIGHTS=texk[nl]82 OK CAPABILITY completed"
"IMAPD"	4812	11	"2026-07-16 17:16:02.778"	"10.0.0.128"	"RECEIVED: 39 getquotaroot "INBOX""
"IMAPD"	4812	11	"2026-07-16 17:16:02.778"	"10.0.0.128"	"SENT: * QUOTAROOT "INBOX" ""[nl]* QUOTA "" ()[nl]39 OK GETQUOTAROOT completed"
"IMAPD"	3092	13	"2026-07-16 17:16:02.801"	"10.0.0.128"	"RECEIVED: 86 getacl "INBOX""
"IMAPD"	3092	13	"2026-07-16 17:16:02.801"	"10.0.0.128"	"SENT: * ACL "INBOX"[nl]86 OK GetAcl complete"
"IMAPD"	6664	8	"2026-07-16 17:16:02.838"	"10.0.0.128"	"RECEIVED: 37 list "" "#Public*""
"IMAPD"	6664	8	"2026-07-16 17:16:02.838"	"10.0.0.128"	"SENT: 37 OK LIST completed"
"IMAPD"	6664	8	"2026-07-16 17:16:02.849"	"10.0.0.128"	"RECEIVED: 38 lsub "" "#Public*""
"IMAPD"	6664	8	"2026-07-16 17:16:02.849"	"10.0.0.128"	"SENT: "
"IMAPD"	6664	8	"2026-07-16 17:16:02.865"	"10.0.0.128"	"SENT: 38 OK LSUB completed"
"IMAPD"	6636	8	"2026-07-16 17:16:02.865"	"10.0.0.128"	"RECEIVED: 39 list "" "INBOX""
"IMAPD"	6636	8	"2026-07-16 17:16:02.865"	"10.0.0.128"	"SENT: * LIST (\HasNoChildren) "." "INBOX"[nl]39 OK LIST completed"
"IMAPD"	6636	12	"2026-07-16 17:16:02.881"	"10.0.0.128"	"RECEIVED: 83 list "" "*""
"IMAPD"	4284	11	"2026-07-16 17:16:02.881"	"10.0.0.128"	"RECEIVED: 40 UID fetch 1:* (FLAGS)"
"IMAPD"	6636	12	"2026-07-16 17:16:02.881"	"10.0.0.128"	"SENT: * LIST (\HasNoChildren) "." "INBOX"[nl]* LIST (\HasNoChildren) "." "Trash"[nl]* LIST (\HasNoChildren) "." "Sent"[nl]* LIST (\HasNoChildren) "." "Junk"[nl]83 OK LIST completed"
"IMAPD"	4284	11	"2026-07-16 17:16:02.881"	"10.0.0.128"	"SENT: * 1 FETCH (UID 3 FLAGS (\Seen))"
"IMAPD"	4284	11	"2026-07-16 17:16:02.881"	"10.0.0.128"	"SENT: * 2 FETCH (UID 4 FLAGS (\Seen))"
"IMAPD"	4284	11	"2026-07-16 17:16:02.881"	"10.0.0.128"	"SENT: * 3 FETCH (UID 5 FLAGS ())"
"IMAPD"	4284	11	"2026-07-16 17:16:02.881"	"10.0.0.128"	"SENT: * 4 FETCH (UID 6 FLAGS ())"
"IMAPD"	4284	11	"2026-07-16 17:16:02.896"	"10.0.0.128"	"SENT: * 5 FETCH (UID 7 FLAGS ())"
"IMAPD"	4284	11	"2026-07-16 17:16:02.896"	"10.0.0.128"	"SENT: * 6 FETCH (UID 8 FLAGS ())"
"IMAPD"	4284	11	"2026-07-16 17:16:02.896"	"10.0.0.128"	"SENT: * 7 FETCH (UID 9 FLAGS ())"
"IMAPD"	4284	11	"2026-07-16 17:16:02.896"	"10.0.0.128"	"SENT: * 8 FETCH (UID 10 FLAGS ())"
"IMAPD"	4284	11	"2026-07-16 17:16:02.896"	"10.0.0.128"	"SENT: * 9 FETCH (UID 11 FLAGS (\Seen))"
"IMAPD"	4284	11	"2026-07-16 17:16:02.896"	"10.0.0.128"	"SENT: * 10 FETCH (UID 12 FLAGS (\Seen))"
"IMAPD"	4284	11	"2026-07-16 17:16:02.896"	"10.0.0.128"	"SENT: * 11 FETCH (UID 13 FLAGS (\Seen))"
"IMAPD"	4284	11	"2026-07-16 17:16:02.903"	"10.0.0.128"	"SENT: * 12 FETCH (UID 14 FLAGS ())"
"IMAPD"	4284	11	"2026-07-16 17:16:02.903"	"10.0.0.128"	"SENT: * 13 FETCH (UID 15 FLAGS ())"
"IMAPD"	4284	11	"2026-07-16 17:16:02.904"	"10.0.0.128"	"SENT: * 14 FETCH (UID 16 FLAGS ())"
"IMAPD"	4284	11	"2026-07-16 17:16:02.904"	"10.0.0.128"	"SENT: * 15 FETCH (UID 17 FLAGS (\Seen))"
"IMAPD"	4284	11	"2026-07-16 17:16:02.908"	"10.0.0.128"	"SENT: 40 OK UID completed"
"IMAPD"	1788	13	"2026-07-16 17:16:02.908"	"10.0.0.128"	"RECEIVED: 87 getquotaroot "INBOX""
"IMAPD"	1788	13	"2026-07-16 17:16:02.908"	"10.0.0.128"	"SENT: * QUOTAROOT "INBOX" ""[nl]* QUOTA "" ()[nl]87 OK GETQUOTAROOT completed"
"IMAPD"	4812	12	"2026-07-16 17:16:02.913"	"10.0.0.128"	"RECEIVED: 84 lsub "" "*""
"IMAPD"	4812	12	"2026-07-16 17:16:02.913"	"10.0.0.128"	"SENT: * LSUB (\HasNoChildren) "." "INBOX"[nl]* LSUB (\HasNoChildren) "." "Trash"[nl]* LSUB (\HasNoChildren) "." "Sent"[nl]* LSUB (\HasNoChildren) "." "Junk""
"IMAPD"	4812	12	"2026-07-16 17:16:02.913"	"10.0.0.128"	"SENT: 84 OK LSUB completed"
"IMAPD"	3092	13	"2026-07-16 17:16:02.929"	"10.0.0.128"	"RECEIVED: 88 UID fetch 1:* (FLAGS)"
"IMAPD"	3092	13	"2026-07-16 17:16:02.929"	"10.0.0.128"	"SENT: * 1 FETCH (UID 5 FLAGS (\Seen))"
"IMAPD"	3092	13	"2026-07-16 17:16:02.976"	"10.0.0.128"	"SENT: * 2 FETCH (UID 6 FLAGS (\Seen))"
"IMAPD"	3092	13	"2026-07-16 17:16:02.976"	"10.0.0.128"	"SENT: * 3 FETCH (UID 7 FLAGS (\Seen))"
"IMAPD"	3092	13	"2026-07-16 17:16:02.976"	"10.0.0.128"	"SENT: * 4 FETCH (UID 8 FLAGS (\Seen))"
"IMAPD"	3092	13	"2026-07-16 17:16:02.976"	"10.0.0.128"	"SENT: * 5 FETCH (UID 9 FLAGS ())"
"IMAPD"	3092	13	"2026-07-16 17:16:02.976"	"10.0.0.128"	"SENT: * 6 FETCH (UID 10 FLAGS (\Seen))"
"IMAPD"	3092	13	"2026-07-16 17:16:02.989"	"10.0.0.128"	"SENT: * 7 FETCH (UID 11 FLAGS (\Seen))"
"IMAPD"	3092	13	"2026-07-16 17:16:02.989"	"10.0.0.128"	"SENT: * 8 FETCH (UID 12 FLAGS (\Seen))"
"IMAPD"	3092	13	"2026-07-16 17:16:02.989"	"10.0.0.128"	"SENT: * 9 FETCH (UID 13 FLAGS (\Seen))"
"IMAPD"	3092	13	"2026-07-16 17:16:02.989"	"10.0.0.128"	"SENT: * 10 FETCH (UID 14 FLAGS ())"
"IMAPD"	3092	13	"2026-07-16 17:16:02.992"	"10.0.0.128"	"SENT: * 11 FETCH (UID 15 FLAGS (\Seen))"
"IMAPD"	3092	13	"2026-07-16 17:16:02.992"	"10.0.0.128"	"SENT: * 12 FETCH (UID 16 FLAGS ())"
"IMAPD"	3092	13	"2026-07-16 17:16:02.992"	"10.0.0.128"	"SENT: * 13 FETCH (UID 17 FLAGS ())"
"IMAPD"	3092	13	"2026-07-16 17:16:02.992"	"10.0.0.128"	"SENT: * 14 FETCH (UID 18 FLAGS ())"
"IMAPD"	3092	13	"2026-07-16 17:16:02.992"	"10.0.0.128"	"SENT: * 15 FETCH (UID 19 FLAGS ())"
"IMAPD"	3092	13	"2026-07-16 17:16:02.992"	"10.0.0.128"	"SENT: * 16 FETCH (UID 20 FLAGS ())"
"IMAPD"	3092	13	"2026-07-16 17:16:02.992"	"10.0.0.128"	"SENT: * 17 FETCH (UID 21 FLAGS ())"
"IMAPD"	3092	13	"2026-07-16 17:16:02.992"	"10.0.0.128"	"SENT: * 18 FETCH (UID 22 FLAGS ())"
"IMAPD"	3092	13	"2026-07-16 17:16:02.992"	"10.0.0.128"	"SENT: * 19 FETCH (UID 23 FLAGS ())"
"IMAPD"	3092	13	"2026-07-16 17:16:02.992"	"10.0.0.128"	"SENT: 88 OK UID completed"
"IMAPD"	7996	12	"2026-07-16 17:16:02.992"	"10.0.0.128"	"RECEIVED: 85 list "" "#Public*""
"IMAPD"	7996	12	"2026-07-16 17:16:02.992"	"10.0.0.128"	"SENT: 85 OK LIST completed"
"IMAPD"	7996	12	"2026-07-16 17:16:02.992"	"10.0.0.128"	"RECEIVED: 86 lsub "" "#Public*""
"IMAPD"	7996	12	"2026-07-16 17:16:02.992"	"10.0.0.128"	"SENT: "
"IMAPD"	7996	12	"2026-07-16 17:16:02.992"	"10.0.0.128"	"SENT: 86 OK LSUB completed"
"IMAPD"	7212	12	"2026-07-16 17:16:03.009"	"10.0.0.128"	"RECEIVED: 87 list "" "INBOX""
"IMAPD"	7212	12	"2026-07-16 17:16:03.009"	"10.0.0.128"	"SENT: * LIST (\HasNoChildren) "." "INBOX"[nl]87 OK LIST completed"
"IMAPD"	7212	13	"2026-07-16 17:16:03.369"	"10.0.0.128"	"RECEIVED: 89 noop"
"IMAPD"	7212	13	"2026-07-16 17:16:03.369"	"10.0.0.128"	"SENT: 89 OK NOOP completed"
"IMAPD"	7108	13	"2026-07-16 17:16:03.413"	"10.0.0.128"	"RECEIVED: 90 getquotaroot "INBOX""
"IMAPD"	7108	13	"2026-07-16 17:16:03.413"	"10.0.0.128"	"SENT: * QUOTAROOT "INBOX" ""[nl]* QUOTA "" ()[nl]90 OK GETQUOTAROOT completed"
"IMAPD"	5060	13	"2026-07-16 17:16:03.428"	"10.0.0.128"	"RECEIVED: 91 UID fetch 24:* (FLAGS)"
"IMAPD"	5060	13	"2026-07-16 17:16:03.434"	"10.0.0.128"	"SENT: 91 OK UID completed"
"IMAPD"	6404	11	"2026-07-16 17:16:04.408"	"10.0.0.128"	"RECEIVED: 41 noop"
"IMAPD"	6404	11	"2026-07-16 17:16:04.408"	"10.0.0.128"	"SENT: 41 OK NOOP completed"
"IMAPD"	5060	11	"2026-07-16 17:16:04.460"	"10.0.0.128"	"RECEIVED: 42 getquotaroot "INBOX""
"IMAPD"	5060	11	"2026-07-16 17:16:04.460"	"10.0.0.128"	"SENT: * QUOTAROOT "INBOX" ""[nl]* QUOTA "" ()[nl]42 OK GETQUOTAROOT completed"
"IMAPD"	7108	11	"2026-07-16 17:16:04.860"	"10.0.0.128"	"RECEIVED: 43 UID fetch 18:* (FLAGS)"
"IMAPD"	7108	11	"2026-07-16 17:16:05.011"	"10.0.0.128"	"SENT: 43 OK UID completed"
"IMAPD"	7108	13	"2026-07-16 17:16:05.467"	"10.0.0.128"	"RECEIVED: 92 IDLE"
"IMAPD"	7108	13	"2026-07-16 17:16:05.467"	"10.0.0.128"	"SENT: + idling"
"IMAPD"	4812	11	"2026-07-16 17:16:07.167"	"10.0.0.128"	"RECEIVED: 44 IDLE"
"IMAPD"	4812	11	"2026-07-16 17:16:07.167"	"10.0.0.128"	"SENT: + idling"
"IMAPD"	3032	8	"2026-07-16 17:16:11.372"	"10.0.0.128"	"RECEIVED: 40 STATUS "Junk" (UIDNEXT MESSAGES UNSEEN RECENT)"
"IMAPD"	3032	8	"2026-07-16 17:16:11.380"	"10.0.0.128"	"SENT: * STATUS "Junk" (MESSAGES 0 UNSEEN 0 RECENT 0 UIDNEXT 1)[nl]40 OK Status completed"
"IMAPD"	7212	8	"2026-07-16 17:16:11.779"	"10.0.0.128"	"RECEIVED: 41 STATUS "Sent" (UIDNEXT MESSAGES UNSEEN RECENT)"
"DEBUG"	7212	"2026-07-16 17:16:11.787"	"Reading messages from database."
"IMAPD"	7212	8	"2026-07-16 17:16:11.787"	"10.0.0.128"	"SENT: * STATUS "Sent" (MESSAGES 23 UNSEEN 0 RECENT 23 UIDNEXT 24)[nl]41 OK Status completed"
"DEBUG"	3092	"2026-07-16 17:16:11.828"	"Creating session 15"
"TCPIP"	3092	"2026-07-16 17:16:11.828"	"TCP - 10.0.0.128 connected to 10.0.0.128:143."
"DEBUG"	3092	"2026-07-16 17:16:11.828"	"TCP connection started for session 14"
"IMAPD"	3092	14	"2026-07-16 17:16:11.828"	"10.0.0.128"	"SENT: * OK IMAPrev1"
"IMAPD"	3092	14	"2026-07-16 17:16:11.828"	"10.0.0.128"	"RECEIVED: 59 capability"
"IMAPD"	3092	14	"2026-07-16 17:16:11.828"	"10.0.0.128"	"SENT: * CAPABILITY IMAP4 IMAP4rev1 CHILDREN IDLE QUOTA SORT ACL NAMESPACE RIGHTS=texk[nl]59 OK CAPABILITY completed"
"IMAPD"	3092	14	"2026-07-16 17:16:11.828"	"10.0.0.128"	"RECEIVED: 61 login "a@hi.xyz" ***"
"IMAPD"	3092	14	"2026-07-16 17:16:11.828"	"10.0.0.128"	"SENT: 61 OK LOGIN completed"
"IMAPD"	3092	14	"2026-07-16 17:16:11.828"	"10.0.0.128"	"RECEIVED: 62 capability"
"IMAPD"	3092	14	"2026-07-16 17:16:11.843"	"10.0.0.128"	"SENT: * CAPABILITY IMAP4 IMAP4rev1 CHILDREN IDLE QUOTA SORT ACL NAMESPACE RIGHTS=texk[nl]62 OK CAPABILITY completed"
"IMAPD"	3092	14	"2026-07-16 17:16:11.843"	"10.0.0.128"	"RECEIVED: 63 select "Sent""
"IMAPD"	3092	14	"2026-07-16 17:16:11.843"	"10.0.0.128"	"SENT: * 23 EXISTS[nl]* 23 RECENT[nl]* FLAGS (\Deleted \Seen \Draft \Answered \Flagged)[nl]* OK [UIDVALIDITY 1783950217] current uidvalidity[nl]* OK [UIDNEXT 24] next uid[nl]* OK [PERMANENTFLAGS (\Deleted \Seen \Draft \Answered \Flagged)] limited[nl]63 OK [READ-WRITE] SELECT completed"
"IMAPD"	7212	14	"2026-07-16 17:16:11.847"	"10.0.0.128"	"RECEIVED: 64 myrights "Sent""
"IMAPD"	7212	14	"2026-07-16 17:16:11.847"	"10.0.0.128"	"SENT: * MYRIGHTS "Sent" lrswipkxtea[nl]64 OK Myrights complete"
"IMAPD"	7212	14	"2026-07-16 17:16:11.847"	"10.0.0.128"	"RECEIVED: 65 getacl "Sent""
"IMAPD"	7212	14	"2026-07-16 17:16:11.847"	"10.0.0.128"	"SENT: * ACL "Sent"[nl]65 OK GetAcl complete"
"IMAPD"	4812	14	"2026-07-16 17:16:11.847"	"10.0.0.128"	"RECEIVED: 66 getquotaroot "Sent""
"IMAPD"	4812	14	"2026-07-16 17:16:11.847"	"10.0.0.128"	"SENT: * QUOTAROOT "Sent" ""[nl]* QUOTA "" ()[nl]66 OK GETQUOTAROOT completed"
"IMAPD"	7108	14	"2026-07-16 17:16:11.847"	"10.0.0.128"	"RECEIVED: 67 UID fetch 1:* (FLAGS)"
"IMAPD"	7108	14	"2026-07-16 17:16:11.847"	"10.0.0.128"	"SENT: * 1 FETCH (UID 1 FLAGS (\Seen))"
"IMAPD"	7108	14	"2026-07-16 17:16:11.847"	"10.0.0.128"	"SENT: * 2 FETCH (UID 2 FLAGS (\Seen))"
"IMAPD"	7108	14	"2026-07-16 17:16:11.847"	"10.0.0.128"	"SENT: * 3 FETCH (UID 3 FLAGS (\Seen))"
"IMAPD"	7108	14	"2026-07-16 17:16:11.859"	"10.0.0.128"	"SENT: * 4 FETCH (UID 4 FLAGS (\Seen))"
"IMAPD"	7108	14	"2026-07-16 17:16:11.859"	"10.0.0.128"	"SENT: * 5 FETCH (UID 5 FLAGS (\Seen))"
"IMAPD"	7108	14	"2026-07-16 17:16:11.859"	"10.0.0.128"	"SENT: * 6 FETCH (UID 6 FLAGS (\Seen))"
"IMAPD"	7108	14	"2026-07-16 17:16:11.859"	"10.0.0.128"	"SENT: * 7 FETCH (UID 7 FLAGS (\Seen))"
"IMAPD"	7108	14	"2026-07-16 17:16:11.859"	"10.0.0.128"	"SENT: * 8 FETCH (UID 8 FLAGS (\Seen))"
"IMAPD"	7108	14	"2026-07-16 17:16:11.859"	"10.0.0.128"	"SENT: * 9 FETCH (UID 9 FLAGS (\Seen))"
"IMAPD"	7108	14	"2026-07-16 17:16:11.859"	"10.0.0.128"	"SENT: * 10 FETCH (UID 10 FLAGS (\Seen))"
"IMAPD"	7108	14	"2026-07-16 17:16:11.859"	"10.0.0.128"	"SENT: * 11 FETCH (UID 11 FLAGS (\Seen))"
"IMAPD"	7108	14	"2026-07-16 17:16:11.859"	"10.0.0.128"	"SENT: * 12 FETCH (UID 12 FLAGS (\Seen))"
"IMAPD"	7108	14	"2026-07-16 17:16:11.859"	"10.0.0.128"	"SENT: * 13 FETCH (UID 13 FLAGS (\Seen))"
"IMAPD"	7108	14	"2026-07-16 17:16:11.872"	"10.0.0.128"	"SENT: * 14 FETCH (UID 14 FLAGS (\Seen))"
"IMAPD"	7108	14	"2026-07-16 17:16:11.872"	"10.0.0.128"	"SENT: * 15 FETCH (UID 15 FLAGS (\Seen))"
"IMAPD"	7108	14	"2026-07-16 17:16:11.872"	"10.0.0.128"	"SENT: * 16 FETCH (UID 16 FLAGS (\Seen))"
"IMAPD"	7108	14	"2026-07-16 17:16:11.875"	"10.0.0.128"	"SENT: * 17 FETCH (UID 17 FLAGS (\Seen))"
"IMAPD"	7108	14	"2026-07-16 17:16:11.875"	"10.0.0.128"	"SENT: * 18 FETCH (UID 18 FLAGS (\Seen))"
"IMAPD"	7108	14	"2026-07-16 17:16:11.875"	"10.0.0.128"	"SENT: * 19 FETCH (UID 19 FLAGS (\Seen))"
"IMAPD"	7108	14	"2026-07-16 17:16:11.875"	"10.0.0.128"	"SENT: * 20 FETCH (UID 20 FLAGS (\Seen))"
"IMAPD"	7108	14	"2026-07-16 17:16:11.875"	"10.0.0.128"	"SENT: * 21 FETCH (UID 21 FLAGS (\Seen))"
"IMAPD"	7108	14	"2026-07-16 17:16:11.875"	"10.0.0.128"	"SENT: * 22 FETCH (UID 22 FLAGS (\Seen))"
"IMAPD"	7108	14	"2026-07-16 17:16:11.875"	"10.0.0.128"	"SENT: * 23 FETCH (UID 23 FLAGS (\Seen))"
"IMAPD"	7108	14	"2026-07-16 17:16:11.875"	"10.0.0.128"	"SENT: 67 OK UID completed"
"IMAPD"	7108	14	"2026-07-16 17:16:11.891"	"10.0.0.128"	"RECEIVED: 68 UID fetch 12:23 (UID RFC822.SIZE FLAGS BODY.PEEK[HEADER.FIELDS (From To Cc Bcc Subject Date Message-ID Priority X-Priority References Newsgroups In-Reply-To Content-Type Reply-To Received)])"
"IMAPD"	7108	14	"2026-07-16 17:16:11.923"	"10.0.0.128"	"SENT: * 12 FETCH (UID 12 RFC822.SIZE 754 FLAGS (\Seen) BODY[HEADER.FIELDS (From To Cc Bcc Subject Date Message-ID Priority X-Priority References Newsgroups In-Reply-To Content-Type Reply-To Received)] {255}"
"IMAPD"	7108	14	"2026-07-16 17:16:11.923"	"10.0.0.128"	"SENT: )"
"IMAPD"	7108	14	"2026-07-16 17:16:11.955"	"10.0.0.128"	"SENT: * 13 FETCH (UID 13 RFC822.SIZE 710 FLAGS (\Seen) BODY[HEADER.FIELDS (From To Cc Bcc Subject Date Message-ID Priority X-Priority References Newsgroups In-Reply-To Content-Type Reply-To Received)] {223}"
"IMAPD"	7108	14	"2026-07-16 17:16:11.955"	"10.0.0.128"	"SENT: )"
"IMAPD"	7108	14	"2026-07-16 17:16:11.991"	"10.0.0.128"	"SENT: * 14 FETCH (UID 14 RFC822.SIZE 693 FLAGS (\Seen) BODY[HEADER.FIELDS (From To Cc Bcc Subject Date Message-ID Priority X-Priority References Newsgroups In-Reply-To Content-Type Reply-To Received)] {206}"
"IMAPD"	7108	14	"2026-07-16 17:16:11.991"	"10.0.0.128"	"SENT: )"
"IMAPD"	7108	14	"2026-07-16 17:16:12.020"	"10.0.0.128"	"SENT: * 15 FETCH (UID 15 RFC822.SIZE 696 FLAGS (\Seen) BODY[HEADER.FIELDS (From To Cc Bcc Subject Date Message-ID Priority X-Priority References Newsgroups In-Reply-To Content-Type Reply-To Received)] {223}"
"IMAPD"	7108	14	"2026-07-16 17:16:12.020"	"10.0.0.128"	"SENT: )"
"IMAPD"	7108	14	"2026-07-16 17:16:12.051"	"10.0.0.128"	"SENT: * 16 FETCH (UID 16 RFC822.SIZE 320 FLAGS (\Seen) BODY[HEADER.FIELDS (From To Cc Bcc Subject Date Message-ID Priority X-Priority References Newsgroups In-Reply-To Content-Type Reply-To Received)] {205}"
"IMAPD"	7108	14	"2026-07-16 17:16:12.051"	"10.0.0.128"	"SENT: )"
"IMAPD"	7108	14	"2026-07-16 17:16:12.083"	"10.0.0.128"	"SENT: * 17 FETCH (UID 17 RFC822.SIZE 696 FLAGS (\Seen) BODY[HEADER.FIELDS (From To Cc Bcc Subject Date Message-ID Priority X-Priority References Newsgroups In-Reply-To Content-Type Reply-To Received)] {223}"
"IMAPD"	7108	14	"2026-07-16 17:16:12.083"	"10.0.0.128"	"SENT: )"
"IMAPD"	7108	14	"2026-07-16 17:16:12.100"	"10.0.0.128"	"SENT: * 18 FETCH (UID 18 RFC822.SIZE 320 FLAGS (\Seen) BODY[HEADER.FIELDS (From To Cc Bcc Subject Date Message-ID Priority X-Priority References Newsgroups In-Reply-To Content-Type Reply-To Received)] {205}"
"IMAPD"	7108	14	"2026-07-16 17:16:12.100"	"10.0.0.128"	"SENT: )"
"IMAPD"	7108	14	"2026-07-16 17:16:12.132"	"10.0.0.128"	"SENT: * 19 FETCH (UID 19 RFC822.SIZE 696 FLAGS (\Seen) BODY[HEADER.FIELDS (From To Cc Bcc Subject Date Message-ID Priority X-Priority References Newsgroups In-Reply-To Content-Type Reply-To Received)] {223}"
"IMAPD"	7108	14	"2026-07-16 17:16:12.132"	"10.0.0.128"	"SENT: )"
"IMAPD"	7108	14	"2026-07-16 17:16:12.196"	"10.0.0.128"	"SENT: * 20 FETCH (UID 20 RFC822.SIZE 678 FLAGS (\Seen) BODY[HEADER.FIELDS (From To Cc Bcc Subject Date Message-ID Priority X-Priority References Newsgroups In-Reply-To Content-Type Reply-To Received)] {205}"
"IMAPD"	7108	14	"2026-07-16 17:16:12.212"	"10.0.0.128"	"SENT: )"
"IMAPD"	7108	14	"2026-07-16 17:16:12.260"	"10.0.0.128"	"SENT: * 21 FETCH (UID 21 RFC822.SIZE 679 FLAGS (\Seen) BODY[HEADER.FIELDS (From To Cc Bcc Subject Date Message-ID Priority X-Priority References Newsgroups In-Reply-To Content-Type Reply-To Received)] {206}"
"IMAPD"	7108	14	"2026-07-16 17:16:12.260"	"10.0.0.128"	"SENT: )"
"IMAPD"	7108	14	"2026-07-16 17:16:12.278"	"10.0.0.128"	"SENT: * 22 FETCH (UID 22 RFC822.SIZE 679 FLAGS (\Seen) BODY[HEADER.FIELDS (From To Cc Bcc Subject Date Message-ID Priority X-Priority References Newsgroups In-Reply-To Content-Type Reply-To Received)] {205}"
"IMAPD"	7108	14	"2026-07-16 17:16:12.278"	"10.0.0.128"	"SENT: )"
"IMAPD"	7108	14	"2026-07-16 17:16:12.398"	"10.0.0.128"	"SENT: * 23 FETCH (UID 23 RFC822.SIZE 320 FLAGS (\Seen) BODY[HEADER.FIELDS (From To Cc Bcc Subject Date Message-ID Priority X-Priority References Newsgroups In-Reply-To Content-Type Reply-To Received)] {205}"
"IMAPD"	7108	14	"2026-07-16 17:16:12.398"	"10.0.0.128"	"SENT: )"
"IMAPD"	7108	14	"2026-07-16 17:16:12.405"	"10.0.0.128"	"SENT: 68 OK UID completed"
"IMAPD"	3032	14	"2026-07-16 17:16:12.540"	"10.0.0.128"	"RECEIVED: 69 noop"
"IMAPD"	3032	14	"2026-07-16 17:16:12.540"	"10.0.0.128"	"SENT: 69 OK NOOP completed"
"IMAPD"	3032	14	"2026-07-16 17:16:12.540"	"10.0.0.128"	"RECEIVED: 70 getquotaroot "Sent""
"IMAPD"	3032	14	"2026-07-16 17:16:12.540"	"10.0.0.128"	"SENT: * QUOTAROOT "Sent" ""[nl]* QUOTA "" ()[nl]70 OK GETQUOTAROOT completed"
"IMAPD"	6664	14	"2026-07-16 17:16:12.550"	"10.0.0.128"	"RECEIVED: 71 UID fetch 24:* (FLAGS)"
"IMAPD"	6664	14	"2026-07-16 17:16:12.550"	"10.0.0.128"	"SENT: 71 OK UID completed"
"IMAPD"	6664	12	"2026-07-16 17:16:12.729"	"10.0.0.128"	"RECEIVED: 88 STATUS "Junk" (UIDNEXT MESSAGES UNSEEN RECENT)"
"DEBUG"	6664	"2026-07-16 17:16:12.729"	"Reading messages from database."
"IMAPD"	6664	12	"2026-07-16 17:16:12.729"	"10.0.0.128"	"SENT: * STATUS "Junk" (MESSAGES 1 UNSEEN 0 RECENT 1 UIDNEXT 2)[nl]88 OK Status completed"
"DEBUG"	3092	"2026-07-16 17:16:12.729"	"Creating session 16"
"TCPIP"	3092	"2026-07-16 17:16:12.729"	"TCP - 10.0.0.128 connected to 10.0.0.128:143."
"DEBUG"	3092	"2026-07-16 17:16:12.729"	"TCP connection started for session 15"
"IMAPD"	3092	15	"2026-07-16 17:16:12.745"	"10.0.0.128"	"SENT: * OK IMAPrev1"
"IMAPD"	3092	15	"2026-07-16 17:16:12.745"	"10.0.0.128"	"RECEIVED: 7 capability"
"IMAPD"	3092	15	"2026-07-16 17:16:12.745"	"10.0.0.128"	"SENT: * CAPABILITY IMAP4 IMAP4rev1 CHILDREN IDLE QUOTA SORT ACL NAMESPACE RIGHTS=texk[nl]7 OK CAPABILITY completed"
"IMAPD"	3092	15	"2026-07-16 17:16:12.751"	"10.0.0.128"	"RECEIVED: 9 login "b@hi.xyz" ***"
"IMAPD"	3092	15	"2026-07-16 17:16:12.753"	"10.0.0.128"	"SENT: 9 OK LOGIN completed"
"IMAPD"	6404	15	"2026-07-16 17:16:12.761"	"10.0.0.128"	"RECEIVED: 10 capability"
"IMAPD"	6404	15	"2026-07-16 17:16:12.761"	"10.0.0.128"	"SENT: * CAPABILITY IMAP4 IMAP4rev1 CHILDREN IDLE QUOTA SORT ACL NAMESPACE RIGHTS=texk[nl]10 OK CAPABILITY completed"
"IMAPD"	7108	15	"2026-07-16 17:16:12.761"	"10.0.0.128"	"RECEIVED: 11 select "Junk""
"IMAPD"	7108	15	"2026-07-16 17:16:12.761"	"10.0.0.128"	"SENT: * 1 EXISTS[nl]* 1 RECENT[nl]* FLAGS (\Deleted \Seen \Draft \Answered \Flagged)[nl]* OK [UIDVALIDITY 1784115248] current uidvalidity[nl]* OK [UIDNEXT 2] next uid[nl]* OK [PERMANENTFLAGS (\Deleted \Seen \Draft \Answered \Flagged)] limited[nl]11 OK [READ-WRITE] SELECT completed"
"IMAPD"	6404	15	"2026-07-16 17:16:12.761"	"10.0.0.128"	"RECEIVED: 12 myrights "Junk""
"IMAPD"	6404	15	"2026-07-16 17:16:12.761"	"10.0.0.128"	"SENT: * MYRIGHTS "Junk" lrswipkxtea[nl]12 OK Myrights complete"
"IMAPD"	6664	15	"2026-07-16 17:16:12.761"	"10.0.0.128"	"RECEIVED: 13 getacl "Junk""
"IMAPD"	6664	15	"2026-07-16 17:16:12.778"	"10.0.0.128"	"SENT: * ACL "Junk"[nl]13 OK GetAcl complete"
"IMAPD"	7108	15	"2026-07-16 17:16:12.778"	"10.0.0.128"	"RECEIVED: 14 getquotaroot "Junk""
"IMAPD"	7108	15	"2026-07-16 17:16:12.778"	"10.0.0.128"	"SENT: * QUOTAROOT "Junk" ""[nl]* QUOTA "" ()[nl]14 OK GETQUOTAROOT completed"
"IMAPD"	6404	15	"2026-07-16 17:16:12.781"	"10.0.0.128"	"RECEIVED: 15 UID fetch 1:* (FLAGS)"
"IMAPD"	6404	15	"2026-07-16 17:16:12.781"	"10.0.0.128"	"SENT: * 1 FETCH (UID 1 FLAGS (\Seen))"
"IMAPD"	6404	15	"2026-07-16 17:16:12.781"	"10.0.0.128"	"SENT: 15 OK UID completed"
"IMAPD"	6664	12	"2026-07-16 17:16:13.461"	"10.0.0.128"	"RECEIVED: 89 STATUS "Sent" (UIDNEXT MESSAGES UNSEEN RECENT)"
"DEBUG"	6664	"2026-07-16 17:16:13.465"	"Reading messages from database."
"IMAPD"	6664	12	"2026-07-16 17:16:13.491"	"10.0.0.128"	"SENT: * STATUS "Sent" (MESSAGES 17 UNSEEN 0 RECENT 17 UIDNEXT 18)[nl]89 OK Status completed"
"DEBUG"	3092	"2026-07-16 17:16:13.519"	"Creating session 17"
"TCPIP"	3092	"2026-07-16 17:16:13.519"	"TCP - 10.0.0.128 connected to 10.0.0.128:143."
"DEBUG"	3092	"2026-07-16 17:16:13.538"	"TCP connection started for session 16"
"IMAPD"	3092	16	"2026-07-16 17:16:13.538"	"10.0.0.128"	"SENT: * OK IMAPrev1"
"IMAPD"	6404	16	"2026-07-16 17:16:13.552"	"10.0.0.128"	"RECEIVED: 64 capability"
"IMAPD"	6404	16	"2026-07-16 17:16:13.552"	"10.0.0.128"	"SENT: * CAPABILITY IMAP4 IMAP4rev1 CHILDREN IDLE QUOTA SORT ACL NAMESPACE RIGHTS=texk[nl]64 OK CAPABILITY completed"
"IMAPD"	7108	16	"2026-07-16 17:16:13.654"	"10.0.0.128"	"RECEIVED: 66 login "b@hi.xyz" ***"
"IMAPD"	7108	16	"2026-07-16 17:16:13.659"	"10.0.0.128"	"SENT: 66 OK LOGIN completed"
"IMAPD"	7108	16	"2026-07-16 17:16:13.659"	"10.0.0.128"	"RECEIVED: 67 capability"
"IMAPD"	7108	16	"2026-07-16 17:16:13.664"	"10.0.0.128"	"SENT: * CAPABILITY IMAP4 IMAP4rev1 CHILDREN IDLE QUOTA SORT ACL NAMESPACE RIGHTS=texk[nl]67 OK CAPABILITY completed"
"IMAPD"	6404	16	"2026-07-16 17:16:13.664"	"10.0.0.128"	"RECEIVED: 68 select "Sent""
"IMAPD"	6404	16	"2026-07-16 17:16:13.664"	"10.0.0.128"	"SENT: * 17 EXISTS[nl]* 17 RECENT[nl]* FLAGS (\Deleted \Seen \Draft \Answered \Flagged)[nl]* OK [UIDVALIDITY 1783950268] current uidvalidity[nl]* OK [UIDNEXT 18] next uid[nl]* OK [PERMANENTFLAGS (\Deleted \Seen \Draft \Answered \Flagged)] limited[nl]68 OK [READ-WRITE] SELECT completed"
"IMAPD"	3092	16	"2026-07-16 17:16:13.664"	"10.0.0.128"	"RECEIVED: 69 myrights "Sent""
"IMAPD"	3092	16	"2026-07-16 17:16:13.664"	"10.0.0.128"	"SENT: * MYRIGHTS "Sent" lrswipkxtea[nl]69 OK Myrights complete"
"IMAPD"	6404	16	"2026-07-16 17:16:13.664"	"10.0.0.128"	"RECEIVED: 70 getacl "Sent""
"IMAPD"	6404	16	"2026-07-16 17:16:13.664"	"10.0.0.128"	"SENT: * ACL "Sent"[nl]70 OK GetAcl complete"
"IMAPD"	3092	16	"2026-07-16 17:16:13.664"	"10.0.0.128"	"RECEIVED: 71 getquotaroot "Sent""
"IMAPD"	3092	16	"2026-07-16 17:16:13.680"	"10.0.0.128"	"SENT: * QUOTAROOT "Sent" ""[nl]* QUOTA "" ()[nl]71 OK GETQUOTAROOT completed"
"IMAPD"	6664	16	"2026-07-16 17:16:13.680"	"10.0.0.128"	"RECEIVED: 72 UID fetch 1:* (FLAGS)"
"IMAPD"	6664	16	"2026-07-16 17:16:13.680"	"10.0.0.128"	"SENT: * 1 FETCH (UID 1 FLAGS (\Seen))"
"IMAPD"	6664	16	"2026-07-16 17:16:13.680"	"10.0.0.128"	"SENT: * 2 FETCH (UID 2 FLAGS (\Seen))"
"IMAPD"	6664	16	"2026-07-16 17:16:13.680"	"10.0.0.128"	"SENT: * 3 FETCH (UID 3 FLAGS (\Seen))"
"IMAPD"	6664	16	"2026-07-16 17:16:13.680"	"10.0.0.128"	"SENT: * 4 FETCH (UID 4 FLAGS (\Seen))"
"IMAPD"	6664	16	"2026-07-16 17:16:13.680"	"10.0.0.128"	"SENT: * 5 FETCH (UID 5 FLAGS (\Seen))"
"IMAPD"	6664	16	"2026-07-16 17:16:13.680"	"10.0.0.128"	"SENT: * 6 FETCH (UID 6 FLAGS (\Seen))"
"IMAPD"	6664	16	"2026-07-16 17:16:13.680"	"10.0.0.128"	"SENT: * 7 FETCH (UID 7 FLAGS (\Seen))"
"IMAPD"	6664	16	"2026-07-16 17:16:13.680"	"10.0.0.128"	"SENT: * 8 FETCH (UID 8 FLAGS (\Seen))"
"IMAPD"	6664	16	"2026-07-16 17:16:13.689"	"10.0.0.128"	"SENT: * 9 FETCH (UID 9 FLAGS (\Seen))"
"IMAPD"	6664	16	"2026-07-16 17:16:13.689"	"10.0.0.128"	"SENT: * 10 FETCH (UID 10 FLAGS (\Seen))"
"IMAPD"	6664	16	"2026-07-16 17:16:13.692"	"10.0.0.128"	"SENT: * 11 FETCH (UID 11 FLAGS (\Seen))"
"IMAPD"	6664	16	"2026-07-16 17:16:13.692"	"10.0.0.128"	"SENT: * 12 FETCH (UID 12 FLAGS (\Seen))"
"IMAPD"	6664	16	"2026-07-16 17:16:13.692"	"10.0.0.128"	"SENT: * 13 FETCH (UID 13 FLAGS (\Seen))"
"IMAPD"	6664	16	"2026-07-16 17:16:13.696"	"10.0.0.128"	"SENT: * 14 FETCH (UID 14 FLAGS (\Seen))"
"IMAPD"	6664	16	"2026-07-16 17:16:13.696"	"10.0.0.128"	"SENT: * 15 FETCH (UID 15 FLAGS (\Seen))"
"IMAPD"	6664	16	"2026-07-16 17:16:13.696"	"10.0.0.128"	"SENT: * 16 FETCH (UID 16 FLAGS (\Seen))"
"IMAPD"	6664	16	"2026-07-16 17:16:13.696"	"10.0.0.128"	"SENT: * 17 FETCH (UID 17 FLAGS (\Seen))"
"IMAPD"	6664	16	"2026-07-16 17:16:13.696"	"10.0.0.128"	"SENT: 72 OK UID completed"
"IMAPD"	7108	16	"2026-07-16 17:16:13.696"	"10.0.0.128"	"RECEIVED: 73 UID fetch 13:17 (UID RFC822.SIZE FLAGS BODY.PEEK[HEADER.FIELDS (From To Cc Bcc Subject Date Message-ID Priority X-Priority References Newsgroups In-Reply-To Content-Type Reply-To Received)])"
"IMAPD"	7108	16	"2026-07-16 17:16:13.727"	"10.0.0.128"	"SENT: * 13 FETCH (UID 13 RFC822.SIZE 710 FLAGS (\Seen) BODY[HEADER.FIELDS (From To Cc Bcc Subject Date Message-ID Priority X-Priority References Newsgroups In-Reply-To Content-Type Reply-To Received)] {223}"
"IMAPD"	7108	16	"2026-07-16 17:16:13.729"	"10.0.0.128"	"SENT: )"
"IMAPD"	7108	16	"2026-07-16 17:16:13.756"	"10.0.0.128"	"SENT: * 14 FETCH (UID 14 RFC822.SIZE 320 FLAGS (\Seen) BODY[HEADER.FIELDS (From To Cc Bcc Subject Date Message-ID Priority X-Priority References Newsgroups In-Reply-To Content-Type Reply-To Received)] {205}"
"IMAPD"	7108	16	"2026-07-16 17:16:13.758"	"10.0.0.128"	"SENT: )"
"IMAPD"	7108	16	"2026-07-16 17:16:13.794"	"10.0.0.128"	"SENT: * 15 FETCH (UID 15 RFC822.SIZE 678 FLAGS (\Seen) BODY[HEADER.FIELDS (From To Cc Bcc Subject Date Message-ID Priority X-Priority References Newsgroups In-Reply-To Content-Type Reply-To Received)] {205}"
"IMAPD"	7108	16	"2026-07-16 17:16:13.794"	"10.0.0.128"	"SENT: )"
"IMAPD"	7108	16	"2026-07-16 17:16:13.810"	"10.0.0.128"	"SENT: * 16 FETCH (UID 16 RFC822.SIZE 320 FLAGS (\Seen) BODY[HEADER.FIELDS (From To Cc Bcc Subject Date Message-ID Priority X-Priority References Newsgroups In-Reply-To Content-Type Reply-To Received)] {205}"
"IMAPD"	7108	16	"2026-07-16 17:16:13.810"	"10.0.0.128"	"SENT: )"
"IMAPD"	7108	16	"2026-07-16 17:16:13.843"	"10.0.0.128"	"SENT: * 17 FETCH (UID 17 RFC822.SIZE 680 FLAGS (\Seen) BODY[HEADER.FIELDS (From To Cc Bcc Subject Date Message-ID Priority X-Priority References Newsgroups In-Reply-To Content-Type Reply-To Received)] {207}"
"IMAPD"	7108	16	"2026-07-16 17:16:13.843"	"10.0.0.128"	"SENT: )"
"IMAPD"	7108	16	"2026-07-16 17:16:13.843"	"10.0.0.128"	"SENT: 73 OK UID completed"
"IMAPD"	7108	16	"2026-07-16 17:16:13.860"	"10.0.0.128"	"RECEIVED: 74 noop"
"IMAPD"	7108	16	"2026-07-16 17:16:13.860"	"10.0.0.128"	"SENT: 74 OK NOOP completed"
"IMAPD"	7108	16	"2026-07-16 17:16:13.876"	"10.0.0.128"	"RECEIVED: 75 getquotaroot "Sent""
"IMAPD"	7108	16	"2026-07-16 17:16:13.876"	"10.0.0.128"	"SENT: * QUOTAROOT "Sent" ""[nl]* QUOTA "" ()[nl]75 OK GETQUOTAROOT completed"
"IMAPD"	6664	16	"2026-07-16 17:16:13.876"	"10.0.0.128"	"RECEIVED: 76 UID fetch 18:* (FLAGS)"
"IMAPD"	6664	16	"2026-07-16 17:16:13.876"	"10.0.0.128"	"SENT: 76 OK UID completed"
"IMAPD"	6404	14	"2026-07-16 17:16:14.559"	"10.0.0.128"	"RECEIVED: 72 IDLE"
"IMAPD"	6404	14	"2026-07-16 17:16:14.561"	"10.0.0.128"	"SENT: + idling"
"IMAPD"	6664	15	"2026-07-16 17:16:14.800"	"10.0.0.128"	"RECEIVED: 16 IDLE"
"IMAPD"	6664	15	"2026-07-16 17:16:14.800"	"10.0.0.128"	"SENT: + idling"
"IMAPD"	7108	16	"2026-07-16 17:16:15.891"	"10.0.0.128"	"RECEIVED: 77 IDLE"
"IMAPD"	7108	16	"2026-07-16 17:16:15.891"	"10.0.0.128"	"SENT: + idling"
"DEBUG"	4900	"2026-07-16 17:16:43.520"	"Creating session 18"
"TCPIP"	4900	"2026-07-16 17:16:43.535"	"TCP - 10.0.0.128 connected to 10.0.0.128:587."
"DEBUG"	4900	"2026-07-16 17:16:43.537"	"TCP connection started for session 10"
"SMTPD"	4900	10	"2026-07-16 17:16:43.537"	"10.0.0.128"	"SENT: 220 WIN-2F1VNVRVM11 ESMTP"
"SMTPD"	6664	10	"2026-07-16 17:16:43.570"	"10.0.0.128"	"RECEIVED: EHLO [10.0.0.128]"
"SMTPD"	6664	10	"2026-07-16 17:16:43.570"	"10.0.0.128"	"SENT: 250-WIN-2F1VNVRVM11[nl]250-SIZE 20480000[nl]250-AUTH LOGIN[nl]250 HELP"
"SMTPD"	6664	10	"2026-07-16 17:16:43.667"	"10.0.0.128"	"RECEIVED: AUTH LOGIN"
"SMTPD"	6664	10	"2026-07-16 17:16:43.684"	"10.0.0.128"	"SENT: 334 VXNlcm5hbWU6"
"SMTPD"	3092	10	"2026-07-16 17:16:43.684"	"10.0.0.128"	"RECEIVED: YkBoaS54eXo="
"SMTPD"	3092	10	"2026-07-16 17:16:43.684"	"10.0.0.128"	"SENT: 334 UGFzc3dvcmQ6"
"SMTPD"	6664	10	"2026-07-16 17:16:46.242"	"10.0.0.128"	"RECEIVED: ***"
"SMTPD"	6664	10	"2026-07-16 17:16:46.258"	"10.0.0.128"	"SENT: 235 authenticated."
"SMTPD"	4900	10	"2026-07-16 17:16:46.275"	"10.0.0.128"	"RECEIVED: MAIL FROM:<a@hi.xyz> SIZE=726"
"SMTPD"	4900	10	"2026-07-16 17:16:46.275"	"10.0.0.128"	"SENT: 250 OK"
"SMTPD"	6664	10	"2026-07-16 17:16:46.275"	"10.0.0.128"	"RECEIVED: RCPT TO:<b@hi.xyz>"
"SMTPD"	6664	10	"2026-07-16 17:16:46.275"	"10.0.0.128"	"SENT: 250 OK"
"SMTPD"	3092	10	"2026-07-16 17:16:46.290"	"10.0.0.128"	"RECEIVED: DATA"
"SMTPD"	3092	10	"2026-07-16 17:16:46.290"	"10.0.0.128"	"SENT: 354 OK, send."
"DEBUG"	7108	"2026-07-16 17:16:46.306"	"Adding task AsynchronousTask to work queue Asynchronous task queue"
"DEBUG"	6468	"2026-07-16 17:16:46.306"	"Executing task AsynchronousTask in work queue Asynchronous task queue"
"DEBUG"	6468	"2026-07-16 17:16:46.325"	"Executing event OnAcceptMessage"
"DEBUG"	6468	"2026-07-16 17:16:46.434"	"Event completed"
"DEBUG"	6468	"2026-07-16 17:16:46.434"	"Saving message: {1DD110A9-57F6-40CF-93F7-F84B24754144}.eml"
"DEBUG"	6468	"2026-07-16 17:16:46.450"	"Requesting SMTPDeliveryManager to start message delivery"
"SMTPD"	6468	10	"2026-07-16 17:16:46.455"	"10.0.0.128"	"SENT: 250 Queued (0.031 seconds)"
"DEBUG"	7748	"2026-07-16 17:16:46.459"	"Adding task DeliveryTask to work queue SMTP delivery queue"
"IMAPD"	4900	14	"2026-07-16 17:16:46.459"	"10.0.0.128"	"RECEIVED: DONE"
"IMAPD"	4900	14	"2026-07-16 17:16:46.466"	"10.0.0.128"	"SENT: 72 OK IDLE terminated"
"DEBUG"	5056	"2026-07-16 17:16:46.466"	"Executing task DeliveryTask in work queue SMTP delivery queue"
"DEBUG"	5056	"2026-07-16 17:16:46.483"	"Delivering message..."
"APPLICATION"	5056	"2026-07-16 17:16:46.483"	"SMTPDeliverer - Message 87: Delivering message from a@hi.xyz to b@hi.xyz. File: C:\Program Files (x86)\hMailServer\Data\{1DD110A9-57F6-40CF-93F7-F84B24754144}.eml"
"DEBUG"	5056	"2026-07-16 17:16:46.514"	"Applying rules"
"DEBUG"	5056	"2026-07-16 17:16:46.514"	"Applying rule Phishing Filter"
"DEBUG"	5056	"2026-07-16 17:16:46.514"	"Performing rule action"
"DEBUG"	5056	"2026-07-16 17:16:46.546"	"Performing rule action"
"DEBUG"	5056	"2026-07-16 17:16:46.546"	"Performing local delivery"
"DEBUG"	5056	"2026-07-16 17:16:46.562"	"Applying rules"
"DEBUG"	5056	"2026-07-16 17:16:46.594"	"Saving message: {1DD110A9-57F6-40CF-93F7-F84B24754144}.eml"
"DEBUG"	5056	"2026-07-16 17:16:46.610"	"Reading messages from database."
"IMAPD"	4900	14	"2026-07-16 17:16:46.625"	"10.0.0.128"	"RECEIVED: 73 append "Sent" (\Seen) {726}"
"IMAPD"	4900	14	"2026-07-16 17:16:46.641"	"10.0.0.128"	"SENT: + Ready for literal data"
"IMAPD"	5056	13	"2026-07-16 17:16:46.641"	"10.0.0.128"	"SENT: * 20 EXISTS"
"IMAPD"	5056	13	"2026-07-16 17:16:46.641"	"10.0.0.128"	"SENT: * 1 RECENT"
"IMAPD"	6664	13	"2026-07-16 17:16:46.641"	"10.0.0.128"	"RECEIVED: DONE"
"IMAPD"	6664	13	"2026-07-16 17:16:46.652"	"10.0.0.128"	"SENT: 92 OK IDLE terminated"
"IMAPD"	6404	13	"2026-07-16 17:16:46.652"	"10.0.0.128"	"RECEIVED: 93 noop"
"IMAPD"	6404	13	"2026-07-16 17:16:46.656"	"10.0.0.128"	"SENT: 93 OK NOOP completed"
"DEBUG"	5056	"2026-07-16 17:16:46.656"	"Local delivery completed"
"IMAPD"	4900	13	"2026-07-16 17:16:46.656"	"10.0.0.128"	"RECEIVED: 94 getquotaroot "INBOX""
"IMAPD"	4900	13	"2026-07-16 17:16:46.656"	"10.0.0.128"	"SENT: * QUOTAROOT "INBOX" ""[nl]* QUOTA "" ()[nl]94 OK GETQUOTAROOT completed"
"APPLICATION"	5056	"2026-07-16 17:16:46.656"	"SMTPDeliverer - Message 87: Message delivery thread completed."
"IMAPD"	6664	13	"2026-07-16 17:16:46.656"	"10.0.0.128"	"RECEIVED: 95 UID fetch 24:* (FLAGS)"
"DEBUG"	3032	"2026-07-16 17:16:46.656"	"Saving message: {D1D02FA3-F0CB-4887-A430-428ACEE1DCB8}.eml"
"IMAPD"	6664	13	"2026-07-16 17:16:46.656"	"10.0.0.128"	"SENT: * 20 FETCH (UID 24 FLAGS ())"
"IMAPD"	6664	13	"2026-07-16 17:16:46.668"	"10.0.0.128"	"SENT: 95 OK UID completed"
"IMAPD"	6404	13	"2026-07-16 17:16:46.673"	"10.0.0.128"	"RECEIVED: 96 UID fetch 24 (UID RFC822.SIZE FLAGS BODY.PEEK[HEADER.FIELDS (From To Cc Bcc Subject Date Message-ID Priority X-Priority References Newsgroups In-Reply-To Content-Type Reply-To Received)])"
"DEBUG"	3032	"2026-07-16 17:16:46.673"	"Reading messages from database."
"IMAPD"	3032	14	"2026-07-16 17:16:46.673"	"10.0.0.128"	"SENT: * 24 EXISTS[nl]* 24 RECENT[nl]73 OK APPEND completed"
"IMAPD"	6404	13	"2026-07-16 17:16:46.705"	"10.0.0.128"	"SENT: * 20 FETCH (UID 24 RFC822.SIZE 888 FLAGS () BODY[HEADER.FIELDS (From To Cc Bcc Subject Date Message-ID Priority X-Priority References Newsgroups In-Reply-To Content-Type Reply-To Received)] {380}"
"IMAPD"	6404	13	"2026-07-16 17:16:46.705"	"10.0.0.128"	"SENT: )"
"IMAPD"	6404	13	"2026-07-16 17:16:46.705"	"10.0.0.128"	"SENT: 96 OK UID completed"
"IMAPD"	7108	13	"2026-07-16 17:16:46.816"	"10.0.0.128"	"RECEIVED: 97 UID fetch 24 (UID RFC822.SIZE BODY.PEEK[])"
"IMAPD"	7108	13	"2026-07-16 17:16:46.816"	"10.0.0.128"	"SENT: * 20 FETCH (UID 24 RFC822.SIZE 888 BODY[] {911}"
"IMAPD"	7108	13	"2026-07-16 17:16:46.834"	"10.0.0.128"	"SENT: )"
"IMAPD"	7108	13	"2026-07-16 17:16:46.834"	"10.0.0.128"	"SENT: 97 OK UID completed"
"IMAPD"	5060	13	"2026-07-16 17:16:46.849"	"10.0.0.128"	"RECEIVED: 98 UID fetch 24 (UID BODY.PEEK[HEADER.FIELDS (Content-Type Content-Transfer-Encoding)] BODY.PEEK[TEXT]<0.2048>)"
"IMAPD"	5060	13	"2026-07-16 17:16:46.858"	"10.0.0.128"	"SENT: * 20 FETCH (UID 24 BODY[HEADER.FIELDS (Content-Type Content-Transfer-Encoding)] {91}"
"IMAPD"	5060	13	"2026-07-16 17:16:46.871"	"10.0.0.128"	"SENT:  BODY[TEXT]<0> {364}"
"IMAPD"	5060	13	"2026-07-16 17:16:46.871"	"10.0.0.128"	"SENT: )"
"IMAPD"	5060	13	"2026-07-16 17:16:46.871"	"10.0.0.128"	"SENT: 98 OK UID completed"
"IMAPD"	5060	14	"2026-07-16 17:16:48.704"	"10.0.0.128"	"RECEIVED: 74 IDLE"
"IMAPD"	5060	14	"2026-07-16 17:16:48.704"	"10.0.0.128"	"SENT: + idling"
"IMAPD"	5060	13	"2026-07-16 17:16:48.898"	"10.0.0.128"	"RECEIVED: 99 IDLE"
"IMAPD"	5060	13	"2026-07-16 17:16:48.903"	"10.0.0.128"	"SENT: + idling"
"SMTPD"	5060	10	"2026-07-16 17:16:51.555"	"10.0.0.128"	"RECEIVED: QUIT"
"SMTPD"	5060	10	"2026-07-16 17:16:51.571"	"10.0.0.128"	"SENT: 221 goodbye"
"DEBUG"	3092	"2026-07-16 17:16:51.571"	"Ending session 10"
"IMAPD"	3032	16	"2026-07-16 17:16:56.018"	"10.0.0.128"	"RECEIVED: DONE"
"IMAPD"	3032	16	"2026-07-16 17:16:56.018"	"10.0.0.128"	"SENT: 77 OK IDLE terminated"
"IMAPD"	5060	15	"2026-07-16 17:16:56.018"	"10.0.0.128"	"RECEIVED: DONE"
"IMAPD"	5060	15	"2026-07-16 17:16:56.026"	"10.0.0.128"	"SENT: 16 OK IDLE terminated"
"IMAPD"	3032	13	"2026-07-16 17:16:56.026"	"10.0.0.128"	"RECEIVED: DONE"
"IMAPD"	5060	8	"2026-07-16 17:16:56.026"	"10.0.0.128"	"RECEIVED: 42 logout"
"IMAPD"	3032	13	"2026-07-16 17:16:56.026"	"10.0.0.128"	"SENT: 99 OK IDLE terminated"
"IMAPD"	5060	8	"2026-07-16 17:16:56.026"	"10.0.0.128"	"SENT: * BYE Have a nice day[nl]42 OK Logout completed"
"DEBUG"	3032	"2026-07-16 17:16:56.026"	"Ending session 8"
"IMAPD"	1788	12	"2026-07-16 17:16:56.026"	"10.0.0.128"	"RECEIVED: 90 logout"
"IMAPD"	1788	12	"2026-07-16 17:16:56.026"	"10.0.0.128"	"SENT: * BYE Have a nice day[nl]90 OK Logout completed"
"DEBUG"	5060	"2026-07-16 17:16:56.026"	"Ending session 12"
"IMAPD"	5060	14	"2026-07-16 17:16:56.026"	"10.0.0.128"	"RECEIVED: DONE"
"IMAPD"	1788	11	"2026-07-16 17:16:56.026"	"10.0.0.128"	"RECEIVED: DONE"
"IMAPD"	3032	13	"2026-07-16 17:16:56.026"	"10.0.0.128"	"RECEIVED: 100 close"
"IMAPD"	3032	13	"2026-07-16 17:16:56.026"	"10.0.0.128"	"SENT: 100 OK CLOSE completed"
"IMAPD"	7212	16	"2026-07-16 17:16:56.026"	"10.0.0.128"	"RECEIVED: 78 close"
"IMAPD"	7108	15	"2026-07-16 17:16:56.026"	"10.0.0.128"	"RECEIVED: 17 close"
"IMAPD"	5060	14	"2026-07-16 17:16:56.026"	"10.0.0.128"	"SENT: 74 OK IDLE terminated"
"IMAPD"	1788	11	"2026-07-16 17:16:56.026"	"10.0.0.128"	"SENT: 44 OK IDLE terminated"
"IMAPD"	7212	16	"2026-07-16 17:16:56.042"	"10.0.0.128"	"SENT: 78 OK CLOSE completed"
"IMAPD"	4900	13	"2026-07-16 17:16:56.042"	"10.0.0.128"	"RECEIVED: 101 logout"
"IMAPD"	7108	15	"2026-07-16 17:16:56.042"	"10.0.0.128"	"SENT: 17 OK CLOSE completed"
"IMAPD"	1788	14	"2026-07-16 17:16:56.042"	"10.0.0.128"	"RECEIVED: 75 close"
"IMAPD"	4900	13	"2026-07-16 17:16:56.058"	"10.0.0.128"	"SENT: * BYE Have a nice day[nl]101 OK Logout completed"
"IMAPD"	1788	14	"2026-07-16 17:16:56.058"	"10.0.0.128"	"SENT: 75 OK CLOSE completed"
"IMAPD"	1788	14	"2026-07-16 17:16:56.058"	"10.0.0.128"	"RECEIVED: 76 logout"
"IMAPD"	1788	14	"2026-07-16 17:16:56.058"	"10.0.0.128"	"SENT: * BYE Have a nice day[nl]76 OK Logout completed"
"DEBUG"	7108	"2026-07-16 17:16:56.058"	"Ending session 14"
"IMAPD"	5060	11	"2026-07-16 17:16:56.121"	"10.0.0.128"	"RECEIVED: 45 close"
"IMAPD"	1788	15	"2026-07-16 17:16:56.138"	"10.0.0.128"	"RECEIVED: 18 logout"
"DEBUG"	6664	"2026-07-16 17:16:56.138"	"Ending session 13"
"IMAPD"	1788	15	"2026-07-16 17:16:56.169"	"10.0.0.128"	"SENT: * BYE Have a nice day[nl]18 OK Logout completed"
"IMAPD"	5060	11	"2026-07-16 17:16:56.169"	"10.0.0.128"	"SENT: 45 OK CLOSE completed"
"IMAPD"	3032	16	"2026-07-16 17:16:56.169"	"10.0.0.128"	"RECEIVED: 79 logout"
"IMAPD"	3032	16	"2026-07-16 17:16:56.169"	"10.0.0.128"	"SENT: * BYE Have a nice day[nl]79 OK Logout completed"
"DEBUG"	5060	"2026-07-16 17:16:56.185"	"Ending session 16"
"DEBUG"	6404	"2026-07-16 17:16:56.188"	"Ending session 15"
"DEBUG"	1788	"2026-07-16 17:16:56.188"	"The read operation failed. Bytes transferred: 0 Remote IP: 10.0.0.128, Session: 11, Code: 10053, Message: 현재 연결은 사용자의 호스트 시스템의 소프트웨어의 의해 중단되었습니다"
